market_id,metric,month,value
394347,days_to_pending,2021-09-30,7.0
394347,days_to_pending,2021-10-31,8.0
394347,days_to_pending,2021-11-30,8.0
394347,days_to_pending,2021-12-31,9.0
394347,days_to_pending,2022-01-31,9.0
394347,days_to_pending,2022-02-28,8.0
394347,days_to_pending,2022-03-31,7.0
394347,days_to_pending,2022-04-30,6.0
394347,days_to_pending,2022-05-31,6.0
394347,days_to_pending,2022-06-30,7.0
394347,days_to_pending,2022-07-31,9.0
394347,days_to_pending,2022-08-31,11.0
394347,days_to_pending,2022-09-30,14.0
394347,days_to_pending,2022-10-31,17.0
394347,days_to_pending,2022-11-30,21.0
394347,days_to_pending,2022-12-31,27.0
394347,days_to_pending,2023-01-31,33.0
394347,days_to_pending,2023-02-28,31.0
394347,days_to_pending,2023-03-31,23.0
394347,days_to_pending,2023-04-30,15.0
394347,days_to_pending,2023-05-31,12.0
394347,days_to_pending,2023-06-30,12.0
394347,days_to_pending,2023-07-31,13.0
394347,days_to_pending,2023-08-31,15.0
394347,days_to_pending,2023-09-30,16.0
394347,days_to_pending,2023-10-31,18.0
394347,days_to_pending,2023-11-30,22.0
394347,days_to_pending,2023-12-31,27.0
394347,days_to_pending,2024-01-31,31.0
394347,days_to_pending,2024-02-29,30.0
394347,days_to_pending,2024-03-31,24.0
394347,days_to_pending,2024-04-30,19.0
394347,days_to_pending,2024-05-31,18.0
394347,days_to_pending,2024-06-30,20.0
394347,days_to_pending,2024-07-31,22.0
394347,days_to_pending,2024-08-31,26.0
394347,days_to_pending,2024-09-30,29.0
394347,days_to_pending,2024-10-31,32.0
394347,days_to_pending,2024-11-30,36.0
394347,days_to_pending,2024-12-31,43.0
394347,days_to_pending,2025-01-31,50.0
394347,days_to_pending,2025-02-28,48.0
394347,days_to_pending,2025-03-31,40.0
394347,days_to_pending,2025-04-30,31.0
394347,days_to_pending,2025-05-31,29.0
394347,days_to_pending,2025-06-30,32.0
394347,days_to_pending,2025-07-31,36.0
394347,days_to_pending,2025-08-31,41.0
394347,days_to_pending,2025-09-30,45.0
394347,days_to_pending,2025-10-31,48.0
394347,days_to_pending,2025-11-30,50.0
394347,days_to_pending,2025-12-31,55.0
394347,days_to_pending,2026-01-31,61.0
394347,days_to_pending,2026-02-28,59.0
394347,days_to_pending,2026-03-31,49.0
394347,days_to_pending,2026-04-30,37.0
394347,days_to_pending,2026-05-31,33.0
394347,days_to_pending,2026-06-30,35.0
394347,days_to_pending,2026-07-31,37.0
394347,days_to_pending,2026-08-31,42.0
394404,days_to_pending,2021-09-30,8.0
394404,days_to_pending,2021-10-31,8.0
394404,days_to_pending,2021-11-30,8.0
394404,days_to_pending,2021-12-31,9.0
394404,days_to_pending,2022-01-31,9.0
394404,days_to_pending,2022-02-28,8.0
394404,days_to_pending,2022-03-31,7.0
394404,days_to_pending,2022-04-30,6.0
394404,days_to_pending,2022-05-31,6.0
394404,days_to_pending,2022-06-30,8.0
394404,days_to_pending,2022-07-31,9.0
394404,days_to_pending,2022-08-31,11.0
394404,days_to_pending,2022-09-30,10.0
394404,days_to_pending,2022-10-31,10.0
394404,days_to_pending,2022-11-30,11.0
394404,days_to_pending,2022-12-31,15.0
394404,days_to_pending,2023-01-31,16.0
394404,days_to_pending,2023-02-28,15.0
394404,days_to_pending,2023-03-31,10.0
394404,days_to_pending,2023-04-30,8.0
394404,days_to_pending,2023-05-31,7.0
394404,days_to_pending,2023-06-30,7.0
394404,days_to_pending,2023-07-31,7.0
394404,days_to_pending,2023-08-31,8.0
394404,days_to_pending,2023-09-30,8.0
394404,days_to_pending,2023-10-31,8.0
394404,days_to_pending,2023-11-30,9.0
394404,days_to_pending,2023-12-31,11.0
394404,days_to_pending,2024-01-31,12.0
394404,days_to_pending,2024-02-29,11.0
394404,days_to_pending,2024-03-31,8.0
394404,days_to_pending,2024-04-30,7.0
394404,days_to_pending,2024-05-31,7.0
394404,days_to_pending,2024-06-30,8.0
394404,days_to_pending,2024-07-31,8.0
394404,days_to_pending,2024-08-31,9.0
394404,days_to_pending,2024-09-30,9.0
394404,days_to_pending,2024-10-31,10.0
394404,days_to_pending,2024-11-30,11.0
394404,days_to_pending,2024-12-31,15.0
394404,days_to_pending,2025-01-31,15.0
394404,days_to_pending,2025-02-28,13.0
394404,days_to_pending,2025-03-31,8.0
394404,days_to_pending,2025-04-30,7.0
394404,days_to_pending,2025-05-31,7.0
394404,days_to_pending,2025-06-30,8.0
394404,days_to_pending,2025-07-31,10.0
394404,days_to_pending,2025-08-31,14.0
394404,days_to_pending,2025-09-30,15.0
394404,days_to_pending,2025-10-31,16.0
394404,days_to_pending,2025-11-30,15.0
394404,days_to_pending,2025-12-31,23.0
394404,days_to_pending,2026-01-31,23.0
394404,days_to_pending,2026-02-28,20.0
394404,days_to_pending,2026-03-31,12.0
394404,days_to_pending,2026-04-30,9.0
394404,days_to_pending,2026-05-31,8.0
394404,days_to_pending,2026-06-30,8.0
394404,days_to_pending,2026-07-31,11.0
394404,days_to_pending,2026-08-31,13.0
394463,days_to_pending,2021-09-30,11.0
394463,days_to_pending,2021-10-31,12.0
394463,days_to_pending,2021-11-30,14.0
394463,days_to_pending,2021-12-31,17.0
394463,days_to_pending,2022-01-31,17.0
394463,days_to_pending,2022-02-28,14.0
394463,days_to_pending,2022-03-31,9.0
394463,days_to_pending,2022-04-30,6.0
394463,days_to_pending,2022-05-31,6.0
394463,days_to_pending,2022-06-30,6.0
394463,days_to_pending,2022-07-31,8.0
394463,days_to_pending,2022-08-31,11.0
394463,days_to_pending,2022-09-30,14.0
394463,days_to_pending,2022-10-31,15.0
394463,days_to_pending,2022-11-30,18.0
394463,days_to_pending,2022-12-31,23.0
394463,days_to_pending,2023-01-31,27.0
394463,days_to_pending,2023-02-28,24.0
394463,days_to_pending,2023-03-31,15.0
394463,days_to_pending,2023-04-30,9.0
394463,days_to_pending,2023-05-31,7.0
394463,days_to_pending,2023-06-30,6.0
394463,days_to_pending,2023-07-31,7.0
394463,days_to_pending,2023-08-31,8.0
394463,days_to_pending,2023-09-30,9.0
394463,days_to_pending,2023-10-31,10.0
394463,days_to_pending,2023-11-30,12.0
394463,days_to_pending,2023-12-31,16.0
394463,days_to_pending,2024-01-31,19.0
394463,days_to_pending,2024-02-29,17.0
394463,days_to_pending,2024-03-31,12.0
394463,days_to_pending,2024-04-30,7.0
394463,days_to_pending,2024-05-31,7.0
394463,days_to_pending,2024-06-30,7.0
394463,days_to_pending,2024-07-31,8.0
394463,days_to_pending,2024-08-31,9.0
394463,days_to_pending,2024-09-30,11.0
394463,days_to_pending,2024-10-31,13.0
394463,days_to_pending,2024-11-30,16.0
394463,days_to_pending,2024-12-31,20.0
394463,days_to_pending,2025-01-31,22.0
394463,days_to_pending,2025-02-28,20.0
394463,days_to_pending,2025-03-31,14.0
394463,days_to_pending,2025-04-30,10.0
394463,days_to_pending,2025-05-31,8.0
394463,days_to_pending,2025-06-30,8.0
394463,days_to_pending,2025-07-31,9.0
394463,days_to_pending,2025-08-31,11.0
394463,days_to_pending,2025-09-30,12.0
394463,days_to_pending,2025-10-31,14.0
394463,days_to_pending,2025-11-30,16.0
394463,days_to_pending,2025-12-31,22.0
394463,days_to_pending,2026-01-31,25.0
394463,days_to_pending,2026-02-28,22.0
394463,days_to_pending,2026-03-31,15.0
394463,days_to_pending,2026-04-30,9.0
394463,days_to_pending,2026-05-31,8.0
394463,days_to_pending,2026-06-30,9.0
394463,days_to_pending,2026-07-31,11.0
394463,days_to_pending,2026-08-31,12.0
394514,days_to_pending,2021-09-30,16.0
394514,days_to_pending,2021-10-31,17.0
394514,days_to_pending,2021-11-30,17.0
394514,days_to_pending,2021-12-31,17.0
394514,days_to_pending,2022-01-31,16.0
394514,days_to_pending,2022-02-28,15.0
394514,days_to_pending,2022-03-31,11.0
394514,days_to_pending,2022-04-30,8.0
394514,days_to_pending,2022-05-31,5.0
394514,days_to_pending,2022-06-30,6.0
394514,days_to_pending,2022-07-31,7.0
394514,days_to_pending,2022-08-31,10.0
394514,days_to_pending,2022-09-30,13.0
394514,days_to_pending,2022-10-31,16.0
394514,days_to_pending,2022-11-30,18.0
394514,days_to_pending,2022-12-31,23.0
394514,days_to_pending,2023-01-31,29.0
394514,days_to_pending,2023-02-28,27.0
394514,days_to_pending,2023-03-31,21.0
394514,days_to_pending,2023-04-30,12.0
394514,days_to_pending,2023-05-31,10.0
394514,days_to_pending,2023-06-30,10.0
394514,days_to_pending,2023-07-31,12.0
394514,days_to_pending,2023-08-31,14.0
394514,days_to_pending,2023-09-30,17.0
394514,days_to_pending,2023-10-31,19.0
394514,days_to_pending,2023-11-30,22.0
394514,days_to_pending,2023-12-31,27.0
394514,days_to_pending,2024-01-31,32.0
394514,days_to_pending,2024-02-29,29.0
394514,days_to_pending,2024-03-31,23.0
394514,days_to_pending,2024-04-30,16.0
394514,days_to_pending,2024-05-31,15.0
394514,days_to_pending,2024-06-30,17.0
394514,days_to_pending,2024-07-31,20.0
394514,days_to_pending,2024-08-31,25.0
394514,days_to_pending,2024-09-30,30.0
394514,days_to_pending,2024-10-31,33.0
394514,days_to_pending,2024-11-30,35.0
394514,days_to_pending,2024-12-31,39.0
394514,days_to_pending,2025-01-31,45.0
394514,days_to_pending,2025-02-28,43.0
394514,days_to_pending,2025-03-31,35.0
394514,days_to_pending,2025-04-30,25.0
394514,days_to_pending,2025-05-31,23.0
394514,days_to_pending,2025-06-30,25.0
394514,days_to_pending,2025-07-31,30.0
394514,days_to_pending,2025-08-31,35.0
394514,days_to_pending,2025-09-30,40.0
394514,days_to_pending,2025-10-31,43.0
394514,days_to_pending,2025-11-30,45.0
394514,days_to_pending,2025-12-31,48.0
394514,days_to_pending,2026-01-31,54.0
394514,days_to_pending,2026-02-28,51.0
394514,days_to_pending,2026-03-31,41.0
394514,days_to_pending,2026-04-30,28.0
394514,days_to_pending,2026-05-31,24.0
394514,days_to_pending,2026-06-30,25.0
394514,days_to_pending,2026-07-31,30.0
394514,days_to_pending,2026-08-31,34.0
394532,days_to_pending,2021-09-30,8.0
394532,days_to_pending,2021-10-31,9.0
394532,days_to_pending,2021-11-30,10.0
394532,days_to_pending,2021-12-31,11.0
394532,days_to_pending,2022-01-31,11.0
394532,days_to_pending,2022-02-28,9.0
394532,days_to_pending,2022-03-31,7.0
394532,days_to_pending,2022-04-30,5.0
394532,days_to_pending,2022-05-31,5.0
394532,days_to_pending,2022-06-30,6.0
394532,days_to_pending,2022-07-31,7.0
394532,days_to_pending,2022-08-31,10.0
394532,days_to_pending,2022-09-30,12.0
394532,days_to_pending,2022-10-31,14.0
394532,days_to_pending,2022-11-30,17.0
394532,days_to_pending,2022-12-31,20.0
394532,days_to_pending,2023-01-31,24.0
394532,days_to_pending,2023-02-28,23.0
394532,days_to_pending,2023-03-31,17.0
394532,days_to_pending,2023-04-30,10.0
394532,days_to_pending,2023-05-31,7.0
394532,days_to_pending,2023-06-30,6.0
394532,days_to_pending,2023-07-31,6.0
394532,days_to_pending,2023-08-31,7.0
394532,days_to_pending,2023-09-30,8.0
394532,days_to_pending,2023-10-31,10.0
394532,days_to_pending,2023-11-30,12.0
394532,days_to_pending,2023-12-31,15.0
394532,days_to_pending,2024-01-31,18.0
394532,days_to_pending,2024-02-29,17.0
394532,days_to_pending,2024-03-31,12.0
394532,days_to_pending,2024-04-30,8.0
394532,days_to_pending,2024-05-31,7.0
394532,days_to_pending,2024-06-30,7.0
394532,days_to_pending,2024-07-31,8.0
394532,days_to_pending,2024-08-31,9.0
394532,days_to_pending,2024-09-30,11.0
394532,days_to_pending,2024-10-31,13.0
394532,days_to_pending,2024-11-30,15.0
394532,days_to_pending,2024-12-31,18.0
394532,days_to_pending,2025-01-31,21.0
394532,days_to_pending,2025-02-28,20.0
394532,days_to_pending,2025-03-31,15.0
394532,days_to_pending,2025-04-30,11.0
394532,days_to_pending,2025-05-31,9.0
394532,days_to_pending,2025-06-30,8.0
394532,days_to_pending,2025-07-31,9.0
394532,days_to_pending,2025-08-31,11.0
394532,days_to_pending,2025-09-30,13.0
394532,days_to_pending,2025-10-31,16.0
394532,days_to_pending,2025-11-30,18.0
394532,days_to_pending,2025-12-31,23.0
394532,days_to_pending,2026-01-31,29.0
394532,days_to_pending,2026-02-28,30.0
394532,days_to_pending,2026-03-31,23.0
394532,days_to_pending,2026-04-30,14.0
394532,days_to_pending,2026-05-31,10.0
394532,days_to_pending,2026-06-30,10.0
394532,days_to_pending,2026-07-31,11.0
394532,days_to_pending,2026-08-31,12.0
394692,days_to_pending,2021-09-30,10.0
394692,days_to_pending,2021-10-31,11.0
394692,days_to_pending,2021-11-30,11.0
394692,days_to_pending,2021-12-31,11.0
394692,days_to_pending,2022-01-31,11.0
394692,days_to_pending,2022-02-28,10.0
394692,days_to_pending,2022-03-31,8.0
394692,days_to_pending,2022-04-30,7.0
394692,days_to_pending,2022-05-31,7.0
394692,days_to_pending,2022-06-30,7.0
394692,days_to_pending,2022-07-31,9.0
394692,days_to_pending,2022-08-31,12.0
394692,days_to_pending,2022-09-30,17.0
394692,days_to_pending,2022-10-31,20.0
394692,days_to_pending,2022-11-30,23.0
394692,days_to_pending,2022-12-31,27.0
394692,days_to_pending,2023-01-31,33.0
394692,days_to_pending,2023-02-28,33.0
394692,days_to_pending,2023-03-31,27.0
394692,days_to_pending,2023-04-30,19.0
394692,days_to_pending,2023-05-31,15.0
394692,days_to_pending,2023-06-30,13.0
394692,days_to_pending,2023-07-31,14.0
394692,days_to_pending,2023-08-31,16.0
394692,days_to_pending,2023-09-30,19.0
394692,days_to_pending,2023-10-31,22.0
394692,days_to_pending,2023-11-30,25.0
394692,days_to_pending,2023-12-31,30.0
394692,days_to_pending,2024-01-31,36.0
394692,days_to_pending,2024-02-29,36.0
394692,days_to_pending,2024-03-31,30.0
394692,days_to_pending,2024-04-30,22.0
394692,days_to_pending,2024-05-31,19.0
394692,days_to_pending,2024-06-30,20.0
394692,days_to_pending,2024-07-31,23.0
394692,days_to_pending,2024-08-31,28.0
394692,days_to_pending,2024-09-30,33.0
394692,days_to_pending,2024-10-31,34.0
394692,days_to_pending,2024-11-30,36.0
394692,days_to_pending,2024-12-31,40.0
394692,days_to_pending,2025-01-31,46.0
394692,days_to_pending,2025-02-28,46.0
394692,days_to_pending,2025-03-31,40.0
394692,days_to_pending,2025-04-30,31.0
394692,days_to_pending,2025-05-31,27.0
394692,days_to_pending,2025-06-30,29.0
394692,days_to_pending,2025-07-31,33.0
394692,days_to_pending,2025-08-31,39.0
394692,days_to_pending,2025-09-30,45.0
394692,days_to_pending,2025-10-31,50.0
394692,days_to_pending,2025-11-30,52.0
394692,days_to_pending,2025-12-31,56.0
394692,days_to_pending,2026-01-31,61.0
394692,days_to_pending,2026-02-28,59.0
394692,days_to_pending,2026-03-31,50.0
394692,days_to_pending,2026-04-30,38.0
394692,days_to_pending,2026-05-31,33.0
394692,days_to_pending,2026-06-30,33.0
394692,days_to_pending,2026-07-31,36.0
394692,days_to_pending,2026-08-31,40.0
394856,days_to_pending,2021-09-30,15.0
394856,days_to_pending,2021-10-31,15.0
394856,days_to_pending,2021-11-30,15.0
394856,days_to_pending,2021-12-31,15.0
394856,days_to_pending,2022-01-31,15.0
394856,days_to_pending,2022-02-28,14.0
394856,days_to_pending,2022-03-31,12.0
394856,days_to_pending,2022-04-30,10.0
394856,days_to_pending,2022-05-31,10.0
394856,days_to_pending,2022-06-30,11.0
394856,days_to_pending,2022-07-31,13.0
394856,days_to_pending,2022-08-31,16.0
394856,days_to_pending,2022-09-30,19.0
394856,days_to_pending,2022-10-31,23.0
394856,days_to_pending,2022-11-30,25.0
394856,days_to_pending,2022-12-31,29.0
394856,days_to_pending,2023-01-31,32.0
394856,days_to_pending,2023-02-28,33.0
394856,days_to_pending,2023-03-31,32.0
394856,days_to_pending,2023-04-30,28.0
394856,days_to_pending,2023-05-31,25.0
394856,days_to_pending,2023-06-30,22.0
394856,days_to_pending,2023-07-31,21.0
394856,days_to_pending,2023-08-31,21.0
394856,days_to_pending,2023-09-30,21.0
394856,days_to_pending,2023-10-31,22.0
394856,days_to_pending,2023-11-30,25.0
394856,days_to_pending,2023-12-31,30.0
394856,days_to_pending,2024-01-31,36.0
394856,days_to_pending,2024-02-29,38.0
394856,days_to_pending,2024-03-31,37.0
394856,days_to_pending,2024-04-30,35.0
394856,days_to_pending,2024-05-31,37.0
394856,days_to_pending,2024-06-30,39.0
394856,days_to_pending,2024-07-31,40.0
394856,days_to_pending,2024-08-31,42.0
394856,days_to_pending,2024-09-30,43.0
394856,days_to_pending,2024-10-31,46.0
394856,days_to_pending,2024-11-30,48.0
394856,days_to_pending,2024-12-31,53.0
394856,days_to_pending,2025-01-31,58.0
394856,days_to_pending,2025-02-28,60.0
394856,days_to_pending,2025-03-31,58.0
394856,days_to_pending,2025-04-30,54.0
394856,days_to_pending,2025-05-31,53.0
394856,days_to_pending,2025-06-30,57.0
394856,days_to_pending,2025-07-31,60.0
394856,days_to_pending,2025-08-31,63.0
394856,days_to_pending,2025-09-30,65.0
394856,days_to_pending,2025-10-31,66.0
394856,days_to_pending,2025-11-30,65.0
394856,days_to_pending,2025-12-31,64.0
394856,days_to_pending,2026-01-31,65.0
394856,days_to_pending,2026-02-28,65.0
394856,days_to_pending,2026-03-31,61.0
394856,days_to_pending,2026-04-30,56.0
394856,days_to_pending,2026-05-31,52.0
394856,days_to_pending,2026-06-30,52.0
394856,days_to_pending,2026-07-31,51.0
394856,days_to_pending,2026-08-31,52.0
394913,days_to_pending,2021-09-30,34.0
394913,days_to_pending,2021-10-31,35.0
394913,days_to_pending,2021-11-30,39.0
394913,days_to_pending,2021-12-31,40.0
394913,days_to_pending,2022-01-31,44.0
394913,days_to_pending,2022-02-28,39.0
394913,days_to_pending,2022-03-31,33.0
394913,days_to_pending,2022-04-30,24.0
394913,days_to_pending,2022-05-31,22.0
394913,days_to_pending,2022-06-30,23.0
394913,days_to_pending,2022-07-31,26.0
394913,days_to_pending,2022-08-31,30.0
394913,days_to_pending,2022-09-30,34.0
394913,days_to_pending,2022-10-31,35.0
394913,days_to_pending,2022-11-30,36.0
394913,days_to_pending,2022-12-31,39.0
394913,days_to_pending,2023-01-31,47.0
394913,days_to_pending,2023-02-28,45.0
394913,days_to_pending,2023-03-31,38.0
394913,days_to_pending,2023-04-30,27.0
394913,days_to_pending,2023-05-31,23.0
394913,days_to_pending,2023-06-30,23.0
394913,days_to_pending,2023-07-31,24.0
394913,days_to_pending,2023-08-31,25.0
394913,days_to_pending,2023-09-30,26.0
394913,days_to_pending,2023-10-31,27.0
394913,days_to_pending,2023-11-30,28.0
394913,days_to_pending,2023-12-31,32.0
394913,days_to_pending,2024-01-31,38.0
394913,days_to_pending,2024-02-29,37.0
394913,days_to_pending,2024-03-31,31.0
394913,days_to_pending,2024-04-30,23.0
394913,days_to_pending,2024-05-31,21.0
394913,days_to_pending,2024-06-30,22.0
394913,days_to_pending,2024-07-31,24.0
394913,days_to_pending,2024-08-31,26.0
394913,days_to_pending,2024-09-30,28.0
394913,days_to_pending,2024-10-31,29.0
394913,days_to_pending,2024-11-30,31.0
394913,days_to_pending,2024-12-31,35.0
394913,days_to_pending,2025-01-31,40.0
394913,days_to_pending,2025-02-28,38.0
394913,days_to_pending,2025-03-31,32.0
394913,days_to_pending,2025-04-30,24.0
394913,days_to_pending,2025-05-31,22.0
394913,days_to_pending,2025-06-30,23.0
394913,days_to_pending,2025-07-31,26.0
394913,days_to_pending,2025-08-31,30.0
394913,days_to_pending,2025-09-30,32.0
394913,days_to_pending,2025-10-31,33.0
394913,days_to_pending,2025-11-30,34.0
394913,days_to_pending,2025-12-31,39.0
394913,days_to_pending,2026-01-31,45.0
394913,days_to_pending,2026-02-28,43.0
394913,days_to_pending,2026-03-31,36.0
394913,days_to_pending,2026-04-30,26.0
394913,days_to_pending,2026-05-31,23.0
394913,days_to_pending,2026-06-30,24.0
394913,days_to_pending,2026-07-31,27.0
394913,days_to_pending,2026-08-31,30.0
394974,days_to_pending,2021-09-30,10.0
394974,days_to_pending,2021-10-31,10.0
394974,days_to_pending,2021-11-30,10.0
394974,days_to_pending,2021-12-31,11.0
394974,days_to_pending,2022-01-31,11.0
394974,days_to_pending,2022-02-28,10.0
394974,days_to_pending,2022-03-31,8.0
394974,days_to_pending,2022-04-30,7.0
394974,days_to_pending,2022-05-31,7.0
394974,days_to_pending,2022-06-30,7.0
394974,days_to_pending,2022-07-31,9.0
394974,days_to_pending,2022-08-31,10.0
394974,days_to_pending,2022-09-30,11.0
394974,days_to_pending,2022-10-31,11.0
394974,days_to_pending,2022-11-30,12.0
394974,days_to_pending,2022-12-31,15.0
394974,days_to_pending,2023-01-31,17.0
394974,days_to_pending,2023-02-28,15.0
394974,days_to_pending,2023-03-31,11.0
394974,days_to_pending,2023-04-30,8.0
394974,days_to_pending,2023-05-31,7.0
394974,days_to_pending,2023-06-30,7.0
394974,days_to_pending,2023-07-31,8.0
394974,days_to_pending,2023-08-31,8.0
394974,days_to_pending,2023-09-30,9.0
394974,days_to_pending,2023-10-31,9.0
394974,days_to_pending,2023-11-30,11.0
394974,days_to_pending,2023-12-31,14.0
394974,days_to_pending,2024-01-31,16.0
394974,days_to_pending,2024-02-29,14.0
394974,days_to_pending,2024-03-31,11.0
394974,days_to_pending,2024-04-30,8.0
394974,days_to_pending,2024-05-31,8.0
394974,days_to_pending,2024-06-30,8.0
394974,days_to_pending,2024-07-31,9.0
394974,days_to_pending,2024-08-31,10.0
394974,days_to_pending,2024-09-30,12.0
394974,days_to_pending,2024-10-31,12.0
394974,days_to_pending,2024-11-30,13.0
394974,days_to_pending,2024-12-31,16.0
394974,days_to_pending,2025-01-31,17.0
394974,days_to_pending,2025-02-28,17.0
394974,days_to_pending,2025-03-31,12.0
394974,days_to_pending,2025-04-30,9.0
394974,days_to_pending,2025-05-31,8.0
394974,days_to_pending,2025-06-30,9.0
394974,days_to_pending,2025-07-31,10.0
394974,days_to_pending,2025-08-31,12.0
394974,days_to_pending,2025-09-30,13.0
394974,days_to_pending,2025-10-31,14.0
394974,days_to_pending,2025-11-30,15.0
394974,days_to_pending,2025-12-31,19.0
394974,days_to_pending,2026-01-31,21.0
394974,days_to_pending,2026-02-28,20.0
394974,days_to_pending,2026-03-31,15.0
394974,days_to_pending,2026-04-30,11.0
394974,days_to_pending,2026-05-31,9.0
394974,days_to_pending,2026-06-30,10.0
394974,days_to_pending,2026-07-31,12.0
394974,days_to_pending,2026-08-31,13.0
394976,days_to_pending,2021-09-30,10.0
394976,days_to_pending,2021-10-31,11.0
394976,days_to_pending,2021-11-30,12.0
394976,days_to_pending,2021-12-31,13.0
394976,days_to_pending,2022-01-31,13.0
394976,days_to_pending,2022-02-28,11.0
394976,days_to_pending,2022-03-31,8.0
394976,days_to_pending,2022-04-30,7.0
394976,days_to_pending,2022-05-31,8.0
394976,days_to_pending,2022-06-30,10.0
394976,days_to_pending,2022-07-31,15.0
394976,days_to_pending,2022-08-31,21.0
394976,days_to_pending,2022-09-30,28.0
394976,days_to_pending,2022-10-31,35.0
394976,days_to_pending,2022-11-30,40.0
394976,days_to_pending,2022-12-31,46.0
394976,days_to_pending,2023-01-31,53.0
394976,days_to_pending,2023-02-28,51.0
394976,days_to_pending,2023-03-31,44.0
394976,days_to_pending,2023-04-30,33.0
394976,days_to_pending,2023-05-31,29.0
394976,days_to_pending,2023-06-30,24.0
394976,days_to_pending,2023-07-31,22.0
394976,days_to_pending,2023-08-31,20.0
394976,days_to_pending,2023-09-30,20.0
394976,days_to_pending,2023-10-31,21.0
394976,days_to_pending,2023-11-30,24.0
394976,days_to_pending,2023-12-31,31.0
394976,days_to_pending,2024-01-31,33.0
394976,days_to_pending,2024-02-29,30.0
394976,days_to_pending,2024-03-31,23.0
394976,days_to_pending,2024-04-30,21.0
394976,days_to_pending,2024-05-31,21.0
394976,days_to_pending,2024-06-30,23.0
394976,days_to_pending,2024-07-31,25.0
394976,days_to_pending,2024-08-31,28.0
394976,days_to_pending,2024-09-30,28.0
394976,days_to_pending,2024-10-31,28.0
394976,days_to_pending,2024-11-30,29.0
394976,days_to_pending,2024-12-31,34.0
394976,days_to_pending,2025-01-31,38.0
394976,days_to_pending,2025-02-28,36.0
394976,days_to_pending,2025-03-31,31.0
394976,days_to_pending,2025-04-30,28.0
394976,days_to_pending,2025-05-31,31.0
394976,days_to_pending,2025-06-30,34.0
394976,days_to_pending,2025-07-31,40.0
394976,days_to_pending,2025-08-31,42.0
394976,days_to_pending,2025-09-30,41.0
394976,days_to_pending,2025-10-31,37.0
394976,days_to_pending,2025-11-30,36.0
394976,days_to_pending,2025-12-31,39.0
394976,days_to_pending,2026-01-31,42.0
394976,days_to_pending,2026-02-28,38.0
394976,days_to_pending,2026-03-31,32.0
394976,days_to_pending,2026-04-30,28.0
394976,days_to_pending,2026-05-31,31.0
394976,days_to_pending,2026-06-30,34.0
394976,days_to_pending,2026-07-31,38.0
394976,days_to_pending,2026-08-31,39.0
395025,days_to_pending,2021-09-30,11.0
395025,days_to_pending,2021-10-31,11.0
395025,days_to_pending,2021-11-30,12.0
395025,days_to_pending,2021-12-31,12.0
395025,days_to_pending,2022-01-31,12.0
395025,days_to_pending,2022-02-28,11.0
395025,days_to_pending,2022-03-31,9.0
395025,days_to_pending,2022-04-30,9.0
395025,days_to_pending,2022-05-31,10.0
395025,days_to_pending,2022-06-30,11.0
395025,days_to_pending,2022-07-31,14.0
395025,days_to_pending,2022-08-31,19.0
395025,days_to_pending,2022-09-30,24.0
395025,days_to_pending,2022-10-31,27.0
395025,days_to_pending,2022-11-30,30.0
395025,days_to_pending,2022-12-31,35.0
395025,days_to_pending,2023-01-31,42.0
395025,days_to_pending,2023-02-28,39.0
395025,days_to_pending,2023-03-31,32.0
395025,days_to_pending,2023-04-30,21.0
395025,days_to_pending,2023-05-31,17.0
395025,days_to_pending,2023-06-30,15.0
395025,days_to_pending,2023-07-31,14.0
395025,days_to_pending,2023-08-31,15.0
395025,days_to_pending,2023-09-30,16.0
395025,days_to_pending,2023-10-31,18.0
395025,days_to_pending,2023-11-30,20.0
395025,days_to_pending,2023-12-31,24.0
395025,days_to_pending,2024-01-31,27.0
395025,days_to_pending,2024-02-29,26.0
395025,days_to_pending,2024-03-31,21.0
395025,days_to_pending,2024-04-30,17.0
395025,days_to_pending,2024-05-31,17.0
395025,days_to_pending,2024-06-30,18.0
395025,days_to_pending,2024-07-31,19.0
395025,days_to_pending,2024-08-31,21.0
395025,days_to_pending,2024-09-30,23.0
395025,days_to_pending,2024-10-31,25.0
395025,days_to_pending,2024-11-30,27.0
395025,days_to_pending,2024-12-31,31.0
395025,days_to_pending,2025-01-31,36.0
395025,days_to_pending,2025-02-28,35.0
395025,days_to_pending,2025-03-31,30.0
395025,days_to_pending,2025-04-30,25.0
395025,days_to_pending,2025-05-31,25.0
395025,days_to_pending,2025-06-30,28.0
395025,days_to_pending,2025-07-31,31.0
395025,days_to_pending,2025-08-31,34.0
395025,days_to_pending,2025-09-30,37.0
395025,days_to_pending,2025-10-31,37.0
395025,days_to_pending,2025-11-30,37.0
395025,days_to_pending,2025-12-31,37.0
395025,days_to_pending,2026-01-31,40.0
395025,days_to_pending,2026-02-28,38.0
395025,days_to_pending,2026-03-31,33.0
395025,days_to_pending,2026-04-30,26.0
395025,days_to_pending,2026-05-31,25.0
395025,days_to_pending,2026-06-30,26.0
395025,days_to_pending,2026-07-31,28.0
395025,days_to_pending,2026-08-31,30.0
395057,days_to_pending,2021-09-30,12.0
395057,days_to_pending,2021-10-31,12.0
395057,days_to_pending,2021-11-30,13.0
395057,days_to_pending,2021-12-31,14.0
395057,days_to_pending,2022-01-31,12.0
395057,days_to_pending,2022-02-28,11.0
395057,days_to_pending,2022-03-31,9.0
395057,days_to_pending,2022-04-30,9.0
395057,days_to_pending,2022-05-31,10.0
395057,days_to_pending,2022-06-30,12.0
395057,days_to_pending,2022-07-31,15.0
395057,days_to_pending,2022-08-31,18.0
395057,days_to_pending,2022-09-30,20.0
395057,days_to_pending,2022-10-31,21.0
395057,days_to_pending,2022-11-30,22.0
395057,days_to_pending,2022-12-31,29.0
395057,days_to_pending,2023-01-31,33.0
395057,days_to_pending,2023-02-28,29.0
395057,days_to_pending,2023-03-31,20.0
395057,days_to_pending,2023-04-30,13.0
395057,days_to_pending,2023-05-31,13.0
395057,days_to_pending,2023-06-30,13.0
395057,days_to_pending,2023-07-31,13.0
395057,days_to_pending,2023-08-31,14.0
395057,days_to_pending,2023-09-30,14.0
395057,days_to_pending,2023-10-31,14.0
395057,days_to_pending,2023-11-30,16.0
395057,days_to_pending,2023-12-31,22.0
395057,days_to_pending,2024-01-31,22.0
395057,days_to_pending,2024-02-29,19.0
395057,days_to_pending,2024-03-31,13.0
395057,days_to_pending,2024-04-30,12.0
395057,days_to_pending,2024-05-31,12.0
395057,days_to_pending,2024-06-30,13.0
395057,days_to_pending,2024-07-31,15.0
395057,days_to_pending,2024-08-31,16.0
395057,days_to_pending,2024-09-30,17.0
395057,days_to_pending,2024-10-31,16.0
395057,days_to_pending,2024-11-30,19.0
395057,days_to_pending,2024-12-31,26.0
395057,days_to_pending,2025-01-31,25.0
395057,days_to_pending,2025-02-28,21.0
395057,days_to_pending,2025-03-31,13.0
395057,days_to_pending,2025-04-30,14.0
395057,days_to_pending,2025-05-31,15.0
395057,days_to_pending,2025-06-30,17.0
395057,days_to_pending,2025-07-31,21.0
395057,days_to_pending,2025-08-31,23.0
395057,days_to_pending,2025-09-30,22.0
395057,days_to_pending,2025-10-31,20.0
395057,days_to_pending,2025-11-30,21.0
395057,days_to_pending,2025-12-31,29.0
395057,days_to_pending,2026-01-31,28.0
395057,days_to_pending,2026-02-28,24.0
395057,days_to_pending,2026-03-31,15.0
395057,days_to_pending,2026-04-30,14.0
395057,days_to_pending,2026-05-31,14.0
395057,days_to_pending,2026-06-30,15.0
395057,days_to_pending,2026-07-31,17.0
395057,days_to_pending,2026-08-31,17.0
395078,days_to_pending,2021-09-30,6.0
395078,days_to_pending,2021-10-31,6.0
395078,days_to_pending,2021-11-30,6.0
395078,days_to_pending,2021-12-31,6.0
395078,days_to_pending,2022-01-31,6.0
395078,days_to_pending,2022-02-28,5.0
395078,days_to_pending,2022-03-31,5.0
395078,days_to_pending,2022-04-30,5.0
395078,days_to_pending,2022-05-31,6.0
395078,days_to_pending,2022-06-30,6.0
395078,days_to_pending,2023-01-31,36.0
395078,days_to_pending,2023-02-28,29.0
395078,days_to_pending,2023-03-31,17.0
395078,days_to_pending,2023-04-30,7.0
395078,days_to_pending,2023-05-31,6.0
395078,days_to_pending,2023-06-30,6.0
395078,days_to_pending,2023-07-31,7.0
395078,days_to_pending,2023-08-31,8.0
395078,days_to_pending,2023-09-30,9.0
395078,days_to_pending,2023-10-31,10.0
395078,days_to_pending,2023-11-30,13.0
395078,days_to_pending,2023-12-31,19.0
395078,days_to_pending,2024-01-31,18.0
395078,days_to_pending,2024-02-29,14.0
395078,days_to_pending,2024-03-31,7.0
395078,days_to_pending,2024-04-30,6.0
395078,days_to_pending,2024-05-31,6.0
395078,days_to_pending,2024-06-30,7.0
395078,days_to_pending,2024-07-31,8.0
395078,days_to_pending,2024-08-31,11.0
395078,days_to_pending,2024-09-30,13.0
395078,days_to_pending,2024-10-31,15.0
395078,days_to_pending,2024-11-30,18.0
395078,days_to_pending,2024-12-31,24.0
395078,days_to_pending,2025-01-31,22.0
395078,days_to_pending,2025-02-28,17.0
395078,days_to_pending,2025-03-31,8.0
395078,days_to_pending,2025-04-30,7.0
395078,days_to_pending,2025-05-31,7.0
395078,days_to_pending,2025-06-30,9.0
395078,days_to_pending,2025-07-31,13.0
395078,days_to_pending,2025-08-31,18.0
395078,days_to_pending,2025-09-30,21.0
395078,days_to_pending,2025-10-31,23.0
395078,days_to_pending,2025-11-30,28.0
395078,days_to_pending,2025-12-31,37.0
395078,days_to_pending,2026-01-31,36.0
395078,days_to_pending,2026-02-28,27.0
395078,days_to_pending,2026-03-31,14.0
395078,days_to_pending,2026-04-30,9.0
395078,days_to_pending,2026-05-31,10.0
395078,days_to_pending,2026-06-30,12.0
395078,days_to_pending,2026-07-31,17.0
395078,days_to_pending,2026-08-31,21.0
395209,days_to_pending,2021-09-30,8.0
395209,days_to_pending,2021-10-31,9.0
395209,days_to_pending,2021-11-30,9.0
395209,days_to_pending,2021-12-31,10.0
395209,days_to_pending,2022-01-31,9.0
395209,days_to_pending,2022-02-28,7.0
395209,days_to_pending,2022-03-31,5.0
395209,days_to_pending,2022-04-30,5.0
395209,days_to_pending,2022-05-31,5.0
395209,days_to_pending,2022-06-30,6.0
395209,days_to_pending,2022-07-31,8.0
395209,days_to_pending,2022-08-31,10.0
395209,days_to_pending,2022-09-30,12.0
395209,days_to_pending,2022-10-31,13.0
395209,days_to_pending,2022-11-30,16.0
395209,days_to_pending,2022-12-31,21.0
395209,days_to_pending,2023-01-31,21.0
395209,days_to_pending,2023-02-28,17.0
395209,days_to_pending,2023-03-31,10.0
395209,days_to_pending,2023-04-30,6.0
395209,days_to_pending,2023-05-31,6.0
395209,days_to_pending,2023-06-30,6.0
395209,days_to_pending,2023-07-31,6.0
395209,days_to_pending,2023-08-31,6.0
395209,days_to_pending,2023-09-30,7.0
395209,days_to_pending,2023-10-31,8.0
395209,days_to_pending,2023-11-30,10.0
395209,days_to_pending,2023-12-31,13.0
395209,days_to_pending,2024-01-31,13.0
395209,days_to_pending,2024-02-29,11.0
395209,days_to_pending,2024-03-31,7.0
395209,days_to_pending,2024-04-30,5.0
395209,days_to_pending,2024-05-31,5.0
395209,days_to_pending,2024-06-30,6.0
395209,days_to_pending,2024-07-31,7.0
395209,days_to_pending,2024-08-31,9.0
395209,days_to_pending,2024-09-30,10.0
395209,days_to_pending,2024-10-31,11.0
395209,days_to_pending,2024-11-30,13.0
395209,days_to_pending,2024-12-31,16.0
395209,days_to_pending,2025-01-31,16.0
395209,days_to_pending,2025-02-28,13.0
395209,days_to_pending,2025-03-31,8.0
395209,days_to_pending,2025-04-30,7.0
395209,days_to_pending,2025-05-31,8.0
395209,days_to_pending,2025-06-30,10.0
395209,days_to_pending,2025-07-31,13.0
395209,days_to_pending,2025-08-31,16.0
395209,days_to_pending,2025-09-30,17.0
395209,days_to_pending,2025-10-31,18.0
395209,days_to_pending,2025-11-30,21.0
395209,days_to_pending,2025-12-31,28.0
395209,days_to_pending,2026-01-31,30.0
395209,days_to_pending,2026-02-28,25.0
395209,days_to_pending,2026-03-31,16.0
395209,days_to_pending,2026-04-30,9.0
395209,days_to_pending,2026-05-31,8.0
395209,days_to_pending,2026-06-30,10.0
395209,days_to_pending,2026-07-31,13.0
395209,days_to_pending,2026-08-31,17.0
753899,days_to_pending,2021-09-30,12.0
753899,days_to_pending,2021-10-31,12.0
753899,days_to_pending,2021-11-30,12.0
753899,days_to_pending,2021-12-31,12.0
753899,days_to_pending,2022-01-31,12.0
753899,days_to_pending,2022-02-28,11.0
753899,days_to_pending,2022-03-31,10.0
753899,days_to_pending,2022-04-30,10.0
753899,days_to_pending,2022-05-31,10.0
753899,days_to_pending,2022-06-30,11.0
753899,days_to_pending,2022-07-31,14.0
753899,days_to_pending,2022-08-31,17.0
753899,days_to_pending,2022-09-30,20.0
753899,days_to_pending,2022-10-31,22.0
753899,days_to_pending,2022-11-30,23.0
753899,days_to_pending,2022-12-31,27.0
753899,days_to_pending,2023-01-31,32.0
753899,days_to_pending,2023-02-28,30.0
753899,days_to_pending,2023-03-31,23.0
753899,days_to_pending,2023-04-30,16.0
753899,days_to_pending,2023-05-31,13.0
753899,days_to_pending,2023-06-30,13.0
753899,days_to_pending,2023-07-31,13.0
753899,days_to_pending,2023-08-31,13.0
753899,days_to_pending,2023-09-30,14.0
753899,days_to_pending,2023-10-31,15.0
753899,days_to_pending,2023-11-30,16.0
753899,days_to_pending,2023-12-31,18.0
753899,days_to_pending,2024-01-31,19.0
753899,days_to_pending,2024-02-29,18.0
753899,days_to_pending,2024-03-31,15.0
753899,days_to_pending,2024-04-30,13.0
753899,days_to_pending,2024-05-31,13.0
753899,days_to_pending,2024-06-30,14.0
753899,days_to_pending,2024-07-31,15.0
753899,days_to_pending,2024-08-31,16.0
753899,days_to_pending,2024-09-30,18.0
753899,days_to_pending,2024-10-31,20.0
753899,days_to_pending,2024-11-30,22.0
753899,days_to_pending,2024-12-31,25.0
753899,days_to_pending,2025-01-31,26.0
753899,days_to_pending,2025-02-28,24.0
753899,days_to_pending,2025-03-31,20.0
753899,days_to_pending,2025-04-30,17.0
753899,days_to_pending,2025-05-31,18.0
753899,days_to_pending,2025-06-30,20.0
753899,days_to_pending,2025-07-31,23.0
753899,days_to_pending,2025-08-31,25.0
753899,days_to_pending,2025-09-30,28.0
753899,days_to_pending,2025-10-31,29.0
753899,days_to_pending,2025-11-30,30.0
753899,days_to_pending,2025-12-31,32.0
753899,days_to_pending,2026-01-31,34.0
753899,days_to_pending,2026-02-28,30.0
753899,days_to_pending,2026-03-31,24.0
753899,days_to_pending,2026-04-30,19.0
753899,days_to_pending,2026-05-31,19.0
753899,days_to_pending,2026-06-30,21.0
753899,days_to_pending,2026-07-31,22.0
753899,days_to_pending,2026-08-31,24.0
394347,inventory,2021-09-30,22826.0
394347,inventory,2021-10-31,22110.0
394347,inventory,2021-11-30,20837.0
394347,inventory,2021-12-31,19090.0
394347,inventory,2022-01-31,17486.0
394347,inventory,2022-02-28,16413.0
394347,inventory,2022-03-31,16988.0
394347,inventory,2022-04-30,17628.0
394347,inventory,2022-05-31,18988.0
394347,inventory,2022-06-30,20518.0
394347,inventory,2022-07-31,22395.0
394347,inventory,2022-08-31,23987.0
394347,inventory,2022-09-30,24517.0
394347,inventory,2022-10-31,24426.0
394347,inventory,2022-11-30,23389.0
394347,inventory,2022-12-31,21859.0
394347,inventory,2023-01-31,20274.0
394347,inventory,2023-02-28,18909.0
394347,inventory,2023-03-31,18563.0
394347,inventory,2023-04-30,18264.0
394347,inventory,2023-05-31,18569.0
394347,inventory,2023-06-30,18887.0
394347,inventory,2023-07-31,19427.0
394347,inventory,2023-08-31,19833.0
394347,inventory,2023-09-30,20065.0
394347,inventory,2023-10-31,20328.0
394347,inventory,2023-11-30,20277.0
394347,inventory,2023-12-31,19546.0
394347,inventory,2024-01-31,18872.0
394347,inventory,2024-02-29,18882.0
394347,inventory,2024-03-31,20027.0
394347,inventory,2024-04-30,21624.0
394347,inventory,2024-05-31,23407.0
394347,inventory,2024-06-30,25095.0
394347,inventory,2024-07-31,26286.0
394347,inventory,2024-08-31,27027.0
394347,inventory,2024-09-30,27232.0
394347,inventory,2024-10-31,27670.0
394347,inventory,2024-11-30,27505.0
394347,inventory,2024-12-31,26762.0
394347,inventory,2025-01-31,26006.0
394347,inventory,2025-02-28,25953.0
394347,inventory,2025-03-31,27468.0
394347,inventory,2025-04-30,29258.0
394347,inventory,2025-05-31,31457.0
394347,inventory,2025-06-30,33069.0
394347,inventory,2025-07-31,34004.0
394347,inventory,2025-08-31,34140.0
394347,inventory,2025-09-30,33628.0
394347,inventory,2025-10-31,33182.0
394347,inventory,2025-11-30,32072.0
394347,inventory,2025-12-31,30384.0
394347,inventory,2026-01-31,28684.0
394347,inventory,2026-02-28,27810.0
394347,inventory,2026-03-31,28732.0
394347,inventory,2026-04-30,30336.0
394347,inventory,2026-05-31,32227.0
394347,inventory,2026-06-30,33425.0
394347,inventory,2026-07-31,33934.0
394347,inventory,2026-08-31,34194.0
394404,inventory,2021-09-30,11369.0
394404,inventory,2021-10-31,11398.0
394404,inventory,2021-11-30,10654.0
394404,inventory,2021-12-31,8634.0
394404,inventory,2022-01-31,6734.0
394404,inventory,2022-02-28,5707.0
394404,inventory,2022-03-31,6542.0
394404,inventory,2022-04-30,7875.0
394404,inventory,2022-05-31,9695.0
394404,inventory,2022-06-30,11402.0
394404,inventory,2022-07-31,11871.0
394404,inventory,2022-08-31,11544.0
394404,inventory,2022-09-30,10569.0
394404,inventory,2022-10-31,10396.0
394404,inventory,2022-11-30,9895.0
394404,inventory,2022-12-31,8479.0
394404,inventory,2023-01-31,7052.0
394404,inventory,2023-02-28,6088.0
394404,inventory,2023-03-31,6491.0
394404,inventory,2023-04-30,7151.0
394404,inventory,2023-05-31,8187.0
394404,inventory,2023-06-30,8563.0
394404,inventory,2023-07-31,8409.0
394404,inventory,2023-08-31,7915.0
394404,inventory,2023-09-30,7776.0
394404,inventory,2023-10-31,8079.0
394404,inventory,2023-11-30,8046.0
394404,inventory,2023-12-31,7111.0
394404,inventory,2024-01-31,6069.0
394404,inventory,2024-02-29,5571.0
394404,inventory,2024-03-31,6045.0
394404,inventory,2024-04-30,6983.0
394404,inventory,2024-05-31,8322.0
394404,inventory,2024-06-30,9456.0
394404,inventory,2024-07-31,9861.0
394404,inventory,2024-08-31,9472.0
394404,inventory,2024-09-30,9420.0
394404,inventory,2024-10-31,9665.0
394404,inventory,2024-11-30,9437.0
394404,inventory,2024-12-31,7983.0
394404,inventory,2025-01-31,6585.0
394404,inventory,2025-02-28,5935.0
394404,inventory,2025-03-31,6715.0
394404,inventory,2025-04-30,8174.0
394404,inventory,2025-05-31,10062.0
394404,inventory,2025-06-30,11426.0
394404,inventory,2025-07-31,11640.0
394404,inventory,2025-08-31,11163.0
394404,inventory,2025-09-30,11019.0
394404,inventory,2025-10-31,11228.0
394404,inventory,2025-11-30,10931.0
394404,inventory,2025-12-31,9276.0
394404,inventory,2026-01-31,7561.0
394404,inventory,2026-02-28,6526.0
394404,inventory,2026-03-31,7151.0
394404,inventory,2026-04-30,8755.0
394404,inventory,2026-05-31,10983.0
394404,inventory,2026-06-30,12658.0
394404,inventory,2026-07-31,13019.0
394404,inventory,2026-08-31,12631.0
394463,inventory,2021-09-30,39806.0
394463,inventory,2021-10-31,38727.0
394463,inventory,2021-11-30,35528.0
394463,inventory,2021-12-31,30559.0
394463,inventory,2022-01-31,25580.0
394463,inventory,2022-02-28,22343.0
394463,inventory,2022-03-31,22775.0
394463,inventory,2022-04-30,24246.0
394463,inventory,2022-05-31,26775.0
394463,inventory,2022-06-30,28894.0
394463,inventory,2022-07-31,30846.0
394463,inventory,2022-08-31,31876.0
394463,inventory,2022-09-30,31682.0
394463,inventory,2022-10-31,30798.0
394463,inventory,2022-11-30,28771.0
394463,inventory,2022-12-31,25674.0
394463,inventory,2023-01-31,22770.0
394463,inventory,2023-02-28,20829.0
394463,inventory,2023-03-31,20922.0
394463,inventory,2023-04-30,21214.0
394463,inventory,2023-05-31,21880.0
394463,inventory,2023-06-30,22230.0
394463,inventory,2023-07-31,22571.0
394463,inventory,2023-08-31,22830.0
394463,inventory,2023-09-30,22737.0
394463,inventory,2023-10-31,22644.0
394463,inventory,2023-11-30,21781.0
394463,inventory,2023-12-31,19944.0
394463,inventory,2024-01-31,17943.0
394463,inventory,2024-02-29,17193.0
394463,inventory,2024-03-31,17862.0
394463,inventory,2024-04-30,19099.0
394463,inventory,2024-05-31,20419.0
394463,inventory,2024-06-30,21738.0
394463,inventory,2024-07-31,22811.0
394463,inventory,2024-08-31,23445.0
394463,inventory,2024-09-30,23822.0
394463,inventory,2024-10-31,24170.0
394463,inventory,2024-11-30,23408.0
394463,inventory,2024-12-31,21405.0
394463,inventory,2025-01-31,19217.0
394463,inventory,2025-02-28,18165.0
394463,inventory,2025-03-31,18896.0
394463,inventory,2025-04-30,20089.0
394463,inventory,2025-05-31,21804.0
394463,inventory,2025-06-30,23133.0
394463,inventory,2025-07-31,24026.0
394463,inventory,2025-08-31,24129.0
394463,inventory,2025-09-30,24076.0
394463,inventory,2025-10-31,23989.0
394463,inventory,2025-11-30,22985.0
394463,inventory,2025-12-31,20628.0
394463,inventory,2026-01-31,18354.0
394463,inventory,2026-02-28,17282.0
394463,inventory,2026-03-31,18268.0
394463,inventory,2026-04-30,19753.0
394463,inventory,2026-05-31,21673.0
394463,inventory,2026-06-30,23157.0
394463,inventory,2026-07-31,24122.0
394463,inventory,2026-08-31,24419.0
394514,inventory,2021-09-30,23945.0
394514,inventory,2021-10-31,23080.0
394514,inventory,2021-11-30,21361.0
394514,inventory,2021-12-31,19025.0
394514,inventory,2022-01-31,16641.0
394514,inventory,2022-02-28,14913.0
394514,inventory,2022-03-31,14911.0
394514,inventory,2022-04-30,15053.0
394514,inventory,2022-05-31,16146.0
394514,inventory,2022-06-30,17845.0
394514,inventory,2022-07-31,20485.0
394514,inventory,2022-08-31,22365.0
394514,inventory,2022-09-30,22863.0
394514,inventory,2022-10-31,22445.0
394514,inventory,2022-11-30,21500.0
394514,inventory,2022-12-31,19985.0
394514,inventory,2023-01-31,18560.0
394514,inventory,2023-02-28,17106.0
394514,inventory,2023-03-31,17053.0
394514,inventory,2023-04-30,17959.0
394514,inventory,2023-05-31,19975.0
394514,inventory,2023-06-30,21723.0
394514,inventory,2023-07-31,22729.0
394514,inventory,2023-08-31,23214.0
394514,inventory,2023-09-30,23283.0
394514,inventory,2023-10-31,23397.0
394514,inventory,2023-11-30,23226.0
394514,inventory,2023-12-31,22526.0
394514,inventory,2024-01-31,21624.0
394514,inventory,2024-02-29,21366.0
394514,inventory,2024-03-31,22467.0
394514,inventory,2024-04-30,24293.0
394514,inventory,2024-05-31,26387.0
394514,inventory,2024-06-30,28697.0
394514,inventory,2024-07-31,30590.0
394514,inventory,2024-08-31,31985.0
394514,inventory,2024-09-30,32243.0
394514,inventory,2024-10-31,32305.0
394514,inventory,2024-11-30,31580.0
394514,inventory,2024-12-31,30129.0
394514,inventory,2025-01-31,28741.0
394514,inventory,2025-02-28,28211.0
394514,inventory,2025-03-31,29656.0
394514,inventory,2025-04-30,31942.0
394514,inventory,2025-05-31,35041.0
394514,inventory,2025-06-30,37501.0
394514,inventory,2025-07-31,38954.0
394514,inventory,2025-08-31,39091.0
394514,inventory,2025-09-30,38268.0
394514,inventory,2025-10-31,37328.0
394514,inventory,2025-11-30,35783.0
394514,inventory,2025-12-31,33498.0
394514,inventory,2026-01-31,31315.0
394514,inventory,2026-02-28,30189.0
394514,inventory,2026-03-31,31276.0
394514,inventory,2026-04-30,32753.0
394514,inventory,2026-05-31,34593.0
394514,inventory,2026-06-30,35802.0
394514,inventory,2026-07-31,36856.0
394514,inventory,2026-08-31,37227.0
394532,inventory,2021-09-30,15760.0
394532,inventory,2021-10-31,15791.0
394532,inventory,2021-11-30,14810.0
394532,inventory,2021-12-31,13047.0
394532,inventory,2022-01-31,11244.0
394532,inventory,2022-02-28,9681.0
394532,inventory,2022-03-31,9655.0
394532,inventory,2022-04-30,10222.0
394532,inventory,2022-05-31,11632.0
394532,inventory,2022-06-30,13120.0
394532,inventory,2022-07-31,14606.0
394532,inventory,2022-08-31,15718.0
394532,inventory,2022-09-30,15984.0
394532,inventory,2022-10-31,15776.0
394532,inventory,2022-11-30,14851.0
394532,inventory,2022-12-31,13610.0
394532,inventory,2023-01-31,12249.0
394532,inventory,2023-02-28,11011.0
394532,inventory,2023-03-31,10493.0
394532,inventory,2023-04-30,10298.0
394532,inventory,2023-05-31,10719.0
394532,inventory,2023-06-30,11180.0
394532,inventory,2023-07-31,11609.0
394532,inventory,2023-08-31,12078.0
394532,inventory,2023-09-30,12193.0
394532,inventory,2023-10-31,12280.0
394532,inventory,2023-11-30,11924.0
394532,inventory,2023-12-31,11230.0
394532,inventory,2024-01-31,10425.0
394532,inventory,2024-02-29,9737.0
394532,inventory,2024-03-31,9762.0
394532,inventory,2024-04-30,10014.0
394532,inventory,2024-05-31,10799.0
394532,inventory,2024-06-30,11758.0
394532,inventory,2024-07-31,12399.0
394532,inventory,2024-08-31,12948.0
394532,inventory,2024-09-30,13108.0
394532,inventory,2024-10-31,13390.0
394532,inventory,2024-11-30,12983.0
394532,inventory,2024-12-31,12056.0
394532,inventory,2025-01-31,11099.0
394532,inventory,2025-02-28,10253.0
394532,inventory,2025-03-31,10297.0
394532,inventory,2025-04-30,10676.0
394532,inventory,2025-05-31,11819.0
394532,inventory,2025-06-30,12911.0
394532,inventory,2025-07-31,13824.0
394532,inventory,2025-08-31,14446.0
394532,inventory,2025-09-30,14813.0
394532,inventory,2025-10-31,15157.0
394532,inventory,2025-11-30,14863.0
394532,inventory,2025-12-31,13841.0
394532,inventory,2026-01-31,12575.0
394532,inventory,2026-02-28,11573.0
394532,inventory,2026-03-31,11652.0
394532,inventory,2026-04-30,12217.0
394532,inventory,2026-05-31,13356.0
394532,inventory,2026-06-30,14371.0
394532,inventory,2026-07-31,15299.0
394532,inventory,2026-08-31,16070.0
394692,inventory,2021-09-30,23040.0
394692,inventory,2021-10-31,22255.0
394692,inventory,2021-11-30,20832.0
394692,inventory,2021-12-31,18991.0
394692,inventory,2022-01-31,17546.0
394692,inventory,2022-02-28,16386.0
394692,inventory,2022-03-31,16692.0
394692,inventory,2022-04-30,17175.0
394692,inventory,2022-05-31,18420.0
394692,inventory,2022-06-30,19852.0
394692,inventory,2022-07-31,21624.0
394692,inventory,2022-08-31,23069.0
394692,inventory,2022-09-30,23666.0
394692,inventory,2022-10-31,23545.0
394692,inventory,2022-11-30,22815.0
394692,inventory,2022-12-31,21748.0
394692,inventory,2023-01-31,20780.0
394692,inventory,2023-02-28,20065.0
394692,inventory,2023-03-31,20507.0
394692,inventory,2023-04-30,20859.0
394692,inventory,2023-05-31,21556.0
394692,inventory,2023-06-30,22017.0
394692,inventory,2023-07-31,22737.0
394692,inventory,2023-08-31,23260.0
394692,inventory,2023-09-30,23332.0
394692,inventory,2023-10-31,23217.0
394692,inventory,2023-11-30,22932.0
394692,inventory,2023-12-31,22234.0
394692,inventory,2024-01-31,21656.0
394692,inventory,2024-02-29,21665.0
394692,inventory,2024-03-31,22770.0
394692,inventory,2024-04-30,24226.0
394692,inventory,2024-05-31,25881.0
394692,inventory,2024-06-30,27510.0
394692,inventory,2024-07-31,28324.0
394692,inventory,2024-08-31,28979.0
394692,inventory,2024-09-30,28956.0
394692,inventory,2024-10-31,29270.0
394692,inventory,2024-11-30,28856.0
394692,inventory,2024-12-31,28089.0
394692,inventory,2025-01-31,27451.0
394692,inventory,2025-02-28,27564.0
394692,inventory,2025-03-31,29191.0
394692,inventory,2025-04-30,31347.0
394692,inventory,2025-05-31,33891.0
394692,inventory,2025-06-30,35690.0
394692,inventory,2025-07-31,37131.0
394692,inventory,2025-08-31,37613.0
394692,inventory,2025-09-30,37387.0
394692,inventory,2025-10-31,36740.0
394692,inventory,2025-11-30,35645.0
394692,inventory,2025-12-31,34098.0
394692,inventory,2026-01-31,32690.0
394692,inventory,2026-02-28,32196.0
394692,inventory,2026-03-31,33445.0
394692,inventory,2026-04-30,35048.0
394692,inventory,2026-05-31,36677.0
394692,inventory,2026-06-30,37657.0
394692,inventory,2026-07-31,38506.0
394692,inventory,2026-08-31,38882.0
394856,inventory,2021-09-30,33003.0
394856,inventory,2021-10-31,32325.0
394856,inventory,2021-11-30,30955.0
394856,inventory,2021-12-31,29085.0
394856,inventory,2022-01-31,27483.0
394856,inventory,2022-02-28,25998.0
394856,inventory,2022-03-31,25760.0
394856,inventory,2022-04-30,25059.0
394856,inventory,2022-05-31,25474.0
394856,inventory,2022-06-30,26465.0
394856,inventory,2022-07-31,28557.0
394856,inventory,2022-08-31,30756.0
394856,inventory,2022-09-30,31767.0
394856,inventory,2022-10-31,32323.0
394856,inventory,2022-11-30,32290.0
394856,inventory,2022-12-31,32528.0
394856,inventory,2023-01-31,33272.0
394856,inventory,2023-02-28,33759.0
394856,inventory,2023-03-31,34451.0
394856,inventory,2023-04-30,33640.0
394856,inventory,2023-05-31,32929.0
394856,inventory,2023-06-30,31869.0
394856,inventory,2023-07-31,31348.0
394856,inventory,2023-08-31,31145.0
394856,inventory,2023-09-30,31393.0
394856,inventory,2023-10-31,32742.0
394856,inventory,2023-11-30,34280.0
394856,inventory,2023-12-31,35866.0
394856,inventory,2024-01-31,38150.0
394856,inventory,2024-02-29,41038.0
394856,inventory,2024-03-31,44020.0
394856,inventory,2024-04-30,45685.0
394856,inventory,2024-05-31,46372.0
394856,inventory,2024-06-30,46841.0
394856,inventory,2024-07-31,46947.0
394856,inventory,2024-08-31,47125.0
394856,inventory,2024-09-30,47444.0
394856,inventory,2024-10-31,48109.0
394856,inventory,2024-11-30,49138.0
394856,inventory,2024-12-31,50086.0
394856,inventory,2025-01-31,52176.0
394856,inventory,2025-02-28,54398.0
394856,inventory,2025-03-31,57256.0
394856,inventory,2025-04-30,58675.0
394856,inventory,2025-05-31,59317.0
394856,inventory,2025-06-30,58780.0
394856,inventory,2025-07-31,57795.0
394856,inventory,2025-08-31,56417.0
394856,inventory,2025-09-30,55077.0
394856,inventory,2025-10-31,54283.0
394856,inventory,2025-11-30,53787.0
394856,inventory,2025-12-31,53115.0
394856,inventory,2026-01-31,53101.0
394856,inventory,2026-02-28,53395.0
394856,inventory,2026-03-31,54312.0
394856,inventory,2026-04-30,53812.0
394856,inventory,2026-05-31,52638.0
394856,inventory,2026-06-30,51045.0
394856,inventory,2026-07-31,49583.0
394856,inventory,2026-08-31,48328.0
394913,inventory,2021-09-30,69101.0
394913,inventory,2021-10-31,67467.0
394913,inventory,2021-11-30,63984.0
394913,inventory,2021-12-31,57820.0
394913,inventory,2022-01-31,50768.0
394913,inventory,2022-02-28,46430.0
394913,inventory,2022-03-31,48039.0
394913,inventory,2022-04-30,51340.0
394913,inventory,2022-05-31,55710.0
394913,inventory,2022-06-30,58872.0
394913,inventory,2022-07-31,61312.0
394913,inventory,2022-08-31,61386.0
394913,inventory,2022-09-30,60262.0
394913,inventory,2022-10-31,58241.0
394913,inventory,2022-11-30,55450.0
394913,inventory,2022-12-31,50400.0
394913,inventory,2023-01-31,45916.0
394913,inventory,2023-02-28,42796.0
394913,inventory,2023-03-31,43253.0
394913,inventory,2023-04-30,44197.0
394913,inventory,2023-05-31,45956.0
394913,inventory,2023-06-30,46609.0
394913,inventory,2023-07-31,46421.0
394913,inventory,2023-08-31,45235.0
394913,inventory,2023-09-30,44010.0
394913,inventory,2023-10-31,44105.0
394913,inventory,2023-11-30,43672.0
394913,inventory,2023-12-31,41172.0
394913,inventory,2024-01-31,38061.0
394913,inventory,2024-02-29,36443.0
394913,inventory,2024-03-31,37837.0
394913,inventory,2024-04-30,40325.0
394913,inventory,2024-05-31,43387.0
394913,inventory,2024-06-30,45840.0
394913,inventory,2024-07-31,47234.0
394913,inventory,2024-08-31,46569.0
394913,inventory,2024-09-30,45915.0
394913,inventory,2024-10-31,45287.0
394913,inventory,2024-11-30,43896.0
394913,inventory,2024-12-31,40397.0
394913,inventory,2025-01-31,36838.0
394913,inventory,2025-02-28,35370.0
394913,inventory,2025-03-31,37433.0
394913,inventory,2025-04-30,40634.0
394913,inventory,2025-05-31,44829.0
394913,inventory,2025-06-30,47708.0
394913,inventory,2025-07-31,49038.0
394913,inventory,2025-08-31,48097.0
394913,inventory,2025-09-30,47267.0
394913,inventory,2025-10-31,46780.0
394913,inventory,2025-11-30,45625.0
394913,inventory,2025-12-31,41934.0
394913,inventory,2026-01-31,38091.0
394913,inventory,2026-02-28,35727.0
394913,inventory,2026-03-31,37165.0
394913,inventory,2026-04-30,40652.0
394913,inventory,2026-05-31,45324.0
394913,inventory,2026-06-30,48690.0
394913,inventory,2026-07-31,49864.0
394913,inventory,2026-08-31,49356.0
394974,inventory,2021-09-30,19135.0
394974,inventory,2021-10-31,18757.0
394974,inventory,2021-11-30,17493.0
394974,inventory,2021-12-31,15490.0
394974,inventory,2022-01-31,13328.0
394974,inventory,2022-02-28,11983.0
394974,inventory,2022-03-31,12376.0
394974,inventory,2022-04-30,13407.0
394974,inventory,2022-05-31,14797.0
394974,inventory,2022-06-30,15877.0
394974,inventory,2022-07-31,16534.0
394974,inventory,2022-08-31,16722.0
394974,inventory,2022-09-30,16360.0
394974,inventory,2022-10-31,16003.0
394974,inventory,2022-11-30,15231.0
394974,inventory,2022-12-31,13911.0
394974,inventory,2023-01-31,12593.0
394974,inventory,2023-02-28,11680.0
394974,inventory,2023-03-31,11912.0
394974,inventory,2023-04-30,12208.0
394974,inventory,2023-05-31,12719.0
394974,inventory,2023-06-30,12869.0
394974,inventory,2023-07-31,12885.0
394974,inventory,2023-08-31,12861.0
394974,inventory,2023-09-30,12916.0
394974,inventory,2023-10-31,13260.0
394974,inventory,2023-11-30,13197.0
394974,inventory,2023-12-31,12389.0
394974,inventory,2024-01-31,11358.0
394974,inventory,2024-02-29,10838.0
394974,inventory,2024-03-31,11297.0
394974,inventory,2024-04-30,12065.0
394974,inventory,2024-05-31,13048.0
394974,inventory,2024-06-30,13786.0
394974,inventory,2024-07-31,14152.0
394974,inventory,2024-08-31,14187.0
394974,inventory,2024-09-30,14242.0
394974,inventory,2024-10-31,14483.0
394974,inventory,2024-11-30,14296.0
394974,inventory,2024-12-31,13286.0
394974,inventory,2025-01-31,12187.0
394974,inventory,2025-02-28,11482.0
394974,inventory,2025-03-31,12174.0
394974,inventory,2025-04-30,13128.0
394974,inventory,2025-05-31,14519.0
394974,inventory,2025-06-30,15247.0
394974,inventory,2025-07-31,15662.0
394974,inventory,2025-08-31,15539.0
394974,inventory,2025-09-30,15592.0
394974,inventory,2025-10-31,15798.0
394974,inventory,2025-11-30,15506.0
394974,inventory,2025-12-31,14184.0
394974,inventory,2026-01-31,12711.0
394974,inventory,2026-02-28,11746.0
394974,inventory,2026-03-31,12348.0
394974,inventory,2026-04-30,13554.0
394974,inventory,2026-05-31,15298.0
394974,inventory,2026-06-30,16425.0
394974,inventory,2026-07-31,16942.0
394974,inventory,2026-08-31,16998.0
394976,inventory,2021-09-30,17836.0
394976,inventory,2021-10-31,18160.0
394976,inventory,2021-11-30,17765.0
394976,inventory,2021-12-31,16618.0
394976,inventory,2022-01-31,15277.0
394976,inventory,2022-02-28,14301.0
394976,inventory,2022-03-31,14537.0
394976,inventory,2022-04-30,15104.0
394976,inventory,2022-05-31,16533.0
394976,inventory,2022-06-30,18563.0
394976,inventory,2022-07-31,21149.0
394976,inventory,2022-08-31,23479.0
394976,inventory,2022-09-30,24756.0
394976,inventory,2022-10-31,25163.0
394976,inventory,2022-11-30,24433.0
394976,inventory,2022-12-31,22857.0
394976,inventory,2023-01-31,21340.0
394976,inventory,2023-02-28,20253.0
394976,inventory,2023-03-31,20077.0
394976,inventory,2023-04-30,19436.0
394976,inventory,2023-05-31,18498.0
394976,inventory,2023-06-30,17221.0
394976,inventory,2023-07-31,15932.0
394976,inventory,2023-08-31,15172.0
394976,inventory,2023-09-30,14955.0
394976,inventory,2023-10-31,15645.0
394976,inventory,2023-11-30,16458.0
394976,inventory,2023-12-31,16717.0
394976,inventory,2024-01-31,16747.0
394976,inventory,2024-02-29,16887.0
394976,inventory,2024-03-31,17794.0
394976,inventory,2024-04-30,18585.0
394976,inventory,2024-05-31,19172.0
394976,inventory,2024-06-30,19219.0
394976,inventory,2024-07-31,18944.0
394976,inventory,2024-08-31,18709.0
394976,inventory,2024-09-30,18964.0
394976,inventory,2024-10-31,19839.0
394976,inventory,2024-11-30,20593.0
394976,inventory,2024-12-31,20452.0
394976,inventory,2025-01-31,21003.0
394976,inventory,2025-02-28,22069.0
394976,inventory,2025-03-31,24236.0
394976,inventory,2025-04-30,25532.0
394976,inventory,2025-05-31,26352.0
394976,inventory,2025-06-30,26245.0
394976,inventory,2025-07-31,25297.0
394976,inventory,2025-08-31,24003.0
394976,inventory,2025-09-30,23164.0
394976,inventory,2025-10-31,23390.0
394976,inventory,2025-11-30,23615.0
394976,inventory,2025-12-31,23016.0
394976,inventory,2026-01-31,22941.0
394976,inventory,2026-02-28,23588.0
394976,inventory,2026-03-31,25540.0
394976,inventory,2026-04-30,26377.0
394976,inventory,2026-05-31,26591.0
394976,inventory,2026-06-30,25798.0
394976,inventory,2026-07-31,24737.0
394976,inventory,2026-08-31,23831.0
395025,inventory,2021-09-30,13104.0
395025,inventory,2021-10-31,13191.0
395025,inventory,2021-11-30,12567.0
395025,inventory,2021-12-31,11142.0
395025,inventory,2022-01-31,9974.0
395025,inventory,2022-02-28,9346.0
395025,inventory,2022-03-31,9950.0
395025,inventory,2022-04-30,10628.0
395025,inventory,2022-05-31,11758.0
395025,inventory,2022-06-30,12986.0
395025,inventory,2022-07-31,14411.0
395025,inventory,2022-08-31,15441.0
395025,inventory,2022-09-30,15739.0
395025,inventory,2022-10-31,15584.0
395025,inventory,2022-11-30,14987.0
395025,inventory,2022-12-31,14071.0
395025,inventory,2023-01-31,13074.0
395025,inventory,2023-02-28,12115.0
395025,inventory,2023-03-31,11716.0
395025,inventory,2023-04-30,11305.0
395025,inventory,2023-05-31,11161.0
395025,inventory,2023-06-30,11015.0
395025,inventory,2023-07-31,11082.0
395025,inventory,2023-08-31,11209.0
395025,inventory,2023-09-30,11353.0
395025,inventory,2023-10-31,11616.0
395025,inventory,2023-11-30,11708.0
395025,inventory,2023-12-31,11454.0
395025,inventory,2024-01-31,11221.0
395025,inventory,2024-02-29,11114.0
395025,inventory,2024-03-31,11554.0
395025,inventory,2024-04-30,11990.0
395025,inventory,2024-05-31,12743.0
395025,inventory,2024-06-30,13446.0
395025,inventory,2024-07-31,14051.0
395025,inventory,2024-08-31,14352.0
395025,inventory,2024-09-30,14504.0
395025,inventory,2024-10-31,14824.0
395025,inventory,2024-11-30,14917.0
395025,inventory,2024-12-31,14600.0
395025,inventory,2025-01-31,14363.0
395025,inventory,2025-02-28,14498.0
395025,inventory,2025-03-31,15410.0
395025,inventory,2025-04-30,16272.0
395025,inventory,2025-05-31,17394.0
395025,inventory,2025-06-30,17964.0
395025,inventory,2025-07-31,18208.0
395025,inventory,2025-08-31,17871.0
395025,inventory,2025-09-30,17499.0
395025,inventory,2025-10-31,17223.0
395025,inventory,2025-11-30,16652.0
395025,inventory,2025-12-31,15807.0
395025,inventory,2026-01-31,15080.0
395025,inventory,2026-02-28,14866.0
395025,inventory,2026-03-31,15416.0
395025,inventory,2026-04-30,16005.0
395025,inventory,2026-05-31,16667.0
395025,inventory,2026-06-30,16900.0
395025,inventory,2026-07-31,16897.0
395025,inventory,2026-08-31,16693.0
395057,inventory,2021-09-30,8655.0
395057,inventory,2021-10-31,8595.0
395057,inventory,2021-11-30,7891.0
395057,inventory,2021-12-31,6376.0
395057,inventory,2022-01-31,4972.0
395057,inventory,2022-02-28,4746.0
395057,inventory,2022-03-31,5782.0
395057,inventory,2022-04-30,6918.0
395057,inventory,2022-05-31,7828.0
395057,inventory,2022-06-30,8498.0
395057,inventory,2022-07-31,9125.0
395057,inventory,2022-08-31,9379.0
395057,inventory,2022-09-30,9262.0
395057,inventory,2022-10-31,8941.0
395057,inventory,2022-11-30,8216.0
395057,inventory,2022-12-31,6901.0
395057,inventory,2023-01-31,5550.0
395057,inventory,2023-02-28,4868.0
395057,inventory,2023-03-31,5082.0
395057,inventory,2023-04-30,5536.0
395057,inventory,2023-05-31,6047.0
395057,inventory,2023-06-30,6295.0
395057,inventory,2023-07-31,6418.0
395057,inventory,2023-08-31,6398.0
395057,inventory,2023-09-30,6641.0
395057,inventory,2023-10-31,6930.0
395057,inventory,2023-11-30,6762.0
395057,inventory,2023-12-31,5788.0
395057,inventory,2024-01-31,4822.0
395057,inventory,2024-02-29,4544.0
395057,inventory,2024-03-31,5197.0
395057,inventory,2024-04-30,6160.0
395057,inventory,2024-05-31,7208.0
395057,inventory,2024-06-30,7908.0
395057,inventory,2024-07-31,8212.0
395057,inventory,2024-08-31,8130.0
395057,inventory,2024-09-30,8284.0
395057,inventory,2024-10-31,8507.0
395057,inventory,2024-11-30,8086.0
395057,inventory,2024-12-31,6827.0
395057,inventory,2025-01-31,5759.0
395057,inventory,2025-02-28,5785.0
395057,inventory,2025-03-31,6899.0
395057,inventory,2025-04-30,8200.0
395057,inventory,2025-05-31,9424.0
395057,inventory,2025-06-30,10034.0
395057,inventory,2025-07-31,10053.0
395057,inventory,2025-08-31,9511.0
395057,inventory,2025-09-30,9318.0
395057,inventory,2025-10-31,9197.0
395057,inventory,2025-11-30,8547.0
395057,inventory,2025-12-31,7020.0
395057,inventory,2026-01-31,5722.0
395057,inventory,2026-02-28,5506.0
395057,inventory,2026-03-31,6426.0
395057,inventory,2026-04-30,7531.0
395057,inventory,2026-05-31,8431.0
395057,inventory,2026-06-30,8724.0
395057,inventory,2026-07-31,8547.0
395057,inventory,2026-08-31,8196.0
395078,inventory,2021-09-30,9966.0
395078,inventory,2021-10-31,9357.0
395078,inventory,2021-11-30,8017.0
395078,inventory,2021-12-31,6032.0
395078,inventory,2022-01-31,4513.0
395078,inventory,2022-02-28,4223.0
395078,inventory,2022-03-31,5492.0
395078,inventory,2022-04-30,6947.0
395078,inventory,2022-05-31,8548.0
395078,inventory,2022-06-30,9917.0
395078,inventory,2022-07-31,11295.0
395078,inventory,2022-08-31,11941.0
395078,inventory,2022-09-30,11850.0
395078,inventory,2022-10-31,11111.0
395078,inventory,2022-11-30,9913.0
395078,inventory,2022-12-31,8266.0
395078,inventory,2023-01-31,6781.0
395078,inventory,2023-02-28,5740.0
395078,inventory,2023-03-31,5715.0
395078,inventory,2023-04-30,5894.0
395078,inventory,2023-05-31,6520.0
395078,inventory,2023-06-30,7006.0
395078,inventory,2023-07-31,7470.0
395078,inventory,2023-08-31,7698.0
395078,inventory,2023-09-30,7774.0
395078,inventory,2023-10-31,7656.0
395078,inventory,2023-11-30,7122.0
395078,inventory,2023-12-31,6040.0
395078,inventory,2024-01-31,5103.0
395078,inventory,2024-02-29,4786.0
395078,inventory,2024-03-31,5352.0
395078,inventory,2024-04-30,6282.0
395078,inventory,2024-05-31,7567.0
395078,inventory,2024-06-30,8793.0
395078,inventory,2024-07-31,9729.0
395078,inventory,2024-08-31,10064.0
395078,inventory,2024-09-30,10169.0
395078,inventory,2024-10-31,10059.0
395078,inventory,2024-11-30,9231.0
395078,inventory,2024-12-31,7641.0
395078,inventory,2025-01-31,6393.0
395078,inventory,2025-02-28,6010.0
395078,inventory,2025-03-31,6862.0
395078,inventory,2025-04-30,7975.0
395078,inventory,2025-05-31,9790.0
395078,inventory,2025-06-30,11333.0
395078,inventory,2025-07-31,12508.0
395078,inventory,2025-08-31,12623.0
395078,inventory,2025-09-30,12509.0
395078,inventory,2025-10-31,12082.0
395078,inventory,2025-11-30,11143.0
395078,inventory,2025-12-31,9312.0
395078,inventory,2026-01-31,7861.0
395078,inventory,2026-02-28,7481.0
395078,inventory,2026-03-31,8526.0
395078,inventory,2026-04-30,10045.0
395078,inventory,2026-05-31,11842.0
395078,inventory,2026-06-30,13338.0
395078,inventory,2026-07-31,14444.0
395078,inventory,2026-08-31,14934.0
395209,inventory,2021-09-30,19858.0
395209,inventory,2021-10-31,19315.0
395209,inventory,2021-11-30,17691.0
395209,inventory,2021-12-31,14628.0
395209,inventory,2022-01-31,11544.0
395209,inventory,2022-02-28,10075.0
395209,inventory,2022-03-31,10956.0
395209,inventory,2022-04-30,12831.0
395209,inventory,2022-05-31,14874.0
395209,inventory,2022-06-30,16216.0
395209,inventory,2022-07-31,16872.0
395209,inventory,2022-08-31,16759.0
395209,inventory,2022-09-30,16434.0
395209,inventory,2022-10-31,15803.0
395209,inventory,2022-11-30,14801.0
395209,inventory,2022-12-31,12891.0
395209,inventory,2023-01-31,11091.0
395209,inventory,2023-02-28,9733.0
395209,inventory,2023-03-31,9925.0
395209,inventory,2023-04-30,10457.0
395209,inventory,2023-05-31,11309.0
395209,inventory,2023-06-30,11503.0
395209,inventory,2023-07-31,11465.0
395209,inventory,2023-08-31,11232.0
395209,inventory,2023-09-30,11208.0
395209,inventory,2023-10-31,11263.0
395209,inventory,2023-11-30,11062.0
395209,inventory,2023-12-31,9977.0
395209,inventory,2024-01-31,8812.0
395209,inventory,2024-02-29,8330.0
395209,inventory,2024-03-31,9079.0
395209,inventory,2024-04-30,10354.0
395209,inventory,2024-05-31,11883.0
395209,inventory,2024-06-30,13020.0
395209,inventory,2024-07-31,13498.0
395209,inventory,2024-08-31,13337.0
395209,inventory,2024-09-30,13319.0
395209,inventory,2024-10-31,13456.0
395209,inventory,2024-11-30,13195.0
395209,inventory,2024-12-31,11813.0
395209,inventory,2025-01-31,10528.0
395209,inventory,2025-02-28,10045.0
395209,inventory,2025-03-31,11500.0
395209,inventory,2025-04-30,13576.0
395209,inventory,2025-05-31,16107.0
395209,inventory,2025-06-30,17490.0
395209,inventory,2025-07-31,17973.0
395209,inventory,2025-08-31,17595.0
395209,inventory,2025-09-30,17461.0
395209,inventory,2025-10-31,17632.0
395209,inventory,2025-11-30,17100.0
395209,inventory,2025-12-31,15374.0
395209,inventory,2026-01-31,13376.0
395209,inventory,2026-02-28,12350.0
395209,inventory,2026-03-31,13277.0
395209,inventory,2026-04-30,15199.0
395209,inventory,2026-05-31,17433.0
395209,inventory,2026-06-30,18796.0
395209,inventory,2026-07-31,19343.0
395209,inventory,2026-08-31,19259.0
753899,inventory,2021-09-30,21609.0
753899,inventory,2021-10-31,20711.0
753899,inventory,2021-11-30,18955.0
753899,inventory,2021-12-31,16307.0
753899,inventory,2022-01-31,14161.0
753899,inventory,2022-02-28,13376.0
753899,inventory,2022-03-31,14653.0
753899,inventory,2022-04-30,16023.0
753899,inventory,2022-05-31,17635.0
753899,inventory,2022-06-30,19187.0
753899,inventory,2022-07-31,21015.0
753899,inventory,2022-08-31,22264.0
753899,inventory,2022-09-30,22400.0
753899,inventory,2022-10-31,21803.0
753899,inventory,2022-11-30,20477.0
753899,inventory,2022-12-31,18604.0
753899,inventory,2023-01-31,16767.0
753899,inventory,2023-02-28,15382.0
753899,inventory,2023-03-31,15214.0
753899,inventory,2023-04-30,15103.0
753899,inventory,2023-05-31,15305.0
753899,inventory,2023-06-30,15439.0
753899,inventory,2023-07-31,15803.0
753899,inventory,2023-08-31,16117.0
753899,inventory,2023-09-30,16196.0
753899,inventory,2023-10-31,16344.0
753899,inventory,2023-11-30,16051.0
753899,inventory,2023-12-31,15050.0
753899,inventory,2024-01-31,14186.0
753899,inventory,2024-02-29,13875.0
753899,inventory,2024-03-31,14711.0
753899,inventory,2024-04-30,15705.0
753899,inventory,2024-05-31,17089.0
753899,inventory,2024-06-30,18536.0
753899,inventory,2024-07-31,19886.0
753899,inventory,2024-08-31,20752.0
753899,inventory,2024-09-30,21350.0
753899,inventory,2024-10-31,21620.0
753899,inventory,2024-11-30,20983.0
753899,inventory,2024-12-31,19301.0
753899,inventory,2025-01-31,18129.0
753899,inventory,2025-02-28,18171.0
753899,inventory,2025-03-31,19912.0
753899,inventory,2025-04-30,21628.0
753899,inventory,2025-05-31,23659.0
753899,inventory,2025-06-30,25128.0
753899,inventory,2025-07-31,26379.0
753899,inventory,2025-08-31,26688.0
753899,inventory,2025-09-30,26540.0
753899,inventory,2025-10-31,25800.0
753899,inventory,2025-11-30,24235.0
753899,inventory,2025-12-31,21849.0
753899,inventory,2026-01-31,20064.0
753899,inventory,2026-02-28,19707.0
753899,inventory,2026-03-31,21155.0
753899,inventory,2026-04-30,22774.0
753899,inventory,2026-05-31,24372.0
753899,inventory,2026-06-30,25314.0
753899,inventory,2026-07-31,25991.0
753899,inventory,2026-08-31,26340.0
394347,median_sale_price,2021-08-31,308000.0
394347,median_sale_price,2021-09-30,309000.0
394347,median_sale_price,2021-10-31,315000.0
394347,median_sale_price,2021-11-30,320000.0
394347,median_sale_price,2021-12-31,321100.0
394347,median_sale_price,2022-01-31,310000.0
394347,median_sale_price,2022-02-28,323300.0
394347,median_sale_price,2022-03-31,335500.0
394347,median_sale_price,2022-04-30,350000.0
394347,median_sale_price,2022-05-31,360000.0
394347,median_sale_price,2022-06-30,363000.0
394347,median_sale_price,2022-07-31,355000.0
394347,median_sale_price,2022-08-31,343800.0
394347,median_sale_price,2022-09-30,340000.0
394347,median_sale_price,2022-10-31,335000.0
394347,median_sale_price,2022-11-30,330000.0
394347,median_sale_price,2022-12-31,325000.0
394347,median_sale_price,2023-01-31,318833.0
394347,median_sale_price,2023-02-28,332250.0
394347,median_sale_price,2023-03-31,340000.0
394347,median_sale_price,2023-04-30,350000.0
394347,median_sale_price,2023-05-31,360000.0
394347,median_sale_price,2023-06-30,370000.0
394347,median_sale_price,2023-07-31,370000.0
394347,median_sale_price,2023-08-31,360000.0
394347,median_sale_price,2023-09-30,355000.0
394347,median_sale_price,2023-10-31,350000.0
394347,median_sale_price,2023-11-30,345000.0
394347,median_sale_price,2023-12-31,340000.0
394347,median_sale_price,2024-01-31,335000.0
394347,median_sale_price,2024-02-29,360000.0
394347,median_sale_price,2024-03-31,365000.0
394347,median_sale_price,2024-04-30,369700.0
394347,median_sale_price,2024-05-31,380000.0
394347,median_sale_price,2024-06-30,389000.0
394347,median_sale_price,2024-07-31,377450.0
394347,median_sale_price,2024-08-31,368000.0
394347,median_sale_price,2024-09-30,370000.0
394347,median_sale_price,2024-10-31,360000.0
394347,median_sale_price,2024-11-30,359900.0
394347,median_sale_price,2024-12-31,364900.0
394347,median_sale_price,2025-01-31,350000.0
394347,median_sale_price,2025-02-28,359500.0
394347,median_sale_price,2025-03-31,370000.0
394347,median_sale_price,2025-04-30,375000.0
394347,median_sale_price,2025-05-31,380000.0
394347,median_sale_price,2025-06-30,393950.0
394347,median_sale_price,2025-07-31,380000.0
394347,median_sale_price,2025-08-31,375000.0
394347,median_sale_price,2025-09-30,365000.0
394347,median_sale_price,2025-10-31,359000.0
394347,median_sale_price,2025-11-30,365000.0
394347,median_sale_price,2025-12-31,359450.0
394347,median_sale_price,2026-01-31,350000.0
394347,median_sale_price,2026-02-28,367500.0
394347,median_sale_price,2026-03-31,370000.0
394347,median_sale_price,2026-04-30,384200.0
394347,median_sale_price,2026-05-31,390000.0
394347,median_sale_price,2026-06-30,397500.0
394347,median_sale_price,2026-07-31,390000.0
394404,median_sale_price,2021-08-31,582000.0
394404,median_sale_price,2021-09-30,550000.0
394404,median_sale_price,2021-10-31,545000.0
394404,median_sale_price,2021-11-30,560000.0
394404,median_sale_price,2021-12-31,560000.0
394404,median_sale_price,2022-01-31,544000.0
394404,median_sale_price,2022-02-28,540000.0
394404,median_sale_price,2022-03-31,585000.0
394404,median_sale_price,2022-04-30,624900.0
394404,median_sale_price,2022-05-31,640000.0
394404,median_sale_price,2022-06-30,670000.0
394404,median_sale_price,2022-07-31,645000.0
394404,median_sale_price,2022-08-31,630000.0
394404,median_sale_price,2022-09-30,600000.0
394404,median_sale_price,2022-10-31,589250.0
394404,median_sale_price,2022-11-30,589900.0
394404,median_sale_price,2022-12-31,560000.0
394404,median_sale_price,2023-01-31,560000.0
394404,median_sale_price,2023-02-28,549000.0
394404,median_sale_price,2023-03-31,595000.0
394404,median_sale_price,2023-04-30,622000.0
394404,median_sale_price,2023-05-31,640000.0
394404,median_sale_price,2023-06-30,675250.0
394404,median_sale_price,2023-07-31,675000.0
394404,median_sale_price,2023-08-31,650000.0
394404,median_sale_price,2023-09-30,620000.0
394404,median_sale_price,2023-10-31,630000.0
394404,median_sale_price,2023-11-30,620000.0
394404,median_sale_price,2023-12-31,600000.0
394404,median_sale_price,2024-01-31,610000.0
394404,median_sale_price,2024-02-29,600000.0
394404,median_sale_price,2024-03-31,645000.0
394404,median_sale_price,2024-04-30,650000.0
394404,median_sale_price,2024-05-31,680000.0
394404,median_sale_price,2024-06-30,717500.0
394404,median_sale_price,2024-07-31,699900.0
394404,median_sale_price,2024-08-31,675000.0
394404,median_sale_price,2024-09-30,650000.0
394404,median_sale_price,2024-10-31,650000.0
394404,median_sale_price,2024-11-30,650850.0
394404,median_sale_price,2024-12-31,650000.0
394404,median_sale_price,2025-01-31,650000.0
394404,median_sale_price,2025-02-28,645000.0
394404,median_sale_price,2025-03-31,672000.0
394404,median_sale_price,2025-04-30,689000.0
394404,median_sale_price,2025-05-31,721000.0
394404,median_sale_price,2025-06-30,733000.0
394404,median_sale_price,2025-07-31,715000.0
394404,median_sale_price,2025-08-31,713500.0
394404,median_sale_price,2025-09-30,665000.0
394404,median_sale_price,2025-10-31,685000.0
394404,median_sale_price,2025-11-30,682517.0
394404,median_sale_price,2025-12-31,671500.0
394404,median_sale_price,2026-01-31,674450.0
394404,median_sale_price,2026-02-28,639500.0
394404,median_sale_price,2026-03-31,680000.0
394404,median_sale_price,2026-04-30,710000.0
394404,median_sale_price,2026-05-31,725000.0
394404,median_sale_price,2026-06-30,752000.0
394404,median_sale_price,2026-07-31,730000.0
394463,median_sale_price,2021-08-31,275000.0
394463,median_sale_price,2021-09-30,265000.0
394463,median_sale_price,2021-10-31,265000.0
394463,median_sale_price,2021-11-30,265000.0
394463,median_sale_price,2021-12-31,262000.0
394463,median_sale_price,2022-01-31,258000.0
394463,median_sale_price,2022-02-28,260000.0
394463,median_sale_price,2022-03-31,275000.0
394463,median_sale_price,2022-04-30,291000.0
394463,median_sale_price,2022-05-31,300000.0
394463,median_sale_price,2022-06-30,309500.0
394463,median_sale_price,2022-07-31,295000.0
394463,median_sale_price,2022-08-31,280000.0
394463,median_sale_price,2022-09-30,274500.0
394463,median_sale_price,2022-10-31,268000.0
394463,median_sale_price,2022-11-30,265000.0
394463,median_sale_price,2022-12-31,259000.0
394463,median_sale_price,2023-01-31,255000.0
394463,median_sale_price,2023-02-28,260000.0
394463,median_sale_price,2023-03-31,280000.0
394463,median_sale_price,2023-04-30,289000.0
394463,median_sale_price,2023-05-31,300000.0
394463,median_sale_price,2023-06-30,315000.0
394463,median_sale_price,2023-07-31,309000.0
394463,median_sale_price,2023-08-31,305000.0
394463,median_sale_price,2023-09-30,295000.0
394463,median_sale_price,2023-10-31,285000.0
394463,median_sale_price,2023-11-30,285000.0
394463,median_sale_price,2023-12-31,279250.0
394463,median_sale_price,2024-01-31,275000.0
394463,median_sale_price,2024-02-29,280000.0
394463,median_sale_price,2024-03-31,300000.0
394463,median_sale_price,2024-04-30,313000.0
394463,median_sale_price,2024-05-31,320000.0
394463,median_sale_price,2024-06-30,337000.0
394463,median_sale_price,2024-07-31,330000.0
394463,median_sale_price,2024-08-31,315000.0
394463,median_sale_price,2024-09-30,315000.0
394463,median_sale_price,2024-10-31,305000.0
394463,median_sale_price,2024-11-30,310000.0
394463,median_sale_price,2024-12-31,300000.0
394463,median_sale_price,2025-01-31,299000.0
394463,median_sale_price,2025-02-28,298000.0
394463,median_sale_price,2025-03-31,315000.0
394463,median_sale_price,2025-04-30,327000.0
394463,median_sale_price,2025-05-31,338000.0
394463,median_sale_price,2025-06-30,350000.0
394463,median_sale_price,2025-07-31,340000.0
394463,median_sale_price,2025-08-31,340000.0
394463,median_sale_price,2025-09-30,325000.0
394463,median_sale_price,2025-10-31,326000.0
394463,median_sale_price,2025-11-30,325000.0
394463,median_sale_price,2025-12-31,316000.0
394463,median_sale_price,2026-01-31,313000.0
394463,median_sale_price,2026-02-28,320000.0
394463,median_sale_price,2026-03-31,333250.0
394463,median_sale_price,2026-04-30,350000.0
394463,median_sale_price,2026-05-31,360000.0
394463,median_sale_price,2026-06-30,372000.0
394463,median_sale_price,2026-07-31,365000.0
394514,median_sale_price,2021-08-31,350000.0
394514,median_sale_price,2021-09-30,346000.0
394514,median_sale_price,2021-10-31,349995.0
394514,median_sale_price,2021-11-30,350000.0
394514,median_sale_price,2021-12-31,351983.0
394514,median_sale_price,2022-01-31,350000.0
394514,median_sale_price,2022-02-28,367365.0
394514,median_sale_price,2022-03-31,380000.0
394514,median_sale_price,2022-04-30,408500.0
394514,median_sale_price,2022-05-31,420000.0
394514,median_sale_price,2022-06-30,415000.0
394514,median_sale_price,2022-07-31,405000.0
394514,median_sale_price,2022-08-31,395000.0
394514,median_sale_price,2022-09-30,385000.0
394514,median_sale_price,2022-10-31,380000.0
394514,median_sale_price,2022-11-30,370000.0
394514,median_sale_price,2022-12-31,358500.0
394514,median_sale_price,2023-01-31,350000.0
394514,median_sale_price,2023-02-28,370000.0
394514,median_sale_price,2023-03-31,370000.0
394514,median_sale_price,2023-04-30,381000.0
394514,median_sale_price,2023-05-31,395000.0
394514,median_sale_price,2023-06-30,400000.0
394514,median_sale_price,2023-07-31,400000.0
394514,median_sale_price,2023-08-31,390000.0
394514,median_sale_price,2023-09-30,380000.0
394514,median_sale_price,2023-10-31,375000.0
394514,median_sale_price,2023-11-30,375000.0
394514,median_sale_price,2023-12-31,369000.0
394514,median_sale_price,2024-01-31,370000.0
394514,median_sale_price,2024-02-29,380250.0
394514,median_sale_price,2024-03-31,390500.0
394514,median_sale_price,2024-04-30,400000.0
394514,median_sale_price,2024-05-31,405028.0
394514,median_sale_price,2024-06-30,403000.0
394514,median_sale_price,2024-07-31,399000.0
394514,median_sale_price,2024-08-31,392000.0
394514,median_sale_price,2024-09-30,380000.0
394514,median_sale_price,2024-10-31,384500.0
394514,median_sale_price,2024-11-30,385000.0
394514,median_sale_price,2024-12-31,380000.0
394514,median_sale_price,2025-01-31,374950.0
394514,median_sale_price,2025-02-28,385000.0
394514,median_sale_price,2025-03-31,392500.0
394514,median_sale_price,2025-04-30,395000.0
394514,median_sale_price,2025-05-31,400000.0
394514,median_sale_price,2025-06-30,408000.0
394514,median_sale_price,2025-07-31,400000.0
394514,median_sale_price,2025-08-31,387000.0
394514,median_sale_price,2025-09-30,380000.0
394514,median_sale_price,2025-10-31,380000.0
394514,median_sale_price,2025-11-30,374000.0
394514,median_sale_price,2025-12-31,370000.0
394514,median_sale_price,2026-01-31,370000.0
394514,median_sale_price,2026-02-28,379050.0
394514,median_sale_price,2026-03-31,389000.0
394514,median_sale_price,2026-04-30,390000.0
394514,median_sale_price,2026-05-31,405000.0
394514,median_sale_price,2026-06-30,400000.0
394514,median_sale_price,2026-07-31,392000.0
394532,median_sale_price,2021-08-31,220000.0
394532,median_sale_price,2021-09-30,220000.0
394532,median_sale_price,2021-10-31,213000.0
394532,median_sale_price,2021-11-30,210000.0
394532,median_sale_price,2021-12-31,205000.0
394532,median_sale_price,2022-01-31,190000.0
394532,median_sale_price,2022-02-28,198000.0
394532,median_sale_price,2022-03-31,201750.0
394532,median_sale_price,2022-04-30,220000.0
394532,median_sale_price,2022-05-31,232750.0
394532,median_sale_price,2022-06-30,245500.0
394532,median_sale_price,2022-07-31,240000.0
394532,median_sale_price,2022-08-31,234000.0
394532,median_sale_price,2022-09-30,225000.0
394532,median_sale_price,2022-10-31,220000.0
394532,median_sale_price,2022-11-30,215000.0
394532,median_sale_price,2022-12-31,205000.0
394532,median_sale_price,2023-01-31,187750.0
394532,median_sale_price,2023-02-28,209000.0
394532,median_sale_price,2023-03-31,210000.0
394532,median_sale_price,2023-04-30,220000.0
394532,median_sale_price,2023-05-31,238000.0
394532,median_sale_price,2023-06-30,245000.0
394532,median_sale_price,2023-07-31,243000.0
394532,median_sale_price,2023-08-31,240000.0
394532,median_sale_price,2023-09-30,235000.0
394532,median_sale_price,2023-10-31,228000.0
394532,median_sale_price,2023-11-30,224000.0
394532,median_sale_price,2023-12-31,220000.0
394532,median_sale_price,2024-01-31,200000.0
394532,median_sale_price,2024-02-29,216000.0
394532,median_sale_price,2024-03-31,224500.0
394532,median_sale_price,2024-04-30,235000.0
394532,median_sale_price,2024-05-31,251875.0
394532,median_sale_price,2024-06-30,260000.0
394532,median_sale_price,2024-07-31,260000.0
394532,median_sale_price,2024-08-31,255500.0
394532,median_sale_price,2024-09-30,250000.0
394532,median_sale_price,2024-10-31,245000.0
394532,median_sale_price,2024-11-30,242500.0
394532,median_sale_price,2024-12-31,230000.0
394532,median_sale_price,2025-01-31,220000.0
394532,median_sale_price,2025-02-28,230000.0
394532,median_sale_price,2025-03-31,234000.0
394532,median_sale_price,2025-04-30,245000.0
394532,median_sale_price,2025-05-31,261000.0
394532,median_sale_price,2025-06-30,270000.0
394532,median_sale_price,2025-07-31,271300.0
394532,median_sale_price,2025-08-31,270000.0
394532,median_sale_price,2025-09-30,263000.0
394532,median_sale_price,2025-10-31,258000.0
394532,median_sale_price,2025-11-30,246000.0
394532,median_sale_price,2025-12-31,247000.0
394532,median_sale_price,2026-01-31,230000.0
394532,median_sale_price,2026-02-28,235000.0
394532,median_sale_price,2026-03-31,245000.0
394532,median_sale_price,2026-04-30,260000.0
394532,median_sale_price,2026-05-31,280000.0
394532,median_sale_price,2026-06-30,286000.0
394532,median_sale_price,2026-07-31,300000.0
394692,median_sale_price,2021-08-31,296500.0
394692,median_sale_price,2021-09-30,290000.0
394692,median_sale_price,2021-10-31,292000.0
394692,median_sale_price,2021-11-30,300000.0
394692,median_sale_price,2021-12-31,304575.0
394692,median_sale_price,2022-01-31,294000.0
394692,median_sale_price,2022-02-28,312000.0
394692,median_sale_price,2022-03-31,315000.0
394692,median_sale_price,2022-04-30,327000.0
394692,median_sale_price,2022-05-31,340000.0
394692,median_sale_price,2022-06-30,340000.0
394692,median_sale_price,2022-07-31,333000.0
394692,median_sale_price,2022-08-31,320000.0
394692,median_sale_price,2022-09-30,320000.0
394692,median_sale_price,2022-10-31,308949.0
394692,median_sale_price,2022-11-30,305000.0
394692,median_sale_price,2022-12-31,303241.0
394692,median_sale_price,2023-01-31,295000.0
394692,median_sale_price,2023-02-28,302340.0
394692,median_sale_price,2023-03-31,311000.0
394692,median_sale_price,2023-04-30,320000.0
394692,median_sale_price,2023-05-31,325000.0
394692,median_sale_price,2023-06-30,332000.0
394692,median_sale_price,2023-09-30,320000.0
394692,median_sale_price,2023-10-31,315000.0
394692,median_sale_price,2023-11-30,315000.0
394692,median_sale_price,2023-12-31,309999.0
394692,median_sale_price,2024-01-31,305000.0
394692,median_sale_price,2024-02-29,325000.0
394692,median_sale_price,2024-03-31,320000.0
394692,median_sale_price,2024-04-30,336000.0
394692,median_sale_price,2024-05-31,341200.0
394692,median_sale_price,2024-06-30,345000.0
394692,median_sale_price,2024-07-31,345000.0
394692,median_sale_price,2024-08-31,327000.0
394692,median_sale_price,2024-09-30,330000.0
394692,median_sale_price,2024-10-31,330000.0
394692,median_sale_price,2024-11-30,325000.0
394692,median_sale_price,2024-12-31,325000.0
394692,median_sale_price,2025-01-31,315000.0
394692,median_sale_price,2025-02-28,320800.0
394692,median_sale_price,2025-03-31,335000.0
394692,median_sale_price,2025-04-30,333000.0
394692,median_sale_price,2025-05-31,344900.0
394692,median_sale_price,2025-06-30,350000.0
394692,median_sale_price,2025-07-31,339990.0
394692,median_sale_price,2025-08-31,339000.0
394692,median_sale_price,2025-09-30,321650.0
394692,median_sale_price,2025-10-31,325000.0
394692,median_sale_price,2025-11-30,322000.0
394692,median_sale_price,2025-12-31,321397.0
394692,median_sale_price,2026-01-31,315000.0
394692,median_sale_price,2026-02-28,320000.0
394692,median_sale_price,2026-03-31,329000.0
394692,median_sale_price,2026-04-30,331000.0
394692,median_sale_price,2026-05-31,345000.0
394692,median_sale_price,2026-06-30,344150.0
394692,median_sale_price,2026-07-31,340000.0
394856,median_sale_price,2021-08-31,350000.0
394856,median_sale_price,2021-09-30,348300.0
394856,median_sale_price,2021-10-31,350000.0
394856,median_sale_price,2021-11-30,360000.0
394856,median_sale_price,2021-12-31,365000.0
394856,median_sale_price,2022-01-31,367200.0
394856,median_sale_price,2022-02-28,382000.0
394856,median_sale_price,2022-03-31,390000.0
394856,median_sale_price,2022-04-30,395000.0
394856,median_sale_price,2022-05-31,410000.0
394856,median_sale_price,2022-06-30,410000.0
394856,median_sale_price,2022-07-31,400000.0
394856,median_sale_price,2022-08-31,400000.0
394856,median_sale_price,2022-09-30,400000.0
394856,median_sale_price,2022-10-31,400000.0
394856,median_sale_price,2022-11-30,400000.0
394856,median_sale_price,2022-12-31,390000.0
394856,median_sale_price,2023-01-31,400000.0
394856,median_sale_price,2023-02-28,405000.0
394856,median_sale_price,2023-03-31,420000.0
394856,median_sale_price,2023-04-30,428000.0
394856,median_sale_price,2023-05-31,435000.0
394856,median_sale_price,2023-06-30,440000.0
394856,median_sale_price,2023-07-31,432250.0
394856,median_sale_price,2023-08-31,430750.0
394856,median_sale_price,2023-09-30,440000.0
394856,median_sale_price,2023-10-31,433500.0
394856,median_sale_price,2023-11-30,429000.0
394856,median_sale_price,2023-12-31,430000.0
394856,median_sale_price,2024-01-31,430000.0
394856,median_sale_price,2024-02-29,455000.0
394856,median_sale_price,2024-03-31,475000.0
394856,median_sale_price,2024-04-30,465000.0
394856,median_sale_price,2024-05-31,470000.0
394856,median_sale_price,2024-06-30,485000.0
394856,median_sale_price,2024-07-31,465000.0
394856,median_sale_price,2024-08-31,452250.0
394856,median_sale_price,2024-09-30,460000.0
394856,median_sale_price,2024-10-31,459000.0
394856,median_sale_price,2024-11-30,464000.0
394856,median_sale_price,2024-12-31,474999.0
394856,median_sale_price,2025-01-31,470000.0
394856,median_sale_price,2025-02-28,483000.0
394856,median_sale_price,2025-03-31,472250.0
394856,median_sale_price,2025-04-30,480000.0
394856,median_sale_price,2025-05-31,490000.0
394856,median_sale_price,2025-06-30,485000.0
394856,median_sale_price,2025-07-31,460000.0
394856,median_sale_price,2025-08-31,461000.0
394856,median_sale_price,2025-09-30,460000.0
394856,median_sale_price,2025-10-31,465000.0
394856,median_sale_price,2025-11-30,470000.0
394856,median_sale_price,2025-12-31,470000.0
394856,median_sale_price,2026-01-31,475000.0
394856,median_sale_price,2026-02-28,475000.0
394856,median_sale_price,2026-03-31,485000.0
394856,median_sale_price,2026-04-30,485000.0
394856,median_sale_price,2026-05-31,495000.0
394856,median_sale_price,2026-06-30,500000.0
394856,median_sale_price,2026-07-31,480000.0
394913,median_sale_price,2021-08-31,525000.0
394913,median_sale_price,2021-09-30,515000.0
394913,median_sale_price,2021-10-31,509000.0
394913,median_sale_price,2021-11-30,505000.0
394913,median_sale_price,2021-12-31,505000.0
394913,median_sale_price,2022-01-31,505000.0
394913,median_sale_price,2022-02-28,501927.0
394913,median_sale_price,2022-03-31,510000.0
394913,median_sale_price,2022-04-30,522000.0
394913,median_sale_price,2022-05-31,540000.0
394913,median_sale_price,2022-06-30,565000.0
394913,median_sale_price,2022-07-31,565000.0
394913,median_sale_price,2022-08-31,560000.0
394913,median_sale_price,2022-09-30,540000.0
394913,median_sale_price,2022-10-31,526450.0
394913,median_sale_price,2022-11-30,525000.0
394913,median_sale_price,2022-12-31,510000.0
394913,median_sale_price,2023-01-31,525000.0
394913,median_sale_price,2023-02-28,510000.0
394913,median_sale_price,2023-03-31,515000.0
394913,median_sale_price,2023-04-30,531000.0
394913,median_sale_price,2023-05-31,550000.0
394913,median_sale_price,2023-06-30,575000.0
394913,median_sale_price,2023-07-31,585000.0
394913,median_sale_price,2023-08-31,600000.0
394913,median_sale_price,2023-09-30,575000.0
394913,median_sale_price,2023-10-31,560000.0
394913,median_sale_price,2023-11-30,560000.0
394913,median_sale_price,2023-12-31,575000.0
394913,median_sale_price,2024-01-31,575000.0
394913,median_sale_price,2024-02-29,570000.0
394913,median_sale_price,2024-03-31,575000.0
394913,median_sale_price,2024-04-30,590000.0
394913,median_sale_price,2024-05-31,620000.0
394913,median_sale_price,2024-06-30,643875.0
394913,median_sale_price,2024-07-31,650000.0
394913,median_sale_price,2024-08-31,645000.0
394913,median_sale_price,2024-09-30,630000.0
394913,median_sale_price,2024-10-31,625000.0
394913,median_sale_price,2024-11-30,622000.0
394913,median_sale_price,2024-12-31,620000.0
394913,median_sale_price,2025-01-31,640000.0
394913,median_sale_price,2025-02-28,620000.0
394913,median_sale_price,2025-03-31,620000.0
394913,median_sale_price,2025-04-30,640000.0
394913,median_sale_price,2025-05-31,650000.0
394913,median_sale_price,2025-06-30,685000.0
394913,median_sale_price,2025-07-31,685000.0
394913,median_sale_price,2025-08-31,685000.0
394913,median_sale_price,2025-09-30,660000.0
394913,median_sale_price,2025-10-31,653000.0
394913,median_sale_price,2025-11-30,661000.0
394913,median_sale_price,2025-12-31,650000.0
394913,median_sale_price,2026-01-31,650000.0
394913,median_sale_price,2026-02-28,650000.0
394913,median_sale_price,2026-03-31,650000.0
394913,median_sale_price,2026-04-30,655000.0
394913,median_sale_price,2026-05-31,675000.0
394913,median_sale_price,2026-06-30,715000.0
394913,median_sale_price,2026-07-31,725000.0
394974,median_sale_price,2021-08-31,300000.0
394974,median_sale_price,2021-09-30,280000.0
394974,median_sale_price,2021-10-31,279000.0
394974,median_sale_price,2021-11-30,280000.0
394974,median_sale_price,2021-12-31,270000.0
394974,median_sale_price,2022-01-31,260000.0
394974,median_sale_price,2022-02-28,255000.0
394974,median_sale_price,2022-03-31,267750.0
394974,median_sale_price,2022-04-30,285000.0
394974,median_sale_price,2022-05-31,305000.0
394974,median_sale_price,2022-06-30,325000.0
394974,median_sale_price,2022-07-31,315000.0
394974,median_sale_price,2022-08-31,315000.0
394974,median_sale_price,2022-09-30,300000.0
394974,median_sale_price,2022-10-31,291000.0
394974,median_sale_price,2022-11-30,293000.0
394974,median_sale_price,2022-12-31,287500.0
394974,median_sale_price,2023-01-31,275000.0
394974,median_sale_price,2023-02-28,272000.0
394974,median_sale_price,2023-03-31,290000.0
394974,median_sale_price,2023-04-30,296000.0
394974,median_sale_price,2023-05-31,315000.0
394974,median_sale_price,2023-06-30,335000.0
394974,median_sale_price,2023-07-31,336000.0
394974,median_sale_price,2023-08-31,332394.0
394974,median_sale_price,2023-09-30,319000.0
394974,median_sale_price,2023-10-31,319000.0
394974,median_sale_price,2023-11-30,315000.0
394974,median_sale_price,2023-12-31,312750.0
394974,median_sale_price,2024-01-31,300000.0
394974,median_sale_price,2024-02-29,299900.0
394974,median_sale_price,2024-03-31,315000.0
394974,median_sale_price,2024-04-30,325000.0
394974,median_sale_price,2024-05-31,340000.0
394974,median_sale_price,2024-06-30,360000.0
394974,median_sale_price,2024-07-31,352500.0
394974,median_sale_price,2024-08-31,360000.0
394974,median_sale_price,2024-09-30,342000.0
394974,median_sale_price,2024-10-31,340000.0
394974,median_sale_price,2024-11-30,350000.0
394974,median_sale_price,2024-12-31,335000.0
394974,median_sale_price,2025-01-31,314950.0
394974,median_sale_price,2025-02-28,325000.0
394974,median_sale_price,2025-03-31,334000.0
394974,median_sale_price,2025-04-30,346500.0
394974,median_sale_price,2025-05-31,360000.0
394974,median_sale_price,2025-06-30,380000.0
394974,median_sale_price,2025-07-31,376100.0
394974,median_sale_price,2025-08-31,375000.0
394974,median_sale_price,2025-09-30,353000.0
394974,median_sale_price,2025-10-31,350000.0
394974,median_sale_price,2025-11-30,355000.0
394974,median_sale_price,2025-12-31,350000.0
394974,median_sale_price,2026-01-31,340000.0
394974,median_sale_price,2026-02-28,332000.0
394974,median_sale_price,2026-03-31,350000.0
394974,median_sale_price,2026-04-30,352000.0
394974,median_sale_price,2026-05-31,370081.0
394974,median_sale_price,2026-06-30,399000.0
394974,median_sale_price,2026-07-31,399900.0
394976,median_sale_price,2021-08-31,400000.0
394976,median_sale_price,2021-09-30,408000.0
394976,median_sale_price,2021-10-31,410000.0
394976,median_sale_price,2021-11-30,420000.0
394976,median_sale_price,2021-12-31,420000.0
394976,median_sale_price,2022-01-31,427000.0
394976,median_sale_price,2022-02-28,440200.0
394976,median_sale_price,2022-03-31,452000.0
394976,median_sale_price,2022-04-30,465000.0
394976,median_sale_price,2022-05-31,471000.0
394976,median_sale_price,2022-06-30,470000.0
394976,median_sale_price,2022-07-31,452000.0
394976,median_sale_price,2022-08-31,440000.0
394976,median_sale_price,2022-09-30,433000.0
394976,median_sale_price,2022-10-31,435000.0
394976,median_sale_price,2022-11-30,419000.0
394976,median_sale_price,2022-12-31,410000.0
394976,median_sale_price,2023-01-31,415000.0
394976,median_sale_price,2023-02-28,412000.0
394976,median_sale_price,2023-03-31,422500.0
394976,median_sale_price,2023-04-30,425000.0
394976,median_sale_price,2023-05-31,435000.0
394976,median_sale_price,2023-06-30,444000.0
394976,median_sale_price,2023-07-31,435000.0
394976,median_sale_price,2023-08-31,435000.0
394976,median_sale_price,2023-09-30,433450.0
394976,median_sale_price,2023-10-31,435000.0
394976,median_sale_price,2023-11-30,440000.0
394976,median_sale_price,2023-12-31,430000.0
394976,median_sale_price,2024-01-31,430000.0
394976,median_sale_price,2024-02-29,445000.0
394976,median_sale_price,2024-03-31,450000.0
394976,median_sale_price,2024-04-30,455000.0
394976,median_sale_price,2024-05-31,457100.0
394976,median_sale_price,2024-06-30,450000.0
394976,median_sale_price,2024-07-31,445000.0
394976,median_sale_price,2024-08-31,440000.0
394976,median_sale_price,2024-09-30,440900.0
394976,median_sale_price,2024-10-31,449900.0
394976,median_sale_price,2024-11-30,453500.0
394976,median_sale_price,2024-12-31,449900.0
394976,median_sale_price,2025-01-31,455000.0
394976,median_sale_price,2025-02-28,465000.0
394976,median_sale_price,2025-03-31,460000.0
394976,median_sale_price,2025-04-30,445000.0
394976,median_sale_price,2025-05-31,457250.0
394976,median_sale_price,2025-06-30,450000.0
394976,median_sale_price,2025-07-31,442500.0
394976,median_sale_price,2025-08-31,439000.0
394976,median_sale_price,2025-09-30,455000.0
394976,median_sale_price,2025-10-31,450000.0
394976,median_sale_price,2025-11-30,450000.0
394976,median_sale_price,2025-12-31,455000.0
394976,median_sale_price,2026-01-31,445000.0
394976,median_sale_price,2026-02-28,455000.0
394976,median_sale_price,2026-03-31,459000.0
394976,median_sale_price,2026-04-30,450000.0
394976,median_sale_price,2026-05-31,455000.0
394976,median_sale_price,2026-06-30,455000.0
394976,median_sale_price,2026-07-31,445000.0
395025,median_sale_price,2021-08-31,495000.0
395025,median_sale_price,2021-09-30,495000.0
395025,median_sale_price,2021-10-31,500000.0
395025,median_sale_price,2021-11-30,505000.0
395025,median_sale_price,2021-12-31,518000.0
395025,median_sale_price,2022-01-31,515000.0
395025,median_sale_price,2022-02-28,525500.0
395025,median_sale_price,2022-03-31,540000.0
395025,median_sale_price,2022-04-30,555000.0
395025,median_sale_price,2022-05-31,560000.0
395025,median_sale_price,2022-06-30,551000.0
395025,median_sale_price,2022-07-31,535000.0
395025,median_sale_price,2022-08-31,530000.0
395025,median_sale_price,2022-09-30,529250.0
395025,median_sale_price,2022-10-31,515000.0
395025,median_sale_price,2022-11-30,495000.0
395025,median_sale_price,2022-12-31,500000.0
395025,median_sale_price,2023-01-31,495000.0
395025,median_sale_price,2023-02-28,510000.0
395025,median_sale_price,2023-03-31,515000.0
395025,median_sale_price,2023-04-30,526000.0
395025,median_sale_price,2023-05-31,535000.0
395025,median_sale_price,2023-06-30,537000.0
395025,median_sale_price,2023-07-31,540000.0
395025,median_sale_price,2023-08-31,543750.0
395025,median_sale_price,2023-09-30,530000.0
395025,median_sale_price,2023-10-31,540000.0
395025,median_sale_price,2023-11-30,532250.0
395025,median_sale_price,2023-12-31,533000.0
395025,median_sale_price,2024-01-31,530000.0
395025,median_sale_price,2024-02-29,547500.0
395025,median_sale_price,2024-03-31,560000.0
395025,median_sale_price,2024-04-30,570000.0
395025,median_sale_price,2024-05-31,565000.0
395025,median_sale_price,2024-06-30,565000.0
395025,median_sale_price,2024-07-31,572500.0
395025,median_sale_price,2024-08-31,560000.0
395025,median_sale_price,2024-09-30,555000.0
395025,median_sale_price,2024-10-31,575000.0
395025,median_sale_price,2024-11-30,569000.0
395025,median_sale_price,2024-12-31,562000.0
395025,median_sale_price,2025-01-31,560000.0
395025,median_sale_price,2025-02-28,575000.0
395025,median_sale_price,2025-03-31,575000.0
395025,median_sale_price,2025-04-30,580000.0
395025,median_sale_price,2025-05-31,569000.0
395025,median_sale_price,2025-06-30,575000.0
395025,median_sale_price,2025-07-31,565000.0
395025,median_sale_price,2025-08-31,568000.0
395025,median_sale_price,2025-09-30,555000.0
395025,median_sale_price,2025-10-31,560000.0
395025,median_sale_price,2025-11-30,565000.0
395025,median_sale_price,2025-12-31,565000.0
395025,median_sale_price,2026-01-31,555000.0
395025,median_sale_price,2026-02-28,565000.0
395025,median_sale_price,2026-03-31,575000.0
395025,median_sale_price,2026-04-30,575000.0
395025,median_sale_price,2026-05-31,580000.0
395025,median_sale_price,2026-06-30,575000.0
395025,median_sale_price,2026-07-31,575000.0
395057,median_sale_price,2021-08-31,1095000.0
395057,median_sale_price,2021-09-30,1067000.0
395057,median_sale_price,2021-10-31,1095000.0
395057,median_sale_price,2021-11-30,1082500.0
395057,median_sale_price,2021-12-31,1000000.0
395057,median_sale_price,2022-01-31,993000.0
395057,median_sale_price,2022-02-28,1077500.0
395057,median_sale_price,2022-03-31,1152500.0
395057,median_sale_price,2022-04-30,1250000.0
395057,median_sale_price,2022-05-31,1250000.0
395057,median_sale_price,2022-06-30,1202000.0
395057,median_sale_price,2022-07-31,1120000.0
395057,median_sale_price,2022-08-31,1050000.0
395057,median_sale_price,2022-09-30,1073000.0
395057,median_sale_price,2022-10-31,1100000.0
395057,median_sale_price,2022-11-30,1050000.0
395057,median_sale_price,2022-12-31,950000.0
395057,median_sale_price,2023-01-31,915000.0
395057,median_sale_price,2023-02-28,950000.0
395057,median_sale_price,2023-03-31,1055000.0
395057,median_sale_price,2023-04-30,1100000.0
395057,median_sale_price,2023-05-31,1100000.0
395057,median_sale_price,2023-06-30,1135000.0
395057,median_sale_price,2023-07-31,1100000.0
395057,median_sale_price,2023-08-31,1065000.0
395057,median_sale_price,2023-09-30,1081000.0
395057,median_sale_price,2023-10-31,1100000.0
395057,median_sale_price,2023-11-30,1123500.0
395057,median_sale_price,2023-12-31,990000.0
395057,median_sale_price,2024-01-31,925000.0
395057,median_sale_price,2024-02-29,1050000.0
395057,median_sale_price,2024-03-31,1175000.0
395057,median_sale_price,2024-04-30,1200000.0
395057,median_sale_price,2024-05-31,1220000.0
395057,median_sale_price,2024-06-30,1201000.0
395057,median_sale_price,2024-07-31,1170000.0
395057,median_sale_price,2024-08-31,1065000.0
395057,median_sale_price,2024-09-30,1100000.0
395057,median_sale_price,2024-10-31,1149500.0
395057,median_sale_price,2024-11-30,1130000.0
395057,median_sale_price,2024-12-31,1029000.0
395057,median_sale_price,2025-01-31,950000.0
395057,median_sale_price,2025-02-28,1100000.0
395057,median_sale_price,2025-03-31,1175000.0
395057,median_sale_price,2025-04-30,1200000.0
395057,median_sale_price,2025-05-31,1200000.0
395057,median_sale_price,2025-06-30,1180000.0
395057,median_sale_price,2025-07-31,1100000.0
395057,median_sale_price,2025-08-31,1050000.0
395057,median_sale_price,2025-09-30,1100000.0
395057,median_sale_price,2025-10-31,1162500.0
395057,median_sale_price,2025-11-30,1091000.0
395057,median_sale_price,2025-12-31,990000.0
395057,median_sale_price,2026-01-31,935000.0
395057,median_sale_price,2026-02-28,1080000.0
395057,median_sale_price,2026-03-31,1157950.0
395057,median_sale_price,2026-04-30,1230000.0
395057,median_sale_price,2026-05-31,1289500.0
395057,median_sale_price,2026-06-30,1220000.0
395057,median_sale_price,2026-07-31,1150000.0
395078,median_sale_price,2021-08-31,630000.0
395078,median_sale_price,2021-09-30,617500.0
395078,median_sale_price,2021-10-31,629000.0
395078,median_sale_price,2021-11-30,622250.0
395078,median_sale_price,2021-12-31,620000.0
395078,median_sale_price,2022-01-31,596251.0
395078,median_sale_price,2022-02-28,650000.0
395078,median_sale_price,2022-03-31,700000.0
395078,median_sale_price,2022-04-30,730000.0
395078,median_sale_price,2022-05-31,735000.0
395078,median_sale_price,2022-06-30,700000.0
395078,median_sale_price,2022-07-31,675000.0
395078,median_sale_price,2022-08-31,655000.0
395078,median_sale_price,2022-09-30,652750.0
395078,median_sale_price,2022-10-31,658000.0
395078,median_sale_price,2022-11-30,625000.0
395078,median_sale_price,2022-12-31,600000.0
395078,median_sale_price,2023-01-31,610000.0
395078,median_sale_price,2023-02-28,605000.0
395078,median_sale_price,2023-03-31,630000.0
395078,median_sale_price,2023-04-30,650000.0
395078,median_sale_price,2023-05-31,680000.0
395078,median_sale_price,2023-06-30,689475.0
395078,median_sale_price,2023-07-31,675000.0
395078,median_sale_price,2023-08-31,675000.0
395078,median_sale_price,2023-09-30,660000.0
395078,median_sale_price,2023-10-31,660000.0
395078,median_sale_price,2023-11-30,650000.0
395078,median_sale_price,2023-12-31,630000.0
395078,median_sale_price,2024-01-31,615000.0
395078,median_sale_price,2024-02-29,660000.0
395078,median_sale_price,2024-03-31,700000.0
395078,median_sale_price,2024-04-30,725000.0
395078,median_sale_price,2024-05-31,745000.0
395078,median_sale_price,2024-06-30,725000.0
395078,median_sale_price,2024-07-31,725000.0
395078,median_sale_price,2024-08-31,711225.0
395078,median_sale_price,2024-09-30,699000.0
395078,median_sale_price,2024-10-31,720000.0
395078,median_sale_price,2024-11-30,700000.0
395078,median_sale_price,2024-12-31,665000.0
395078,median_sale_price,2025-01-31,645000.0
395078,median_sale_price,2025-02-28,685125.0
395078,median_sale_price,2025-03-31,699999.0
395078,median_sale_price,2025-04-30,730000.0
395078,median_sale_price,2025-05-31,730000.0
395078,median_sale_price,2025-06-30,750000.0
395078,median_sale_price,2025-07-31,725000.0
395078,median_sale_price,2025-08-31,720000.0
395078,median_sale_price,2025-09-30,700000.0
395078,median_sale_price,2025-10-31,720000.0
395078,median_sale_price,2025-11-30,690000.0
395078,median_sale_price,2025-12-31,675000.0
395078,median_sale_price,2026-01-31,635000.0
395078,median_sale_price,2026-02-28,675000.0
395078,median_sale_price,2026-03-31,710000.0
395078,median_sale_price,2026-04-30,721375.0
395078,median_sale_price,2026-05-31,730000.0
395078,median_sale_price,2026-06-30,735000.0
395078,median_sale_price,2026-07-31,705000.0
395209,median_sale_price,2021-08-31,465000.0
395209,median_sale_price,2021-09-30,450000.0
395209,median_sale_price,2021-10-31,465000.0
395209,median_sale_price,2021-11-30,455000.0
395209,median_sale_price,2021-12-31,450000.0
395209,median_sale_price,2022-01-31,430000.0
395209,median_sale_price,2022-02-28,445000.0
395209,median_sale_price,2022-03-31,485000.0
395209,median_sale_price,2022-04-30,516785.0
395209,median_sale_price,2022-05-31,528000.0
395209,median_sale_price,2022-06-30,520000.0
395209,median_sale_price,2022-07-31,500000.0
395209,median_sale_price,2022-08-31,493750.0
395209,median_sale_price,2022-09-30,475000.0
395209,median_sale_price,2022-10-31,475000.0
395209,median_sale_price,2022-11-30,469000.0
395209,median_sale_price,2022-12-31,450000.0
395209,median_sale_price,2023-01-31,440000.0
395209,median_sale_price,2023-02-28,475000.0
395209,median_sale_price,2023-03-31,480000.0
395209,median_sale_price,2023-04-30,520000.0
395209,median_sale_price,2023-05-31,538000.0
395209,median_sale_price,2023-06-30,535000.0
395209,median_sale_price,2023-07-31,525000.0
395209,median_sale_price,2023-08-31,519000.0
395209,median_sale_price,2023-09-30,490000.0
395209,median_sale_price,2023-10-31,500000.0
395209,median_sale_price,2023-11-30,490000.0
395209,median_sale_price,2023-12-31,485000.0
395209,median_sale_price,2024-01-31,465000.0
395209,median_sale_price,2024-02-29,500000.0
395209,median_sale_price,2024-03-31,530000.0
395209,median_sale_price,2024-04-30,555000.0
395209,median_sale_price,2024-05-31,570000.0
395209,median_sale_price,2024-06-30,567500.0
395209,median_sale_price,2024-07-31,553000.0
395209,median_sale_price,2024-08-31,549000.0
395209,median_sale_price,2024-09-30,530000.0
395209,median_sale_price,2024-10-31,535000.0
395209,median_sale_price,2024-11-30,530000.0
395209,median_sale_price,2024-12-31,515000.0
395209,median_sale_price,2025-01-31,489950.0
395209,median_sale_price,2025-02-28,525000.0
395209,median_sale_price,2025-03-31,549900.0
395209,median_sale_price,2025-04-30,574850.0
395209,median_sale_price,2025-05-31,585000.0
395209,median_sale_price,2025-06-30,585000.0
395209,median_sale_price,2025-07-31,574000.0
395209,median_sale_price,2025-08-31,561175.0
395209,median_sale_price,2025-09-30,549185.0
395209,median_sale_price,2025-10-31,552000.0
395209,median_sale_price,2025-11-30,550000.0
395209,median_sale_price,2025-12-31,545000.0
395209,median_sale_price,2026-01-31,519900.0
395209,median_sale_price,2026-02-28,539900.0
395209,median_sale_price,2026-03-31,555000.0
395209,median_sale_price,2026-04-30,585000.0
395209,median_sale_price,2026-05-31,600000.0
395209,median_sale_price,2026-06-30,600000.0
395209,median_sale_price,2026-07-31,580000.0
753899,median_sale_price,2021-08-31,820000.0
753899,median_sale_price,2021-09-30,820000.0
753899,median_sale_price,2021-10-31,820000.0
753899,median_sale_price,2021-11-30,825000.0
753899,median_sale_price,2021-12-31,838000.0
753899,median_sale_price,2022-01-31,825000.0
753899,median_sale_price,2022-02-28,850000.0
753899,median_sale_price,2022-03-31,880000.0
753899,median_sale_price,2022-04-30,901000.0
753899,median_sale_price,2022-05-31,905000.0
753899,median_sale_price,2022-06-30,899000.0
753899,median_sale_price,2022-07-31,865000.0
753899,median_sale_price,2022-08-31,857000.0
753899,median_sale_price,2022-09-30,849000.0
753899,median_sale_price,2022-10-31,835000.0
753899,median_sale_price,2022-11-30,820000.0
753899,median_sale_price,2022-12-31,800000.0
753899,median_sale_price,2023-01-31,810000.0
753899,median_sale_price,2023-02-28,825000.0
753899,median_sale_price,2023-03-31,840000.0
753899,median_sale_price,2023-04-30,850000.0
753899,median_sale_price,2023-05-31,860000.0
753899,median_sale_price,2023-06-30,882000.0
753899,median_sale_price,2023-07-31,889000.0
753899,median_sale_price,2023-08-31,898000.0
753899,median_sale_price,2023-09-30,885000.0
753899,median_sale_price,2023-10-31,890000.0
753899,median_sale_price,2023-11-30,900000.0
753899,median_sale_price,2023-12-31,865000.0
753899,median_sale_price,2024-01-31,860000.0
753899,median_sale_price,2024-02-29,915000.0
753899,median_sale_price,2024-03-31,915000.0
753899,median_sale_price,2024-04-30,950000.0
753899,median_sale_price,2024-05-31,970000.0
753899,median_sale_price,2024-06-30,960000.0
753899,median_sale_price,2024-07-31,950000.0
753899,median_sale_price,2024-08-31,930000.0
753899,median_sale_price,2024-09-30,910000.0
753899,median_sale_price,2024-10-31,940000.0
753899,median_sale_price,2024-11-30,920500.0
753899,median_sale_price,2024-12-31,935000.0
753899,median_sale_price,2025-01-31,901000.0
753899,median_sale_price,2025-02-28,949000.0
753899,median_sale_price,2025-03-31,975000.0
753899,median_sale_price,2025-04-30,950000.0
753899,median_sale_price,2025-05-31,980000.0
753899,median_sale_price,2025-06-30,1000000.0
753899,median_sale_price,2025-07-31,960000.0
753899,median_sale_price,2025-08-31,949500.0
753899,median_sale_price,2025-09-30,955000.0
753899,median_sale_price,2025-10-31,942500.0
753899,median_sale_price,2025-11-30,945000.0
753899,median_sale_price,2025-12-31,923000.0
753899,median_sale_price,2026-01-31,923250.0
753899,median_sale_price,2026-02-28,950000.0
753899,median_sale_price,2026-03-31,975000.0
753899,median_sale_price,2026-04-30,975000.0
753899,median_sale_price,2026-05-31,1000000.0
753899,median_sale_price,2026-06-30,990000.0
753899,median_sale_price,2026-07-31,968000.0
