neighborhood_id,month,value
3563,2016-09-30,338889.4102164936
3563,2016-10-31,341260.97718982096
3563,2016-11-30,343995.7820696439
3563,2016-12-31,347173.5791802742
3563,2017-01-31,350241.627005972
3563,2017-02-28,353588.31671745563
3563,2017-03-31,357349.6080681632
3563,2017-04-30,360701.276628674
3563,2017-05-31,363001.5114755185
3563,2017-06-30,364986.5112623616
3563,2017-07-31,367059.4480523791
3563,2017-08-31,369968.2584828146
3563,2017-09-30,373437.01504528
3563,2017-10-31,377421.7813700596
3563,2017-11-30,381669.12192281033
3563,2017-12-31,385978.0343343595
3563,2018-01-31,390706.8347374353
3563,2018-02-28,395702.4792492936
3563,2018-03-31,400540.9964897232
3563,2018-04-30,404132.2546422442
3563,2018-05-31,406543.2361384469
3563,2018-06-30,408263.3345982316
3563,2018-07-31,409903.5053058421
3563,2018-08-31,411804.7318789458
3563,2018-09-30,412830.3791506912
3563,2018-10-31,413621.9131284416
3563,2018-11-30,414071.5884272745
3563,2018-12-31,414590.47005556215
3563,2019-01-31,415246.9800335232
3563,2019-02-28,415854.0002963988
3563,2019-03-31,417313.9471907099
3563,2019-04-30,418035.26397347497
3563,2019-05-31,417695.436288156
3563,2019-06-30,417455.86760496703
3563,2019-07-31,418530.4189090927
3563,2019-08-31,420612.7009694473
3563,2019-09-30,422329.9479199834
3563,2019-10-31,423263.9446750071
3563,2019-11-30,425236.95535049867
3563,2019-12-31,427165.82530783
3563,2020-01-31,429328.2261672727
3563,2020-02-29,430677.08182589634
3563,2020-03-31,432849.0951601358
3563,2020-04-30,434886.5974307084
3563,2020-05-31,435668.083222668
3563,2020-06-30,435033.3307230444
3563,2020-07-31,435261.4951662052
3563,2020-08-31,437828.0874189466
3563,2020-09-30,443199.0715677003
3563,2020-10-31,450387.62275744247
3563,2020-11-30,459188.5717473751
3563,2020-12-31,468134.9495094864
3563,2021-01-31,476926.2566823404
3563,2021-02-28,485737.1432355934
3563,2021-03-31,495222.2862336876
3563,2021-04-30,504965.5825013567
3563,2021-05-31,514816.4221170973
3563,2021-06-30,523843.6964670238
3563,2021-07-31,530403.3669366768
3563,2021-08-31,533236.2851718713
3563,2021-09-30,533474.0176514346
3563,2021-10-31,533396.3589516208
3563,2021-11-30,534809.696379728
3563,2021-12-31,537375.443989551
3563,2022-01-31,544236.3761169895
3563,2022-02-28,554551.0861190952
3563,2022-03-31,567252.4076253758
3563,2022-04-30,576552.2737923461
3563,2022-05-31,581213.2667753632
3563,2022-06-30,581630.4863640754
3563,2022-07-31,578536.3902244284
3563,2022-08-31,572980.7523820589
3563,2022-09-30,565391.1660948051
3563,2022-10-31,557922.5601507075
3563,2022-11-30,550616.0890168039
3563,2022-12-31,543607.0938681442
3563,2023-01-31,535495.1551888259
3563,2023-02-28,528449.818913933
3563,2023-03-31,524191.9644193267
3563,2023-04-30,523834.8949918212
3563,2023-05-31,526299.7560706581
3563,2023-06-30,530048.8196999255
3563,2023-07-31,534628.1118780947
3563,2023-08-31,538582.2235436182
3563,2023-09-30,541478.4226549998
3563,2023-10-31,543917.8686388195
3563,2023-11-30,544973.0615158811
3563,2023-12-31,545694.9629311739
3563,2024-01-31,545595.4588546398
3563,2024-02-29,545986.6108003957
3563,2024-03-31,547872.7139344359
3563,2024-04-30,551288.2673223009
3563,2024-05-31,554555.5174024776
3563,2024-06-30,555254.5518795389
3563,2024-07-31,554394.2115695638
3563,2024-08-31,553098.053917555
3563,2024-09-30,551685.6386594345
3563,2024-10-31,549553.7845379934
3563,2024-11-30,548505.4357443025
3563,2024-12-31,548773.4969312842
3563,2025-01-31,548490.3983594162
3563,2025-02-28,546241.8222698983
3563,2025-03-31,541076.1430927634
3563,2025-04-30,535677.9448937577
3563,2025-05-31,529991.970153401
3563,2025-06-30,525292.9077437933
3563,2025-07-31,520615.01135315554
3563,2025-08-31,516855.6019750325
3563,2025-09-30,514176.71688307537
3563,2025-10-31,512431.9189893156
3563,2025-11-30,510325.38781357976
3563,2025-12-31,508744.29685372586
3563,2026-01-31,506823.7081813275
3563,2026-02-28,506147.7846503045
3563,2026-03-31,504908.3122232056
3563,2026-04-30,503135.74609150254
3563,2026-05-31,501122.8431430639
3563,2026-06-30,499866.6176650804
3563,2026-07-31,500656.18355989736
3563,2026-08-31,501752.65610657056
5568,2016-09-30,114279.55231471092
5568,2016-10-31,115284.5628842259
5568,2016-11-30,116429.61239258964
5568,2016-12-31,117969.31230296382
5568,2017-01-31,119124.79692813108
5568,2017-02-28,120127.44265664252
5568,2017-03-31,120962.71576376376
5568,2017-04-30,121897.28818137237
5568,2017-05-31,122602.73323103128
5568,2017-06-30,123121.51197731384
5568,2017-07-31,123630.81378617328
5568,2017-08-31,124297.69699879971
5568,2017-09-30,124982.90241714564
5568,2017-10-31,125880.12144914822
5568,2017-11-30,126977.7191079402
5568,2017-12-31,128094.42495090987
5568,2018-01-31,129022.50504734798
5568,2018-02-28,129926.24908352597
5568,2018-03-31,131011.27643607795
5568,2018-04-30,132036.37961046552
5568,2018-05-31,132659.38232022346
5568,2018-06-30,132629.85974074816
5568,2018-07-31,132444.17775758388
5568,2018-08-31,132674.46897312018
5568,2018-09-30,133644.16897813985
5568,2018-10-31,135122.5445258454
5568,2018-11-30,136860.60447544575
5568,2018-12-31,138552.28512887724
5568,2019-01-31,140468.17590043624
5568,2019-02-28,142283.46206942757
5568,2019-03-31,143785.07374966863
5568,2019-04-30,144489.33797045122
5568,2019-05-31,144793.54006568334
5568,2019-06-30,145188.78130024447
5568,2019-07-31,145883.4983253755
5568,2019-08-31,146687.44808181553
5568,2019-09-30,147698.7049763033
5568,2019-10-31,148919.5931962131
5568,2019-11-30,150506.85946816957
5568,2019-12-31,152189.08243763857
5568,2020-01-31,154242.8938028872
5568,2020-02-29,156313.43376753453
5568,2020-03-31,158141.25941542163
5568,2020-04-30,159186.488138567
5568,2020-05-31,159511.79932290802
5568,2020-06-30,159199.19824516843
5568,2020-07-31,159089.9186253978
5568,2020-08-31,159348.5753521739
5568,2020-09-30,160555.67212637307
5568,2020-10-31,162434.9504712974
5568,2020-11-30,165465.32962714796
5568,2020-12-31,168788.48969607984
5568,2021-01-31,172185.57703194817
5568,2021-02-28,175008.86698889223
5568,2021-03-31,177898.6078188362
5568,2021-04-30,180401.8717933389
5568,2021-05-31,183236.7254895923
5568,2021-06-30,185907.0255571471
5568,2021-07-31,187715.96973903527
5568,2021-08-31,188082.92681842844
5568,2021-09-30,186812.03137513623
5568,2021-10-31,185744.38554096135
5568,2021-11-30,185220.74224195923
5568,2021-12-31,185876.67326284936
5568,2022-01-31,187625.5169182824
5568,2022-02-28,190570.153747504
5568,2022-03-31,194200.01660897292
5568,2022-04-30,197545.50997816373
5568,2022-05-31,200051.1406127512
5568,2022-06-30,201795.59755264688
5568,2022-07-31,202408.4836379192
5568,2022-08-31,201997.06616649532
5568,2022-09-30,201237.81147703237
5568,2022-10-31,200625.6041509952
5568,2022-11-30,200247.06196736137
5568,2022-12-31,199130.52679602944
5568,2023-01-31,197204.68583179225
5568,2023-02-28,194929.60858491063
5568,2023-03-31,193305.97180452684
5568,2023-04-30,192933.7744282923
5568,2023-05-31,193804.4015580894
5568,2023-06-30,195362.57706676176
5568,2023-07-31,196950.36643764412
5568,2023-08-31,198175.81373562847
5568,2023-09-30,198937.71972132
5568,2023-10-31,199482.0837231537
5568,2023-11-30,199605.7807841479
5568,2023-12-31,199634.8969444528
5568,2024-01-31,199639.22055624507
5568,2024-02-29,199973.84505839148
5568,2024-03-31,200605.92996340877
5568,2024-04-30,201848.46473891707
5568,2024-05-31,203151.41562883463
5568,2024-06-30,204606.45610897485
5568,2024-07-31,205698.73953589224
5568,2024-08-31,206636.8495737825
5568,2024-09-30,207433.58213414435
5568,2024-10-31,208158.01767112224
5568,2024-11-30,208753.64148228467
5568,2024-12-31,209794.59696237868
5568,2025-01-31,211065.5247510385
5568,2025-02-28,212317.48533693675
5568,2025-03-31,213153.48462664324
5568,2025-04-30,213857.538822008
5568,2025-05-31,214739.0055622004
5568,2025-06-30,215102.65650573
5568,2025-07-31,215603.1480109304
5568,2025-08-31,216063.29244261887
5568,2025-09-30,216742.20437288683
5568,2025-10-31,216755.97817560824
5568,2025-11-30,216002.579466177
5568,2025-12-31,215431.17874531492
5568,2026-01-31,215358.10976528807
5568,2026-02-28,216137.5243839408
5568,2026-03-31,216460.75771855877
5568,2026-04-30,215981.29499347493
5568,2026-05-31,214541.75007225492
5568,2026-06-30,212990.64630580647
5568,2026-07-31,211891.01441999563
5568,2026-08-31,211532.8636784973
5994,2016-09-30,422092.9936055548
5994,2016-10-31,420089.7101802277
5994,2016-11-30,417972.7780953084
5994,2016-12-31,416792.0667970213
5994,2017-01-31,418675.4168290899
5994,2017-02-28,424620.2473139831
5994,2017-03-31,433941.8420711283
5994,2017-04-30,443186.1845392787
5994,2017-05-31,449920.9748524176
5994,2017-06-30,455010.03666895424
5994,2017-07-31,458742.4468781296
5994,2017-08-31,463122.2506753728
5994,2017-09-30,467794.3252005062
5994,2017-10-31,472798.3611229723
5994,2017-11-30,477880.77090895857
5994,2017-12-31,483052.8909563584
5994,2018-01-31,487610.6568796914
5994,2018-02-28,490543.7570439533
5994,2018-03-31,491953.1038646445
5994,2018-04-30,493119.6723921392
5994,2018-05-31,494931.4941493815
5994,2018-06-30,496795.5242290404
5994,2018-07-31,498766.9770090103
5994,2018-08-31,501265.65456428885
5994,2018-09-30,504133.5108093138
5994,2018-10-31,507430.9013033375
5994,2018-11-30,509660.7981011253
5994,2018-12-31,511076.5074063382
5994,2019-01-31,511880.63314872
5994,2019-02-28,513426.7618533061
5994,2019-03-31,514848.665314377
5994,2019-04-30,515696.8334850013
5994,2019-05-31,515035.82425458846
5994,2019-06-30,514267.2667039028
5994,2019-07-31,514357.8699119901
5994,2019-08-31,514850.5802883689
5994,2019-09-30,517006.2258237802
5994,2019-10-31,519577.2182352746
5994,2019-11-30,523345.2432282439
5994,2019-12-31,526393.9296631444
5994,2020-01-31,529689.6982353001
5994,2020-02-29,533474.4012739388
5994,2020-03-31,537994.6011171044
5994,2020-04-30,540942.9099844516
5994,2020-05-31,541593.0817741348
5994,2020-06-30,540337.8010616328
5994,2020-07-31,540616.6443335408
5994,2020-08-31,543419.6371843419
5994,2020-09-30,550071.5283418687
5994,2020-10-31,558569.5306135532
5994,2020-11-30,568506.6171058492
5994,2020-12-31,578588.8011620684
5994,2021-01-31,587274.4707806633
5994,2021-02-28,595809.4029657535
5994,2021-03-31,604930.1265817331
5994,2021-04-30,616602.3924920667
5994,2021-05-31,629061.2642630384
5994,2021-06-30,640549.2411742657
5994,2021-07-31,650299.9369482504
5994,2021-08-31,657608.3917755984
5994,2021-09-30,662938.1793456462
5994,2021-10-31,666824.9445393219
5994,2021-11-30,671979.4698002369
5994,2021-12-31,678406.4986568423
5994,2022-01-31,688417.2501998149
5994,2022-02-28,701067.1063477187
5994,2022-03-31,716652.6769457096
5994,2022-04-30,731606.6840502165
5994,2022-05-31,743618.8791982125
5994,2022-06-30,752363.0117958523
5994,2022-07-31,755887.706643653
5994,2022-08-31,755296.4218880432
5994,2022-09-30,750962.9375769146
5994,2022-10-31,747375.1408286287
5994,2022-11-30,744098.0669089068
5994,2022-12-31,740768.0252860846
5994,2023-01-31,734188.1979198265
5994,2023-02-28,727172.061802697
5994,2023-03-31,722463.5570368852
5994,2023-04-30,722479.4631249773
5994,2023-05-31,725802.1630239417
5994,2023-06-30,730235.5734247514
5994,2023-07-31,735568.583131786
5994,2023-08-31,741286.3647460757
5994,2023-09-30,747163.9181759121
5994,2023-10-31,752824.8638000496
5994,2023-11-30,758509.0443548894
5994,2023-12-31,763371.9427378438
5994,2024-01-31,766481.2726521664
5994,2024-02-29,768188.766507126
5994,2024-03-31,771506.4801751692
5994,2024-04-30,775884.8569006086
5994,2024-05-31,781009.1305694104
5994,2024-06-30,783989.9649893394
5994,2024-07-31,787182.5679166615
5994,2024-08-31,789489.3836920963
5994,2024-09-30,792228.3783885984
5994,2024-10-31,794998.6399706429
5994,2024-11-30,798385.82226266
5994,2024-12-31,802630.7568828776
5994,2025-01-31,804238.5694312132
5994,2025-02-28,803830.2694392999
5994,2025-03-31,800251.6183808673
5994,2025-04-30,798035.6117550741
5994,2025-05-31,795985.5355024678
5994,2025-06-30,794352.0340184184
5994,2025-07-31,793249.1677346533
5994,2025-08-31,792141.9321268428
5994,2025-09-30,792966.944080575
5994,2025-10-31,795751.3863453964
5994,2025-11-30,801195.4040767639
5994,2025-12-31,806875.0994076849
5994,2026-01-31,810522.1776429083
5994,2026-02-28,812236.2869489406
5994,2026-03-31,812988.7932049722
5994,2026-04-30,813466.8317104848
5994,2026-05-31,814313.7286879575
5994,2026-06-30,815609.0250116894
5994,2026-07-31,816822.5750125403
5994,2026-08-31,819404.0202094582
6221,2016-09-30,297809.84320928826
6221,2016-10-31,299384.2907013514
6221,2016-11-30,301754.58856977645
6221,2016-12-31,304675.9780890658
6221,2017-01-31,308103.23790869006
6221,2017-02-28,312109.18034230854
6221,2017-03-31,317066.9932700157
6221,2017-04-30,322370.5898361833
6221,2017-05-31,327164.46012269903
6221,2017-06-30,330625.4507809673
6221,2017-07-31,333099.8417028279
6221,2017-08-31,334454.70244621864
6221,2017-09-30,335290.142374204
6221,2017-10-31,335984.5752739497
6221,2017-11-30,337322.33938519086
6221,2017-12-31,339338.8230107713
6221,2018-01-31,341602.90491623915
6221,2018-02-28,343588.34661820374
6221,2018-03-31,346174.9487841885
6221,2018-04-30,348503.1368739593
6221,2018-05-31,351405.64578034944
6221,2018-06-30,353712.07101153705
6221,2018-07-31,355819.7985873926
6221,2018-08-31,357321.9729392482
6221,2018-09-30,358297.8486077956
6221,2018-10-31,359287.56760004844
6221,2018-11-30,360665.75064199296
6221,2018-12-31,362536.7364690096
6221,2019-01-31,364142.7652008264
6221,2019-02-28,365674.17123194673
6221,2019-03-31,366417.4281545692
6221,2019-04-30,366494.0842794537
6221,2019-05-31,365177.6975787363
6221,2019-06-30,364016.17747739423
6221,2019-07-31,363270.5257599658
6221,2019-08-31,362673.1469841108
6221,2019-09-30,362078.9414010637
6221,2019-10-31,361840.4198820532
6221,2019-11-30,362038.03571995976
6221,2019-12-31,362262.8737602739
6221,2020-01-31,363593.9704556975
6221,2020-02-29,366172.77513667016
6221,2020-03-31,369118.8730404897
6221,2020-04-30,369942.5261034912
6221,2020-05-31,368843.75675070425
6221,2020-06-30,367011.45164425625
6221,2020-07-31,366949.6647468514
6221,2020-08-31,368856.3520127794
6221,2020-09-30,372609.8123912301
6221,2020-10-31,376799.99072253314
6221,2020-11-30,380964.1618441548
6221,2020-12-31,384477.0311585772
6221,2021-01-31,387499.86065138265
6221,2021-02-28,391142.33722840407
6221,2021-03-31,395729.05147273
6221,2021-04-30,400663.7561200556
6221,2021-05-31,405282.725967181
6221,2021-06-30,409397.631341812
6221,2021-07-31,411906.06396204623
6221,2021-08-31,413133.128568296
6221,2021-09-30,413181.15773879626
6221,2021-10-31,414308.64217396994
6221,2021-11-30,416841.9375530667
6221,2021-12-31,420665.8390101289
6221,2022-01-31,426748.20143134985
6221,2022-02-28,433506.0321357157
6221,2022-03-31,441024.1143362412
6221,2022-04-30,447544.6588606814
6221,2022-05-31,453458.0776202688
6221,2022-06-30,458114.2538043188
6221,2022-07-31,460127.8622772956
6221,2022-08-31,459451.89506375935
6221,2022-09-30,456711.7409411769
6221,2022-10-31,454925.5102395772
6221,2022-11-30,453958.9460374566
6221,2022-12-31,453635.705229467
6221,2023-01-31,452256.4994353322
6221,2023-02-28,451331.8094147106
6221,2023-03-31,451947.4231724195
6221,2023-04-30,454580.9924621956
6221,2023-05-31,458564.1803849647
6221,2023-06-30,462653.9795115194
6221,2023-07-31,466916.20160614885
6221,2023-08-31,471164.7048521637
6221,2023-09-30,475036.94970640464
6221,2023-10-31,478710.3003948599
6221,2023-11-30,481569.39793767175
6221,2023-12-31,483430.7602424128
6221,2024-01-31,484024.7926336109
6221,2024-02-29,485132.71537853294
6221,2024-03-31,487550.2365347684
6221,2024-04-30,490498.52644981846
6221,2024-05-31,492731.1859331837
6221,2024-06-30,493631.901708235
6221,2024-07-31,494385.0530584948
6221,2024-08-31,494464.95141666895
6221,2024-09-30,495246.4560260375
6221,2024-10-31,496423.7030436809
6221,2024-11-30,498242.95107827504
6221,2024-12-31,499972.0652781657
6221,2025-01-31,501204.8338016554
6221,2025-02-28,502149.8668486869
6221,2025-03-31,502333.65473903104
6221,2025-04-30,502344.8242284838
6221,2025-05-31,502086.1732111738
6221,2025-06-30,501290.5568731453
6221,2025-07-31,500044.8408330108
6221,2025-08-31,498866.61718133854
6221,2025-09-30,498744.96729572886
6221,2025-10-31,498972.0409912543
6221,2025-11-30,499881.8553991614
6221,2025-12-31,500154.0175054134
6221,2026-01-31,500219.1991473916
6221,2026-02-28,499631.2926694366
6221,2026-03-31,499068.87235481496
6221,2026-04-30,498815.1475558751
6221,2026-05-31,498028.9339799138
6221,2026-06-30,497463.6789667376
6221,2026-07-31,496668.0634083571
6221,2026-08-31,496979.4810744783
7314,2016-09-30,236579.62091676117
7314,2016-10-31,235960.4066625864
7314,2016-11-30,235479.8016528568
7314,2016-12-31,235032.46237129509
7314,2017-01-31,236072.4259979356
7314,2017-02-28,239448.5788019667
7314,2017-03-31,244974.56314943955
7314,2017-04-30,250493.43297674705
7314,2017-05-31,255135.84907973555
7314,2017-06-30,259290.77719018064
7314,2017-07-31,262756.5457268111
7314,2017-08-31,266050.18962640857
7314,2017-09-30,268868.0643484961
7314,2017-10-31,272170.52865926124
7314,2017-11-30,275296.65640698024
7314,2017-12-31,278599.5030534517
7314,2018-01-31,281598.55697925744
7314,2018-02-28,283831.0850489875
7314,2018-03-31,285650.18446084874
7314,2018-04-30,286897.21089066303
7314,2018-05-31,288485.220114008
7314,2018-06-30,289771.16229950794
7314,2018-07-31,291213.68624924665
7314,2018-08-31,292553.2138690392
7314,2018-09-30,293619.30148938886
7314,2018-10-31,294801.6616909025
7314,2018-11-30,295594.0913592495
7314,2018-12-31,296554.1971572749
7314,2019-01-31,297129.8485871021
7314,2019-02-28,298174.5786447238
7314,2019-03-31,298942.06936186133
7314,2019-04-30,299475.326548775
7314,2019-05-31,299014.55314724526
7314,2019-06-30,298561.3107147778
7314,2019-07-31,298211.007919252
7314,2019-08-31,298439.5958821758
7314,2019-09-30,298937.60437008465
7314,2019-10-31,300013.654587779
7314,2019-11-30,301742.14659888204
7314,2019-12-31,303554.75128943386
7314,2020-01-31,305449.75593341043
7314,2020-02-29,307220.7655145325
7314,2020-03-31,309129.74373487005
7314,2020-04-30,309998.8545498184
7314,2020-05-31,310389.4701994943
7314,2020-06-30,310463.2302431936
7314,2020-07-31,311847.15413770895
7314,2020-08-31,314154.14337154955
7314,2020-09-30,318065.3941282639
7314,2020-10-31,322765.11929466616
7314,2020-11-30,328495.7155333155
7314,2020-12-31,334586.2197292035
7314,2021-01-31,340449.800534702
7314,2021-02-28,346222.34252334153
7314,2021-03-31,352094.9085785428
7314,2021-04-30,358937.7652375
7314,2021-05-31,366608.90377902426
7314,2021-06-30,374553.8980692472
7314,2021-07-31,381607.2314278072
7314,2021-08-31,387090.8000651037
7314,2021-09-30,391016.58737251954
7314,2021-10-31,394637.2652491084
7314,2021-11-30,398836.08120809606
7314,2021-12-31,404182.4100766069
7314,2022-01-31,410936.2161243097
7314,2022-02-28,418764.7150643852
7314,2022-03-31,427251.2300481857
7314,2022-04-30,434771.8392608722
7314,2022-05-31,440616.6250779128
7314,2022-06-30,445155.7838040104
7314,2022-07-31,447777.6369844765
7314,2022-08-31,448200.89256474935
7314,2022-09-30,446072.4475485861
7314,2022-10-31,443624.5717890207
7314,2022-11-30,440615.8360226297
7314,2022-12-31,436852.39021074027
7314,2023-01-31,431551.8177245672
7314,2023-02-28,426592.6476755238
7314,2023-03-31,423865.0573373129
7314,2023-04-30,424012.91528676025
7314,2023-05-31,425980.7906735176
7314,2023-06-30,428384.7742224511
7314,2023-07-31,430722.26892426267
7314,2023-08-31,432443.5450583352
7314,2023-09-30,433521.1533553026
7314,2023-10-31,434461.9133477263
7314,2023-11-30,435979.67803376616
7314,2023-12-31,437748.61286520417
7314,2024-01-31,438887.4730639281
7314,2024-02-29,439406.9865564682
7314,2024-03-31,440540.2433476695
7314,2024-04-30,442280.1235607872
7314,2024-05-31,444648.7051399962
7314,2024-06-30,445886.7824789596
7314,2024-07-31,446985.0678594332
7314,2024-08-31,447335.5912061877
7314,2024-09-30,448169.72135463846
7314,2024-10-31,448455.9359903518
7314,2024-11-30,448798.6793360576
7314,2024-12-31,449051.6148677136
7314,2025-01-31,448390.76339213055
7314,2025-02-28,446910.3022161469
7314,2025-03-31,444158.1908810558
7314,2025-04-30,442489.357478312
7314,2025-05-31,440893.029840806
7314,2025-06-30,438750.9466298739
7314,2025-07-31,435649.7140660714
7314,2025-08-31,432624.7023875574
7314,2025-09-30,431083.8355015257
7314,2025-10-31,430644.7867977375
7314,2025-11-30,431345.1494232474
7314,2025-12-31,431915.3205950605
7314,2026-01-31,432484.5892467946
7314,2026-02-28,432887.4776585787
7314,2026-03-31,433094.3552201544
7314,2026-04-30,432712.757137896
7314,2026-05-31,431450.86904610833
7314,2026-06-30,430095.5386227287
7314,2026-07-31,428881.9442094324
7314,2026-08-31,428149.5449071531
18131,2016-09-30,667899.6893550899
18131,2016-10-31,669406.852814104
18131,2016-11-30,672333.7520104097
18131,2016-12-31,678515.3249968998
18131,2017-01-31,686035.959716967
18131,2017-02-28,695156.9426170659
18131,2017-03-31,703403.4870224422
18131,2017-04-30,713178.2607270036
18131,2017-05-31,719865.0385149618
18131,2017-06-30,724724.9831312791
18131,2017-07-31,727746.9503418183
18131,2017-08-31,733000.632083027
18131,2017-09-30,738860.4199354053
18131,2017-10-31,747139.303268847
18131,2017-11-30,754746.695371431
18131,2017-12-31,763831.8989280052
18131,2018-01-31,774590.4427688344
18131,2018-02-28,784830.8969726696
18131,2018-03-31,794749.505372961
18131,2018-04-30,802399.4545841598
18131,2018-05-31,808617.2651715586
18131,2018-06-30,812724.7485743536
18131,2018-07-31,816890.3914267272
18131,2018-08-31,822516.3451266413
18131,2018-09-30,830664.3240338761
18131,2018-10-31,835571.7936624475
18131,2018-11-30,837595.0285590667
18131,2018-12-31,834084.7286063037
18131,2019-01-31,830326.2885976176
18131,2019-02-28,827913.9133671391
18131,2019-03-31,826810.7078612499
18131,2019-04-30,824024.9506269564
18131,2019-05-31,820921.0704872296
18131,2019-06-30,818693.8928407667
18131,2019-07-31,819320.4044561498
18131,2019-08-31,819512.5998809648
18131,2019-09-30,819187.8780695652
18131,2019-10-31,818775.299880237
18131,2019-11-30,820303.3543371164
18131,2019-12-31,822053.4398488222
18131,2020-01-31,822049.7849121275
18131,2020-02-29,819044.1369665744
18131,2020-03-31,813619.6765564666
18131,2020-04-30,808938.0646045334
18131,2020-05-31,805405.8074850853
18131,2020-06-30,804054.6038575865
18131,2020-07-31,802389.6090829148
18131,2020-08-31,800032.1076252175
18131,2020-09-30,798625.9440569496
18131,2020-10-31,797227.8971618708
18131,2020-11-30,795814.3486080222
18131,2020-12-31,793784.698519172
18131,2021-01-31,792403.4336451303
18131,2021-02-28,792761.410733963
18131,2021-03-31,794496.3234996494
18131,2021-04-30,795337.9049237282
18131,2021-05-31,796278.6489088112
18131,2021-06-30,794402.8319924427
18131,2021-07-31,792365.3043483536
18131,2021-08-31,788561.909875563
18131,2021-09-30,784699.1989224836
18131,2021-10-31,783966.4218379977
18131,2021-11-30,785184.6586770875
18131,2021-12-31,787423.3432546012
18131,2022-01-31,787700.8853691733
18131,2022-02-28,788094.7687053774
18131,2022-03-31,791464.5167931936
18131,2022-04-30,795322.5416561199
18131,2022-05-31,798095.1180597413
18131,2022-06-30,800814.5340607188
18131,2022-07-31,802510.6598902583
18131,2022-08-31,801033.4408238613
18131,2022-09-30,794971.4729532114
18131,2022-10-31,788529.3431606023
18131,2022-11-30,783825.6431765271
18131,2022-12-31,779615.6009303603
18131,2023-01-31,772629.4053149956
18131,2023-02-28,761910.5113990045
18131,2023-03-31,751325.532873923
18131,2023-04-30,743076.6104175973
18131,2023-05-31,737305.0452682999
18131,2023-06-30,732608.8586844997
18131,2023-07-31,729884.712690894
18131,2023-08-31,728370.665407652
18131,2023-09-30,727094.2577235225
18131,2023-10-31,724530.1745616919
18131,2023-11-30,721477.5008135671
18131,2023-12-31,718781.0840570348
18131,2024-01-31,717709.0998568083
18131,2024-02-29,719383.9630839234
18131,2024-03-31,722876.9327839835
18131,2024-04-30,725999.8970825565
18131,2024-05-31,728211.5438970231
18131,2024-06-30,729699.1417834027
18131,2024-07-31,732196.7345074365
18131,2024-08-31,735309.1804994964
18131,2024-09-30,738103.3534784425
18131,2024-10-31,741332.6281495994
18131,2024-11-30,744335.6128449244
18131,2024-12-31,747516.8949154889
18131,2025-01-31,748632.9541669623
18131,2025-02-28,748822.4978364644
18131,2025-03-31,748364.6075013835
18131,2025-04-30,750005.1962062063
18131,2025-05-31,753358.5324908152
18131,2025-06-30,757176.6973290006
18131,2025-07-31,758930.9240357475
18131,2025-08-31,759033.7783421733
18131,2025-09-30,759561.5247529746
18131,2025-10-31,760647.1675266572
18131,2025-11-30,761966.5640100759
18131,2025-12-31,762468.8335583046
18131,2026-01-31,763113.4273674892
18131,2026-02-28,766282.5703276551
18131,2026-03-31,771405.2110131435
18131,2026-04-30,776644.481712725
18131,2026-05-31,779335.8783588471
18131,2026-06-30,780533.1956352427
18131,2026-07-31,783308.6177354326
18131,2026-08-31,786733.5954382004
18921,2016-09-30,296058.9804160785
18921,2016-10-31,297289.98071423714
18921,2016-11-30,298914.7957326218
18921,2016-12-31,300494.6085427526
18921,2017-01-31,301665.2605513938
18921,2017-02-28,303232.46910519275
18921,2017-03-31,304855.0746821024
18921,2017-04-30,306312.5947436009
18921,2017-05-31,307558.24814693467
18921,2017-06-30,309170.29769374384
18921,2017-07-31,310613.06777203415
18921,2017-08-31,312081.54615391063
18921,2017-09-30,312905.24575102207
18921,2017-10-31,314642.1181681389
18921,2017-11-30,316521.49934118724
18921,2017-12-31,318828.0863774296
18921,2018-01-31,320702.67071234394
18921,2018-02-28,322442.3951976132
18921,2018-03-31,324470.6829437893
18921,2018-04-30,325833.0891939977
18921,2018-05-31,327164.4290669114
18921,2018-06-30,327444.88138415484
18921,2018-07-31,329597.10023077414
18921,2018-08-31,332305.85340041056
18921,2018-09-30,335557.88596629817
18921,2018-10-31,338057.3685667088
18921,2018-11-30,340056.2891809608
18921,2018-12-31,341964.44178306026
18921,2019-01-31,343078.9612721465
18921,2019-02-28,344677.04774114885
18921,2019-03-31,346211.25811042375
18921,2019-04-30,347849.75155597465
18921,2019-05-31,348681.6521930054
18921,2019-06-30,349453.2194541688
18921,2019-07-31,350163.65189391
18921,2019-08-31,350926.3973465723
18921,2019-09-30,351523.82925718353
18921,2019-10-31,352201.70773168484
18921,2019-11-30,353402.4485849044
18921,2019-12-31,355481.790704642
18921,2020-01-31,357848.56465208484
18921,2020-02-29,360614.613625786
18921,2020-03-31,363345.70091131935
18921,2020-04-30,366084.4013819078
18921,2020-05-31,367826.23529479984
18921,2020-06-30,368866.2494641726
18921,2020-07-31,369937.3900947386
18921,2020-08-31,372133.7886367503
18921,2020-09-30,375313.0671381126
18921,2020-10-31,379567.1586929418
18921,2020-11-30,384309.24160352047
18921,2020-12-31,389215.1598020527
18921,2021-01-31,393533.8121944269
18921,2021-02-28,398109.1136261241
18921,2021-03-31,403150.5658518903
18921,2021-04-30,408808.8604020104
18921,2021-05-31,414534.4442472626
18921,2021-06-30,419916.16662690695
18921,2021-07-31,423320.30610109103
18921,2021-08-31,424464.6349682284
18921,2021-09-30,423338.199141196
18921,2021-10-31,422395.17781442654
18921,2021-11-30,422279.8502629753
18921,2021-12-31,423864.13375392655
18921,2022-01-31,427834.0396854942
18921,2022-02-28,434258.7585314405
18921,2022-03-31,443079.19616346736
18921,2022-04-30,452011.4846998213
18921,2022-05-31,459549.83910262695
18921,2022-06-30,464511.3286656161
18921,2022-07-31,466045.7299326488
18921,2022-08-31,464499.02449911874
18921,2022-09-30,460946.4042653488
18921,2022-10-31,458170.1385379297
18921,2022-11-30,456323.829059212
18921,2022-12-31,455146.7087129468
18921,2023-01-31,454140.794162066
18921,2023-02-28,454230.1910252978
18921,2023-03-31,455092.3533763285
18921,2023-04-30,456709.0521315512
18921,2023-05-31,458871.9873114032
18921,2023-06-30,462396.6455809136
18921,2023-07-31,466270.4636959396
18921,2023-08-31,470013.1524523115
18921,2023-09-30,472624.7511507669
18921,2023-10-31,474447.9426604455
18921,2023-11-30,475628.35134652833
18921,2023-12-31,476729.4939250806
18921,2024-01-31,477761.6150310228
18921,2024-02-29,479526.979091557
18921,2024-03-31,482424.53978810745
18921,2024-04-30,486768.5348349192
18921,2024-05-31,490774.63901504455
18921,2024-06-30,494201.0022246759
18921,2024-07-31,496493.1477263157
18921,2024-08-31,498369.53550715
18921,2024-09-30,500217.5953377538
18921,2024-10-31,502482.7373887452
18921,2024-11-30,504964.45284040814
18921,2024-12-31,507002.7856131555
18921,2025-01-31,508433.4641945366
18921,2025-02-28,509280.5486626216
18921,2025-03-31,508916.3496432535
18921,2025-04-30,507936.6665636331
18921,2025-05-31,506023.0642792105
18921,2025-06-30,504773.43976793374
18921,2025-07-31,504432.9663037492
18921,2025-08-31,505249.1154733119
18921,2025-09-30,506285.494722558
18921,2025-10-31,507704.45134544553
18921,2025-11-30,509406.1324373463
18921,2025-12-31,511262.6938390902
18921,2026-01-31,512099.4026011618
18921,2026-02-28,512212.4322610813
18921,2026-03-31,511607.353319742
18921,2026-04-30,510989.776284402
18921,2026-05-31,510287.7597520268
18921,2026-06-30,510390.7963177303
18921,2026-07-31,510839.0209423448
18921,2026-08-31,511634.24968537525
20265,2016-09-30,306678.23698708107
20265,2016-10-31,305035.43676398613
20265,2016-11-30,303173.9709532008
20265,2016-12-31,301612.47678459506
20265,2017-01-31,302426.4491764503
20265,2017-02-28,306113.68168871733
20265,2017-03-31,312467.9121751469
20265,2017-04-30,318367.1789206487
20265,2017-05-31,322701.42610799643
20265,2017-06-30,325858.9678362358
20265,2017-07-31,328503.3536573671
20265,2017-08-31,332062.3314652958
20265,2017-09-30,335709.6709650761
20265,2017-10-31,339693.31436647964
20265,2017-11-30,343164.9276780828
20265,2017-12-31,347085.2954154279
20265,2018-01-31,350743.298284099
20265,2018-02-28,353700.80045477
20265,2018-03-31,355830.15766454634
20265,2018-04-30,357646.3164266374
20265,2018-05-31,359704.9934604308
20265,2018-06-30,361656.4258102365
20265,2018-07-31,363757.8112170696
20265,2018-08-31,365818.6366285781
20265,2018-09-30,367673.0173033713
20265,2018-10-31,369351.064566304
20265,2018-11-30,370357.97679122974
20265,2018-12-31,371199.2019520258
20265,2019-01-31,371672.12285046064
20265,2019-02-28,372674.1641649637
20265,2019-03-31,373549.8286375096
20265,2019-04-30,374306.8669266086
20265,2019-05-31,374435.5348924212
20265,2019-06-30,374708.34245114325
20265,2019-07-31,375589.5241760728
20265,2019-08-31,377086.95843228
20265,2019-09-30,379144.169824199
20265,2019-10-31,381213.26545318816
20265,2019-11-30,384101.2611280288
20265,2019-12-31,386847.8433743918
20265,2020-01-31,389350.9025971924
20265,2020-02-29,391550.654818262
20265,2020-03-31,394070.7636901255
20265,2020-04-30,396116.4224580929
20265,2020-05-31,396973.2688476659
20265,2020-06-30,396721.8080768452
20265,2020-07-31,397659.6825484482
20265,2020-08-31,400651.3233628427
20265,2020-09-30,406350.5132807876
20265,2020-10-31,413398.5994112284
20265,2020-11-30,421428.3329515238
20265,2020-12-31,429567.9725877771
20265,2021-01-31,437051.76039899606
20265,2021-02-28,444012.27410677215
20265,2021-03-31,450988.4578980984
20265,2021-04-30,458889.39131945657
20265,2021-05-31,467265.5519939157
20265,2021-06-30,475255.5601494959
20265,2021-07-31,481880.82817826513
20265,2021-08-31,486526.7277406494
20265,2021-09-30,489287.0782389503
20265,2021-10-31,491609.924120782
20265,2021-11-30,495008.47170281823
20265,2021-12-31,499783.939798502
20265,2022-01-31,507678.1090851938
20265,2022-02-28,518288.2043186943
20265,2022-03-31,531426.4139341875
20265,2022-04-30,543995.9372296142
20265,2022-05-31,554227.3643104999
20265,2022-06-30,561277.2273427245
20265,2022-07-31,564652.8799415318
20265,2022-08-31,564591.4578121094
20265,2022-09-30,562220.2579374914
20265,2022-10-31,559281.1091230358
20265,2022-11-30,556268.1398714512
20265,2022-12-31,553626.27640374
20265,2023-01-31,549389.851382618
20265,2023-02-28,545101.3118046882
20265,2023-03-31,542547.8101390935
20265,2023-04-30,543413.7723494916
20265,2023-05-31,546417.9271120871
20265,2023-06-30,550308.0859096107
20265,2023-07-31,555036.1262710079
20265,2023-08-31,560848.1706627847
20265,2023-09-30,566508.6946528838
20265,2023-10-31,571561.3892972496
20265,2023-11-30,576232.4344998134
20265,2023-12-31,580654.2276785129
20265,2024-01-31,584329.1649456192
20265,2024-02-29,586996.9213739111
20265,2024-03-31,589985.588563237
20265,2024-04-30,593724.6862887933
20265,2024-05-31,597651.3200071543
20265,2024-06-30,600120.2368313231
20265,2024-07-31,602035.3555051354
20265,2024-08-31,603405.259838146
20265,2024-09-30,604713.0525436417
20265,2024-10-31,605543.5920344307
20265,2024-11-30,607009.9547567159
20265,2024-12-31,608833.9987478046
20265,2025-01-31,609144.015193709
20265,2025-02-28,607888.3961564734
20265,2025-03-31,604247.2003716049
20265,2025-04-30,602052.0412852033
20265,2025-05-31,599597.8437909477
20265,2025-06-30,597612.792346056
20265,2025-07-31,594429.595732409
20265,2025-08-31,591523.6929997496
20265,2025-09-30,590119.1180496392
20265,2025-10-31,590441.4077739544
20265,2025-11-30,591930.7468545634
20265,2025-12-31,593725.6354833693
20265,2026-01-31,594711.0763031855
20265,2026-02-28,595353.2961089179
20265,2026-03-31,595106.8246873323
20265,2026-04-30,594445.2952796131
20265,2026-05-31,593615.1439472939
20265,2026-06-30,593505.0123922335
20265,2026-07-31,594639.5094238525
20265,2026-08-31,596751.1537643651
25372,2016-09-30,293728.11548255413
25372,2016-10-31,295166.2173723746
25372,2016-11-30,296642.75493048696
25372,2016-12-31,298117.84551119484
25372,2017-01-31,299678.26839163475
25372,2017-02-28,301420.8952801316
25372,2017-03-31,303575.70151741174
25372,2017-04-30,305541.57258841227
25372,2017-05-31,307267.16391198995
25372,2017-06-30,308934.2978779425
25372,2017-07-31,310475.77195982134
25372,2017-08-31,311982.43934969703
25372,2017-09-30,313318.05103241134
25372,2017-10-31,314632.4538922774
25372,2017-11-30,315758.70106799185
25372,2017-12-31,317123.36500879104
25372,2018-01-31,318534.078216598
25372,2018-02-28,320157.9329269898
25372,2018-03-31,321795.0116482381
25372,2018-04-30,323707.9836081805
25372,2018-05-31,325769.17143039673
25372,2018-06-30,327225.6519833707
25372,2018-07-31,328566.01252069726
25372,2018-08-31,329563.3130513888
25372,2018-09-30,330691.5796229625
25372,2018-10-31,331550.71541956445
25372,2018-11-30,332364.2763955185
25372,2018-12-31,333102.3871635615
25372,2019-01-31,333763.7706663815
25372,2019-02-28,334798.9483148681
25372,2019-03-31,335823.7361031303
25372,2019-04-30,336637.67123987776
25372,2019-05-31,336761.8294353823
25372,2019-06-30,336871.96397858625
25372,2019-07-31,337236.260004657
25372,2019-08-31,337840.1522135158
25372,2019-09-30,338489.0751847917
25372,2019-10-31,339347.1171374633
25372,2019-11-30,340605.1709371544
25372,2019-12-31,342250.3463626087
25372,2020-01-31,344306.79902025784
25372,2020-02-29,346652.3961879246
25372,2020-03-31,348760.8033515219
25372,2020-04-30,350033.9760789128
25372,2020-05-31,349812.23403577507
25372,2020-06-30,349198.9028502654
25372,2020-07-31,348900.4649641489
25372,2020-08-31,349987.56257048
25372,2020-09-30,351962.8148558278
25372,2020-10-31,354405.0758927525
25372,2020-11-30,357483.5685137759
25372,2020-12-31,360803.77456096094
25372,2021-01-31,364450.56025816896
25372,2021-02-28,368215.095296118
25372,2021-03-31,372439.3819748494
25372,2021-04-30,377063.2073590542
25372,2021-05-31,382619.1333026329
25372,2021-06-30,388709.4165535391
25372,2021-07-31,394426.0824138448
25372,2021-08-31,399072.39620446507
25372,2021-09-30,402875.3339575858
25372,2021-10-31,406723.334125373
25372,2021-11-30,411215.4114316292
25372,2021-12-31,416325.8319990548
25372,2022-01-31,423423.6341857617
25372,2022-02-28,432253.5690962652
25372,2022-03-31,443154.0951575079
25372,2022-04-30,454495.4491752081
25372,2022-05-31,464964.70330836944
25372,2022-06-30,474287.13927036105
25372,2022-07-31,481565.1407381378
25372,2022-08-31,486761.63898874936
25372,2022-09-30,489282.5845754013
25372,2022-10-31,490916.6090056843
25372,2022-11-30,492265.2524294501
25372,2022-12-31,494637.19554163696
25372,2023-01-31,496310.90003063815
25372,2023-02-28,497554.4397421866
25372,2023-03-31,498958.2086540149
25372,2023-04-30,501723.0376945809
25372,2023-05-31,505575.5465789133
25372,2023-06-30,509893.8232415376
25372,2023-07-31,514220.6083898479
25372,2023-08-31,518804.2037231307
25372,2023-09-30,522821.06648099073
25372,2023-10-31,526502.352523405
25372,2023-11-30,530067.6075498607
25372,2023-12-31,533100.3120625004
25372,2024-01-31,536116.3659367381
25372,2024-02-29,538775.0879552441
25372,2024-03-31,542013.4944979291
25372,2024-04-30,545209.1633300557
25372,2024-05-31,548632.6807803229
25372,2024-06-30,551217.6499551741
25372,2024-07-31,553810.5195284174
25372,2024-08-31,555543.5775989651
25372,2024-09-30,556837.152015885
25372,2024-10-31,557036.2912005754
25372,2024-11-30,556866.5582653639
25372,2024-12-31,556878.8348290575
25372,2025-01-31,556751.5459210485
25372,2025-02-28,555913.7993455388
25372,2025-03-31,553595.5138886083
25372,2025-04-30,551089.767008648
25372,2025-05-31,547778.6400088477
25372,2025-06-30,544441.6410302502
25372,2025-07-31,539891.3310714187
25372,2025-08-31,535769.9894829249
25372,2025-09-30,532556.2962251417
25372,2025-10-31,531136.2065936667
25372,2025-11-30,530878.8669383206
25372,2025-12-31,531198.8345864326
25372,2026-01-31,531760.2167351033
25372,2026-02-28,532547.831779729
25372,2026-03-31,533166.9690722614
25372,2026-04-30,533171.2511579964
25372,2026-05-31,532555.2689202873
25372,2026-06-30,532132.1166383742
25372,2026-07-31,532312.8108745076
25372,2026-08-31,533466.5263060635
28380,2016-09-30,114036.87338804932
28380,2016-10-31,114924.09019763111
28380,2016-11-30,116060.95630533525
28380,2016-12-31,117051.59527518463
28380,2017-01-31,117947.8682522262
28380,2017-02-28,118621.5465986823
28380,2017-03-31,119452.22108093552
28380,2017-04-30,120380.20741308291
28380,2017-05-31,121191.8592834638
28380,2017-06-30,121871.45330201653
28380,2017-07-31,122342.2803644429
28380,2017-08-31,122914.47599189378
28380,2017-09-30,123551.17859712684
28380,2017-10-31,124277.00278236966
28380,2017-11-30,125033.4759890814
28380,2017-12-31,125658.64219552097
28380,2018-01-31,126293.90659565409
28380,2018-02-28,126901.33954120358
28380,2018-03-31,127821.91000043754
28380,2018-04-30,128852.4709884319
28380,2018-05-31,129962.09402147228
28380,2018-06-30,130968.4230364535
28380,2018-07-31,131946.31520594188
28380,2018-08-31,132797.33778319263
28380,2018-09-30,133682.90374006634
28380,2018-10-31,134639.04356508807
28380,2018-11-30,135710.22152388105
28380,2018-12-31,136732.44850880222
28380,2019-01-31,137770.12553823562
28380,2019-02-28,138778.65793708604
28380,2019-03-31,139658.51773297685
28380,2019-04-30,140381.40455683772
28380,2019-05-31,141051.37203224725
28380,2019-06-30,141639.22369602203
28380,2019-07-31,142056.27755565525
28380,2019-08-31,142431.64945378972
28380,2019-09-30,142986.36795960934
28380,2019-10-31,143669.2669878316
28380,2019-11-30,144485.884037439
28380,2019-12-31,145175.48333177823
28380,2020-01-31,145830.45735153512
28380,2020-02-29,146396.5032747402
28380,2020-03-31,146902.49776063033
28380,2020-04-30,147338.89951672315
28380,2020-05-31,147518.7613824959
28380,2020-06-30,147712.0559614379
28380,2020-07-31,148128.2237170502
28380,2020-08-31,148927.50886955182
28380,2020-09-30,150080.58501646764
28380,2020-10-31,151533.81123842386
28380,2020-11-30,153281.42029007085
28380,2020-12-31,154968.34293828273
28380,2021-01-31,156781.00030218312
28380,2021-02-28,158788.0892388965
28380,2021-03-31,161218.97143885377
28380,2021-04-30,163887.76282845097
28380,2021-05-31,166690.8152934217
28380,2021-06-30,169678.25391659522
28380,2021-07-31,171515.21371339005
28380,2021-08-31,172171.22255683562
28380,2021-09-30,171981.7511670869
28380,2021-10-31,172584.8943936711
28380,2021-11-30,174201.9203070738
28380,2021-12-31,176281.1702850093
28380,2022-01-31,180347.61696658388
28380,2022-02-28,185735.30207431025
28380,2022-03-31,192344.37077347576
28380,2022-04-30,197750.9079246178
28380,2022-05-31,201836.38465656328
28380,2022-06-30,204907.56549102184
28380,2022-07-31,207052.6258399508
28380,2022-08-31,208443.947784744
28380,2022-09-30,209407.3666361957
28380,2022-10-31,210239.43834471505
28380,2022-11-30,210965.1447410972
28380,2022-12-31,210793.5957733048
28380,2023-01-31,209800.61873933068
28380,2023-02-28,208423.9499382668
28380,2023-03-31,207567.6273977869
28380,2023-04-30,207304.47321238855
28380,2023-05-31,207796.4559484232
28380,2023-06-30,208701.81290245088
28380,2023-07-31,209766.55921848875
28380,2023-08-31,210992.1841427194
28380,2023-09-30,211918.9100292693
28380,2023-10-31,212402.16834950936
28380,2023-11-30,212609.308255616
28380,2023-12-31,212978.31946552728
28380,2024-01-31,213935.7095003965
28380,2024-02-29,214670.0041602596
28380,2024-03-31,215605.88054948972
28380,2024-04-30,216640.2687746774
28380,2024-05-31,217676.26004005023
28380,2024-06-30,218055.0959375338
28380,2024-07-31,217875.88919640108
28380,2024-08-31,217406.8376996182
28380,2024-09-30,216672.21917761385
28380,2024-10-31,215603.5033662608
28380,2024-11-30,214572.79915058025
28380,2024-12-31,214331.12018599515
28380,2025-01-31,214408.73644291516
28380,2025-02-28,214352.84926283252
28380,2025-03-31,213493.71053672943
28380,2025-04-30,212294.03277981337
28380,2025-05-31,211426.6083829416
28380,2025-06-30,210832.44258756083
28380,2025-07-31,210887.6818314929
28380,2025-08-31,210976.0696880597
28380,2025-09-30,210995.0743644185
28380,2025-10-31,210809.76049237364
28380,2025-11-30,210982.05392730283
28380,2025-12-31,211712.80993922777
28380,2026-01-31,212752.1135064332
28380,2026-02-28,213431.21130751065
28380,2026-03-31,213609.2062199755
28380,2026-04-30,213090.1591156287
28380,2026-05-31,212599.43690201853
28380,2026-06-30,211818.68074998437
28380,2026-07-31,210894.9331105724
28380,2026-08-31,209992.7181129156
31636,2016-09-30,420640.55427032494
31636,2016-10-31,422203.89055358846
31636,2016-11-30,424841.4526979671
31636,2016-12-31,427864.75801831536
31636,2017-01-31,430524.5764811441
31636,2017-02-28,432635.9421725436
31636,2017-03-31,434133.0455188928
31636,2017-04-30,434963.3612486666
31636,2017-05-31,435094.6307537533
31636,2017-06-30,435137.1440186256
31636,2017-07-31,435056.6961454947
31636,2017-08-31,435259.3546836448
31636,2017-09-30,435645.0069160199
31636,2017-10-31,436847.4829061674
31636,2017-11-30,438659.3703704184
31636,2017-12-31,441326.279970089
31636,2018-01-31,443896.3919965532
31636,2018-02-28,446001.8009512867
31636,2018-03-31,447557.9221083908
31636,2018-04-30,448299.3587506388
31636,2018-05-31,448985.0778144397
31636,2018-06-30,449012.97408047057
31636,2018-07-31,449868.0087963851
31636,2018-08-31,450880.9347566103
31636,2018-09-30,452162.5636860488
31636,2018-10-31,453089.12274480594
31636,2018-11-30,454203.6855503952
31636,2018-12-31,455626.53755901335
31636,2019-01-31,457067.57613843697
31636,2019-02-28,458458.393498784
31636,2019-03-31,460202.1722066878
31636,2019-04-30,462306.5266724879
31636,2019-05-31,463915.76986682176
31636,2019-06-30,465287.9272120599
31636,2019-07-31,466308.91526654427
31636,2019-08-31,467597.99018154485
31636,2019-09-30,468856.8956535363
31636,2019-10-31,470724.07267017127
31636,2019-11-30,473271.3401644642
31636,2019-12-31,476570.9040552158
31636,2020-01-31,480357.2046932884
31636,2020-02-29,484371.329057694
31636,2020-03-31,488098.0179419736
31636,2020-04-30,490797.8551124904
31636,2020-05-31,491823.6321996417
31636,2020-06-30,491764.5497333988
31636,2020-07-31,491766.4325253421
31636,2020-08-31,493744.0171674672
31636,2020-09-30,498029.4141702722
31636,2020-10-31,503735.7836972282
31636,2020-11-30,509783.8249518022
31636,2020-12-31,514888.6705374895
31636,2021-01-31,519232.1579809589
31636,2021-02-28,523146.4525301109
31636,2021-03-31,527609.8321409145
31636,2021-04-30,532715.2478266795
31636,2021-05-31,538451.9831880555
31636,2021-06-30,543196.5592300781
31636,2021-07-31,545221.6868906717
31636,2021-08-31,544383.5587767906
31636,2021-09-30,541821.3394026707
31636,2021-10-31,539877.8809720167
31636,2021-11-30,539043.2513727014
31636,2021-12-31,540063.9210268928
31636,2022-01-31,543684.7808242481
31636,2022-02-28,550043.6923356453
31636,2022-03-31,559176.0352762371
31636,2022-04-30,568445.8899259729
31636,2022-05-31,576408.0931702644
31636,2022-06-30,580650.9670028748
31636,2022-07-31,580682.0503895654
31636,2022-08-31,577284.0889132096
31636,2022-09-30,572480.3045059353
31636,2022-10-31,569203.208682936
31636,2022-11-30,567351.6664283727
31636,2022-12-31,566433.7594501791
31636,2023-01-31,563841.4198148494
31636,2023-02-28,561611.2650372132
31636,2023-03-31,560104.6141005406
31636,2023-04-30,562190.6222549155
31636,2023-05-31,566550.5031499042
31636,2023-06-30,573124.6947382382
31636,2023-07-31,579767.1932910259
31636,2023-08-31,585348.212369007
31636,2023-09-30,589222.1266244663
31636,2023-10-31,592268.11702091
31636,2023-11-30,595187.137775885
31636,2023-12-31,598084.3475538854
31636,2024-01-31,600791.1725836628
31636,2024-02-29,603774.9600237276
31636,2024-03-31,608163.5697860087
31636,2024-04-30,613071.6683622362
31636,2024-05-31,616884.9282075616
31636,2024-06-30,618555.7675314063
31636,2024-07-31,619419.9447452455
31636,2024-08-31,620596.8610739928
31636,2024-09-30,622453.5030092379
31636,2024-10-31,624877.7297016241
31636,2024-11-30,627800.9956607949
31636,2024-12-31,631082.8528101613
31636,2025-01-31,633837.1660593593
31636,2025-02-28,635646.6156891551
31636,2025-03-31,636051.7793191989
31636,2025-04-30,635793.2424444674
31636,2025-05-31,633965.0074088873
31636,2025-06-30,631563.5941064972
31636,2025-07-31,629486.2980850955
31636,2025-08-31,628342.7840771027
31636,2025-09-30,628459.4631198324
31636,2025-10-31,629164.4836071441
31636,2025-11-30,630299.7172008952
31636,2025-12-31,630813.5021901537
31636,2026-01-31,630944.9767294722
31636,2026-02-28,630364.7762759916
31636,2026-03-31,629340.6111508472
31636,2026-04-30,627348.3928105283
31636,2026-05-31,625133.8158420961
31636,2026-06-30,624459.1198689012
31636,2026-07-31,625268.1276700579
31636,2026-08-31,627568.9543181146
32059,2016-09-30,670451.523147332
32059,2016-10-31,663765.9503836767
32059,2016-11-30,664424.2251096995
32059,2016-12-31,669166.5131079275
32059,2017-01-31,681630.3707260374
32059,2017-02-28,698885.9376159481
32059,2017-03-31,718578.6504751771
32059,2017-04-30,735043.4596838048
32059,2017-05-31,747195.9172207093
32059,2017-06-30,758168.3407094133
32059,2017-07-31,759082.4464961082
32059,2017-08-31,755672.8314359026
32059,2017-09-30,748885.6699683963
32059,2017-10-31,749721.69506755
32059,2017-11-30,752237.8937559096
32059,2017-12-31,754898.739985806
32059,2018-01-31,763462.9310738906
32059,2018-02-28,779119.9986070356
32059,2018-03-31,800512.326514388
32059,2018-04-30,818993.5991400046
32059,2018-05-31,832400.148290054
32059,2018-06-30,840461.0632275827
32059,2018-07-31,849019.7098352102
32059,2018-08-31,860657.16053351
32059,2018-09-30,877480.9538659184
32059,2018-10-31,894565.1326807035
32059,2018-11-30,907918.9702955172
32059,2018-12-31,914716.5709940712
32059,2019-01-31,910943.0848159044
32059,2019-02-28,898271.225855099
32059,2019-03-31,881600.5833333703
32059,2019-04-30,866694.4202984752
32059,2019-05-31,856829.9639154108
32059,2019-06-30,850550.5441281897
32059,2019-07-31,851589.4900536411
32059,2019-08-31,858767.5886869836
32059,2019-09-30,870388.9341270569
32059,2019-10-31,882019.1029017466
32059,2019-11-30,892081.9849706503
32059,2019-12-31,901321.3057230158
32059,2020-01-31,906773.5656848582
32059,2020-02-29,909045.1451665632
32059,2020-03-31,908926.447807692
32059,2020-04-30,907088.3873019904
32059,2020-05-31,902102.7048658712
32059,2020-06-30,893742.6743500927
32059,2020-07-31,891699.1894985674
32059,2020-08-31,898173.8228894118
32059,2020-09-30,914134.661578638
32059,2020-10-31,931226.8725692822
32059,2020-11-30,949041.3516866716
32059,2020-12-31,963188.8989142678
32059,2021-01-31,967707.8135718752
32059,2021-02-28,965356.4683131414
32059,2021-03-31,960612.981054291
32059,2021-04-30,962357.8784831186
32059,2021-05-31,968464.61309107
32059,2021-06-30,975029.778135927
32059,2021-07-31,985732.7386549922
32059,2021-08-31,997316.987167438
32059,2021-09-30,1009277.7013925416
32059,2021-10-31,1019557.6453302124
32059,2021-11-30,1031576.6191906682
32059,2021-12-31,1043926.4783219232
32059,2022-01-31,1050208.8784973978
32059,2022-02-28,1048776.336131652
32059,2022-03-31,1045146.341348418
32059,2022-04-30,1042638.1912424598
32059,2022-05-31,1044263.5728593896
32059,2022-06-30,1046577.428409417
32059,2022-07-31,1049758.92034075
32059,2022-08-31,1047743.5172762392
32059,2022-09-30,1043033.4050858942
32059,2022-10-31,1037508.66354443
32059,2022-11-30,1036120.0202309156
32059,2022-12-31,1036495.9358890048
32059,2023-01-31,1029945.7921938626
32059,2023-02-28,1017210.1241637692
32059,2023-03-31,1002080.9817620438
32059,2023-04-30,994556.2829762432
32059,2023-05-31,991125.5952698472
32059,2023-06-30,992673.9982805926
32059,2023-07-31,997076.694850871
32059,2023-08-31,1005835.002325937
32059,2023-09-30,1013237.6653087196
32059,2023-10-31,1017996.5863169804
32059,2023-11-30,1018134.069899823
32059,2023-12-31,1014288.6271720618
32059,2024-01-31,1003248.088510001
32059,2024-02-29,987143.0389223738
32059,2024-03-31,973336.3276849068
32059,2024-04-30,964977.8291773762
32059,2024-05-31,961705.0680394232
32059,2024-06-30,957069.2346310774
32059,2024-07-31,955853.7923120132
32059,2024-08-31,957456.8546225312
32059,2024-09-30,961675.8953649944
32059,2024-10-31,962634.9251321212
32059,2024-11-30,961179.9436802972
32059,2024-12-31,957744.9875393882
32059,2025-01-31,950343.659361803
32059,2025-02-28,941513.7115921754
32059,2025-03-31,929972.9465449476
32059,2025-04-30,918736.2009547504
32059,2025-05-31,906740.3467536262
32059,2025-06-30,895560.19115855
32059,2025-07-31,887282.6886485933
32059,2025-08-31,881228.1797640485
32059,2025-09-30,878281.6487857864
32059,2025-10-31,878508.6746026524
32059,2025-11-30,880400.7888821213
32059,2025-12-31,882207.82602678
32059,2026-01-31,882208.904226842
32059,2026-02-28,879620.4986287495
32059,2026-03-31,874582.107459485
32059,2026-04-30,868617.6274387698
32059,2026-05-31,864488.7770804754
32059,2026-06-30,862577.1096532393
32059,2026-07-31,862269.9177946155
32059,2026-08-31,862157.1306409995
33183,2016-09-30,560162.7507834189
33183,2016-10-31,554950.7019726512
33183,2016-11-30,554221.5257572061
33183,2016-12-31,556804.6908652756
33183,2017-01-31,565857.1109538684
33183,2017-02-28,578866.7906989868
33183,2017-03-31,593804.2073154502
33183,2017-04-30,604914.5264126536
33183,2017-05-31,612994.7004779988
33183,2017-06-30,619651.7344017635
33183,2017-07-31,619631.9607141967
33183,2017-08-31,616182.2272411172
33183,2017-09-30,610510.6678509502
33183,2017-10-31,609992.1752202362
33183,2017-11-30,611694.6853502914
33183,2017-12-31,615584.7086481076
33183,2018-01-31,623380.5192849342
33183,2018-02-28,634587.0258828625
33183,2018-03-31,646970.9255649652
33183,2018-04-30,656754.2563902984
33183,2018-05-31,663834.3654612661
33183,2018-06-30,668021.5727817044
33183,2018-07-31,673012.3135534542
33183,2018-08-31,680270.3525284078
33183,2018-09-30,690117.0762963184
33183,2018-10-31,699252.0668607135
33183,2018-11-30,705525.6940391562
33183,2018-12-31,709271.1840414415
33183,2019-01-31,707064.4242235097
33183,2019-02-28,699975.4995510759
33183,2019-03-31,690362.7565657292
33183,2019-04-30,683102.7366815537
33183,2019-05-31,678922.242845404
33183,2019-06-30,676996.6409461828
33183,2019-07-31,678922.5358380727
33183,2019-08-31,685037.2368545824
33183,2019-09-30,693655.3761034793
33183,2019-10-31,702614.6996677481
33183,2019-11-30,710939.8111216285
33183,2019-12-31,718733.2314292709
33183,2020-01-31,723856.0223159337
33183,2020-02-29,727169.1210525902
33183,2020-03-31,729475.3427276895
33183,2020-04-30,731196.4606477538
33183,2020-05-31,730113.1940954732
33183,2020-06-30,725946.4100424368
33183,2020-07-31,726087.1904517593
33183,2020-08-31,733168.3097775569
33183,2020-09-30,748664.7530940349
33183,2020-10-31,766732.5866471537
33183,2020-11-30,786550.0742249424
33183,2020-12-31,806103.8100759293
33183,2021-01-31,818353.653587223
33183,2021-02-28,825473.7906427551
33183,2021-03-31,827925.2091924734
33183,2021-04-30,836571.5879079286
33183,2021-05-31,849975.229683667
33183,2021-06-30,868622.5759290677
33183,2021-07-31,888639.4783562956
33183,2021-08-31,903725.930385742
33183,2021-09-30,913959.2510448764
33183,2021-10-31,920579.6081361902
33183,2021-11-30,928604.7626620174
33183,2021-12-31,938049.0341806252
33183,2022-01-31,951178.5362251812
33183,2022-02-28,967600.7930312963
33183,2022-03-31,987262.5674712374
33183,2022-04-30,1003691.5406203212
33183,2022-05-31,1016546.0131343488
33183,2022-06-30,1022429.802726442
33183,2022-07-31,1025195.0458814364
33183,2022-08-31,1022208.1995649108
33183,2022-09-30,1016298.845033258
33183,2022-10-31,1008747.2763482112
33183,2022-11-30,1002915.2189476382
33183,2022-12-31,998251.3376337632
33183,2023-01-31,986644.7418847636
33183,2023-02-28,970918.3400915425
33183,2023-03-31,955947.703563208
33183,2023-04-30,951093.5949648448
33183,2023-05-31,954186.3683061218
33183,2023-06-30,963235.8899671392
33183,2023-07-31,978195.2698105952
33183,2023-08-31,998310.4412771368
33183,2023-09-30,1019147.473527384
33183,2023-10-31,1037022.5855092688
33183,2023-11-30,1050191.977907521
33183,2023-12-31,1058287.0686088996
33183,2024-01-31,1057272.008333055
33183,2024-02-29,1051255.469916372
33183,2024-03-31,1046736.0491889316
33183,2024-04-30,1048249.6265148564
33183,2024-05-31,1052216.739426384
33183,2024-06-30,1054137.6873666272
33183,2024-07-31,1058106.89564182
33183,2024-08-31,1065341.6917697222
33183,2024-09-30,1075912.3291922354
33183,2024-10-31,1085328.5417702373
33183,2024-11-30,1092613.213188747
33183,2024-12-31,1096769.3784704227
33183,2025-01-31,1094243.6039868428
33183,2025-02-28,1087508.8576442164
33183,2025-03-31,1079168.6755586057
33183,2025-04-30,1074364.0198141208
33183,2025-05-31,1070931.35913625
33183,2025-06-30,1066258.9883728756
33183,2025-07-31,1061476.426190287
33183,2025-08-31,1057219.6163008525
33183,2025-09-30,1056485.3816488313
33183,2025-10-31,1058262.7813587184
33183,2025-11-30,1061287.639788977
33183,2025-12-31,1064416.8255842323
33183,2026-01-31,1064491.863018101
33183,2026-02-28,1062686.7345221404
33183,2026-03-31,1059656.2576958304
33183,2026-04-30,1056756.920815355
33183,2026-05-31,1054706.7189618992
33183,2026-06-30,1052680.1048757583
33183,2026-07-31,1052180.9032874913
33183,2026-08-31,1053313.4966147195
34213,2016-09-30,398111.26015726913
34213,2016-10-31,394797.1084309873
34213,2016-11-30,394348.0358972348
34213,2016-12-31,396105.62970080506
34213,2017-01-31,402953.8306229033
34213,2017-02-28,413322.3686717874
34213,2017-03-31,426071.50821008487
34213,2017-04-30,436029.0830063117
34213,2017-05-31,442728.2488392599
34213,2017-06-30,447321.07907078025
34213,2017-07-31,447009.59833377897
34213,2017-08-31,444513.13553745975
34213,2017-09-30,440719.8827409479
34213,2017-10-31,440677.2226069901
34213,2017-11-30,442471.6505918997
34213,2017-12-31,445963.2661906772
34213,2018-01-31,452511.0055920451
34213,2018-02-28,461664.0493148639
34213,2018-03-31,471894.9466864586
34213,2018-04-30,479753.6458058173
34213,2018-05-31,485852.40338118654
34213,2018-06-30,490418.5747595893
34213,2018-07-31,495991.4463526304
34213,2018-08-31,502851.7469944749
34213,2018-09-30,511206.8536312301
34213,2018-10-31,519458.9466337804
34213,2018-11-30,525714.1408267493
34213,2018-12-31,529657.0629680149
34213,2019-01-31,528309.3237329782
34213,2019-02-28,523480.66476207785
34213,2019-03-31,516750.4156253881
34213,2019-04-30,512024.0053615587
34213,2019-05-31,509403.4179122308
34213,2019-06-30,508546.2571179317
34213,2019-07-31,510891.14389368455
34213,2019-08-31,516340.0752615286
34213,2019-09-30,523944.83298088686
34213,2019-10-31,531738.8566548604
34213,2019-11-30,539011.4015345079
34213,2019-12-31,546025.372513867
34213,2020-01-31,549392.6186356494
34213,2020-02-29,549863.4198594308
34213,2020-03-31,548587.1196118816
34213,2020-04-30,548242.1012100843
34213,2020-05-31,547159.9938609191
34213,2020-06-30,545040.0152314225
34213,2020-07-31,545937.9834042415
34213,2020-08-31,551867.8602273307
34213,2020-09-30,563090.5533364356
34213,2020-10-31,576729.8258841828
34213,2020-11-30,591727.5433317354
34213,2020-12-31,606443.9505108123
34213,2021-01-31,615340.1407583378
34213,2021-02-28,621021.6351751867
34213,2021-03-31,624061.3526439766
34213,2021-04-30,630826.0540913558
34213,2021-05-31,639607.8398888888
34213,2021-06-30,650168.2583346536
34213,2021-07-31,660927.1790574521
34213,2021-08-31,668585.3522121004
34213,2021-09-30,673783.13464141
34213,2021-10-31,677700.4270572993
34213,2021-11-30,682341.000775287
34213,2021-12-31,687852.6406253801
34213,2022-01-31,695246.9286241635
34213,2022-02-28,704675.2195451612
34213,2022-03-31,716047.0627263733
34213,2022-04-30,726171.5908229345
34213,2022-05-31,734556.815876836
34213,2022-06-30,738769.4449790288
34213,2022-07-31,740868.3950691205
34213,2022-08-31,740415.9324913546
34213,2022-09-30,739132.7542897523
34213,2022-10-31,736979.1525523643
34213,2022-11-30,734789.9771682563
34213,2022-12-31,732327.8164409451
34213,2023-01-31,724133.3419156806
34213,2023-02-28,713049.7273352621
34213,2023-03-31,702746.1542276465
34213,2023-04-30,699491.8198090108
34213,2023-05-31,702477.9029366031
34213,2023-06-30,709089.8927221237
34213,2023-07-31,719818.3146240221
34213,2023-08-31,732630.2716220677
34213,2023-09-30,745450.5766905296
34213,2023-10-31,756117.4657103264
34213,2023-11-30,764391.9474946801
34213,2023-12-31,770677.2703965055
34213,2024-01-31,771561.6627483055
34213,2024-02-29,768670.4888194724
34213,2024-03-31,765305.614434631
34213,2024-04-30,765480.0202983441
34213,2024-05-31,767767.8395359392
34213,2024-06-30,770413.6128153093
34213,2024-07-31,774694.2697256157
34213,2024-08-31,780971.4364295987
34213,2024-09-30,788196.5090971518
34213,2024-10-31,794290.7700020248
34213,2024-11-30,799395.7185711929
34213,2024-12-31,803349.0034744203
34213,2025-01-31,802332.7211435096
34213,2025-02-28,797389.5589783426
34213,2025-03-31,789346.1655282257
34213,2025-04-30,783786.1537810592
34213,2025-05-31,778960.8638289068
34213,2025-06-30,775197.4254624546
34213,2025-07-31,773502.7474420994
34213,2025-08-31,774294.3881293483
34213,2025-09-30,777101.858427181
34213,2025-10-31,780735.3769363974
34213,2025-11-30,784419.3064540193
34213,2025-12-31,788146.9027605467
34213,2026-01-31,789415.8524790365
34213,2026-02-28,788880.1912605396
34213,2026-03-31,786673.9800643534
34213,2026-04-30,784412.7862699811
34213,2026-05-31,781719.4398731921
34213,2026-06-30,779221.918193597
34213,2026-07-31,777777.0141891617
34213,2026-08-31,778039.6283375233
37575,2016-09-30,492383.7951043877
37575,2016-10-31,495020.3179735924
37575,2016-11-30,500261.711372101
37575,2016-12-31,506523.5582248608
37575,2017-01-31,511819.952674466
37575,2017-02-28,515448.0627988053
37575,2017-03-31,519064.45964460593
37575,2017-04-30,524482.1820855475
37575,2017-05-31,530446.2741231817
37575,2017-06-30,537860.3892333899
37575,2017-07-31,544859.9120815197
37575,2017-08-31,551255.3360865008
37575,2017-09-30,555857.0651368386
37575,2017-10-31,559286.4690771969
37575,2017-11-30,561907.6890662177
37575,2017-12-31,565283.0108943613
37575,2018-01-31,569335.3691095364
37575,2018-02-28,574345.7097032261
37575,2018-03-31,580445.7412813271
37575,2018-04-30,586554.1364308357
37575,2018-05-31,592695.5071867822
37575,2018-06-30,595574.2897246326
37575,2018-07-31,598232.3862806823
37575,2018-08-31,600365.9885657175
37575,2018-09-30,602669.1460259053
37575,2018-10-31,604505.8876306092
37575,2018-11-30,605845.5516896524
37575,2018-12-31,605928.2112501143
37575,2019-01-31,604478.0871804279
37575,2019-02-28,601910.1599848621
37575,2019-03-31,601225.2462218584
37575,2019-04-30,602385.3224619104
37575,2019-05-31,602884.3805026683
37575,2019-06-30,602447.5116009645
37575,2019-07-31,600444.6888540211
37575,2019-08-31,598588.4904088646
37575,2019-09-30,596753.1084525374
37575,2019-10-31,596908.1211610878
37575,2019-11-30,597887.2008469502
37575,2019-12-31,598579.2454012914
37575,2020-01-31,599698.8850036064
37575,2020-02-29,602482.5341569813
37575,2020-03-31,606418.1624260858
37575,2020-04-30,609872.9809053954
37575,2020-05-31,612334.0578129317
37575,2020-06-30,614383.6068373802
37575,2020-07-31,616834.0655175244
37575,2020-08-31,619034.1221686517
37575,2020-09-30,622467.2090618209
37575,2020-10-31,625273.9316278504
37575,2020-11-30,629114.8360016566
37575,2020-12-31,632258.8228406796
37575,2021-01-31,635054.2154768693
37575,2021-02-28,637628.4959911914
37575,2021-03-31,640022.478290774
37575,2021-04-30,641967.6057994758
37575,2021-05-31,643915.8730555747
37575,2021-06-30,645368.1545004408
37575,2021-07-31,649318.6387438037
37575,2021-08-31,655988.5784776494
37575,2021-09-30,665112.1966538047
37575,2021-10-31,674182.4437538991
37575,2021-11-30,682380.1136752801
37575,2021-12-31,688319.2529144308
37575,2022-01-31,689959.1054739113
37575,2022-02-28,688810.3491830718
37575,2022-03-31,688262.600799396
37575,2022-04-30,689509.9179635466
37575,2022-05-31,691246.5980725618
37575,2022-06-30,692311.5394505038
37575,2022-07-31,691218.6196358289
37575,2022-08-31,687633.1763440169
37575,2022-09-30,681056.8644368858
37575,2022-10-31,675389.4917868184
37575,2022-11-30,671550.7814373564
37575,2022-12-31,669565.4013961587
37575,2023-01-31,667297.7597999767
37575,2023-02-28,663369.248704214
37575,2023-03-31,660129.3404660184
37575,2023-04-30,658430.7735867781
37575,2023-05-31,658871.8374983927
37575,2023-06-30,659196.355987879
37575,2023-07-31,659068.5164572797
37575,2023-08-31,659528.2519595404
37575,2023-09-30,657825.611198597
37575,2023-10-31,654842.3359827158
37575,2023-11-30,650676.618524498
37575,2023-12-31,648631.3374548533
37575,2024-01-31,650557.6393189649
37575,2024-02-29,654875.8418584797
37575,2024-03-31,662296.0062387747
37575,2024-04-30,668679.0158283875
37575,2024-05-31,673383.904166911
37575,2024-06-30,674522.5987522866
37575,2024-07-31,675354.6100871664
37575,2024-08-31,676874.2488607509
37575,2024-09-30,679391.7485663593
37575,2024-10-31,680804.7461808427
37575,2024-11-30,681500.28725419
37575,2024-12-31,682403.8432389345
37575,2025-01-31,683897.2056331156
37575,2025-02-28,686819.4274013848
37575,2025-03-31,688438.5941524539
37575,2025-04-30,688859.2415380055
37575,2025-05-31,685104.7343162635
37575,2025-06-30,682027.5477107938
37575,2025-07-31,676890.9007665673
37575,2025-08-31,671564.467511467
37575,2025-09-30,667479.7364336816
37575,2025-10-31,664414.2450041967
37575,2025-11-30,664978.6968947955
37575,2025-12-31,662587.0718100788
37575,2026-01-31,664703.157749637
37575,2026-02-28,664947.5412260499
37575,2026-03-31,669122.593211311
37575,2026-04-30,668972.8894724291
37575,2026-05-31,667178.1454800237
37575,2026-06-30,662080.8063898651
37575,2026-07-31,660719.3304085605
37575,2026-08-31,664012.0969307384
40076,2016-09-30,285668.91341623006
40076,2016-10-31,288093.9647929943
40076,2016-11-30,290885.14867803565
40076,2016-12-31,293824.7161709437
40076,2017-01-31,296509.486903183
40076,2017-02-28,299354.8790983304
40076,2017-03-31,302404.3862375135
40076,2017-04-30,304888.18153630715
40076,2017-05-31,306883.38298431644
40076,2017-06-30,308015.9834329903
40076,2017-07-31,309307.9085878871
40076,2017-08-31,310557.4637118793
40076,2017-09-30,311984.7619187263
40076,2017-10-31,314150.5786224122
40076,2017-11-30,316367.366513045
40076,2017-12-31,318617.99874476617
40076,2018-01-31,320233.3794344996
40076,2018-02-28,321954.23737163935
40076,2018-03-31,324027.42432754504
40076,2018-04-30,325667.0153395065
40076,2018-05-31,327828.63527528447
40076,2018-06-30,329310.860786526
40076,2018-07-31,330957.3086586146
40076,2018-08-31,331681.759216025
40076,2018-09-30,332239.72689070186
40076,2018-10-31,332888.77587683056
40076,2018-11-30,333920.0712804352
40076,2018-12-31,334925.16060975846
40076,2019-01-31,336292.98577610083
40076,2019-02-28,337817.7400954442
40076,2019-03-31,340102.59083031415
40076,2019-04-30,342189.7022142181
40076,2019-05-31,343658.6468442996
40076,2019-06-30,344329.6734750904
40076,2019-07-31,344546.0596203025
40076,2019-08-31,344771.2922889181
40076,2019-09-30,344962.5249362049
40076,2019-10-31,345384.86932315235
40076,2019-11-30,345792.6022646774
40076,2019-12-31,346292.38809502014
40076,2020-01-31,347523.51743407204
40076,2020-02-29,349270.97530205915
40076,2020-03-31,351557.7941236466
40076,2020-04-30,353198.6909836444
40076,2020-05-31,354249.74187311623
40076,2020-06-30,354632.7931505482
40076,2020-07-31,355038.3685667277
40076,2020-08-31,356249.42469295114
40076,2020-09-30,358843.0487452255
40076,2020-10-31,362325.8160691431
40076,2020-11-30,366161.18333663297
40076,2020-12-31,369480.1384096733
40076,2021-01-31,372413.1044384849
40076,2021-02-28,375545.1176660567
40076,2021-03-31,379519.2886938972
40076,2021-04-30,383814.02655509225
40076,2021-05-31,388685.41879166826
40076,2021-06-30,393465.3242230764
40076,2021-07-31,398144.5133888779
40076,2021-08-31,403092.6123642503
40076,2021-09-30,407796.6511323598
40076,2021-10-31,412687.7536846184
40076,2021-11-30,416680.0968749207
40076,2021-12-31,420752.8305866038
40076,2022-01-31,425652.2849615898
40076,2022-02-28,431067.9863612242
40076,2022-03-31,436969.2260554352
40076,2022-04-30,443326.1249573112
40076,2022-05-31,450019.8078475178
40076,2022-06-30,456472.204874112
40076,2022-07-31,460623.8520373539
40076,2022-08-31,461621.16107917606
40076,2022-09-30,460757.22921297903
40076,2022-10-31,459946.564401682
40076,2022-11-30,459970.855128266
40076,2022-12-31,459942.1253964356
40076,2023-01-31,459471.0047415576
40076,2023-02-28,458620.0305895976
40076,2023-03-31,458513.2525558178
40076,2023-04-30,459509.4972115904
40076,2023-05-31,461711.1454813222
40076,2023-06-30,464620.1265857336
40076,2023-07-31,467485.6058593427
40076,2023-08-31,470653.2406224396
40076,2023-09-30,473744.4813275209
40076,2023-10-31,476885.36865057104
40076,2023-11-30,479383.6033566088
40076,2023-12-31,480178.2856255225
40076,2024-01-31,479749.9470121217
40076,2024-02-29,478946.1945614579
40076,2024-03-31,479357.41459947097
40076,2024-04-30,479941.3861219452
40076,2024-05-31,479977.1855081637
40076,2024-06-30,478942.6102294141
40076,2024-07-31,477658.7698596185
40076,2024-08-31,476456.0650959879
40076,2024-09-30,475678.4423218262
40076,2024-10-31,475213.2416776412
40076,2024-11-30,475474.1913388958
40076,2024-12-31,476073.1878793588
40076,2025-01-31,476915.6415958672
40076,2025-02-28,477546.2228963426
40076,2025-03-31,477771.5071039966
40076,2025-04-30,478179.2810018283
40076,2025-05-31,477733.2056551874
40076,2025-06-30,476729.164556064
40076,2025-07-31,475351.5833937057
40076,2025-08-31,474745.11844642
40076,2025-09-30,475371.8780034967
40076,2025-10-31,476203.0626720755
40076,2025-11-30,477165.2852959407
40076,2025-12-31,477616.6297670302
40076,2026-01-31,478289.2077645156
40076,2026-02-28,478750.2186116564
40076,2026-03-31,479060.2555831447
40076,2026-04-30,478372.8494492592
40076,2026-05-31,477487.7656238138
40076,2026-06-30,477209.1915994067
40076,2026-07-31,478273.2445083277
40076,2026-08-31,479760.2498609333
41466,2016-09-30,386489.8182344169
41466,2016-10-31,382552.5998507881
41466,2016-11-30,381782.2741276789
41466,2016-12-31,383032.5783866808
41466,2017-01-31,390495.3302874715
41466,2017-02-28,401773.9096488984
41466,2017-03-31,415250.8205462575
41466,2017-04-30,425501.4505177609
41466,2017-05-31,432743.7925207031
41466,2017-06-30,438473.1946774432
41466,2017-07-31,439167.5213141256
41466,2017-08-31,437735.8656207433
41466,2017-09-30,434724.9274841651
41466,2017-10-31,435569.690942471
41466,2017-11-30,437707.10857159767
41466,2017-12-31,441372.0197761752
41466,2018-01-31,448688.61568949645
41466,2018-02-28,459681.8192865476
41466,2018-03-31,472243.3147932647
41466,2018-04-30,482317.181803188
41466,2018-05-31,489710.2546487075
41466,2018-06-30,494760.0747503866
41466,2018-07-31,500491.8239580444
41466,2018-08-31,508443.88755201566
41466,2018-09-30,518454.212756587
41466,2018-10-31,528019.7326334207
41466,2018-11-30,535039.9059412671
41466,2018-12-31,539341.5308724615
41466,2019-01-31,537196.9609858412
41466,2019-02-28,530141.9193392337
41466,2019-03-31,520947.5623968187
41466,2019-04-30,514097.01255353726
41466,2019-05-31,509868.2416780293
41466,2019-06-30,508046.1560865501
41466,2019-07-31,510453.53983089
41466,2019-08-31,516799.2770585907
41466,2019-09-30,525436.6968350438
41466,2019-10-31,534394.5183359198
41466,2019-11-30,542833.6104918348
41466,2019-12-31,550508.7754246172
41466,2020-01-31,554451.4485542342
41466,2020-02-29,555516.6334402562
41466,2020-03-31,555479.8231987298
41466,2020-04-30,556338.9563779584
41466,2020-05-31,555826.5447780448
41466,2020-06-30,553603.3471687544
41466,2020-07-31,554817.396164412
41466,2020-08-31,561697.0804525997
41466,2020-09-30,574764.0957351098
41466,2020-10-31,589785.992388206
41466,2020-11-30,606002.1702077928
41466,2020-12-31,621056.9745444775
41466,2021-01-31,629158.2510322666
41466,2021-02-28,633169.6080174576
41466,2021-03-31,634158.3215090577
41466,2021-04-30,640088.0026072898
41466,2021-05-31,648702.5940845105
41466,2021-06-30,659689.2186120417
41466,2021-07-31,671455.9421842406
41466,2021-08-31,679776.3325159269
41466,2021-09-30,685067.1928715872
41466,2021-10-31,688443.3143881565
41466,2021-11-30,693383.110856471
41466,2021-12-31,699982.787229038
41466,2022-01-31,708572.7995350399
41466,2022-02-28,719345.1485196119
41466,2022-03-31,732435.4344421959
41466,2022-04-30,743685.770601349
41466,2022-05-31,753195.487612438
41466,2022-06-30,758506.5701780651
41466,2022-07-31,762455.9532871399
41466,2022-08-31,762469.5702727089
41466,2022-09-30,761351.2802977534
41466,2022-10-31,758760.6774689062
41466,2022-11-30,757567.6761845608
41466,2022-12-31,755797.7087755973
41466,2023-01-31,747666.128128238
41466,2023-02-28,735647.4744996494
41466,2023-03-31,723936.9437186453
41466,2023-04-30,719840.8838100325
41466,2023-05-31,721664.6011853758
41466,2023-06-30,727969.5083216034
41466,2023-07-31,738153.7649677187
41466,2023-08-31,751111.7471746225
41466,2023-09-30,764184.9666539164
41466,2023-10-31,776094.4953574626
41466,2023-11-30,786028.2097088505
41466,2023-12-31,792757.552844386
41466,2024-01-31,791168.9759262757
41466,2024-02-29,783711.9039215753
41466,2024-03-31,775989.9231406265
41466,2024-04-30,773786.1436474245
41466,2024-05-31,774718.7407283523
41466,2024-06-30,776359.622292552
41466,2024-07-31,781411.180415723
41466,2024-08-31,789422.609639958
41466,2024-09-30,798638.0198197915
41466,2024-10-31,805789.3434846257
41466,2024-11-30,810910.6043749173
41466,2024-12-31,815090.1673202509
41466,2025-01-31,812926.6556984388
41466,2025-02-28,807153.7113409624
41466,2025-03-31,798193.0030417048
41466,2025-04-30,792606.2971816296
41466,2025-05-31,788251.3088736605
41466,2025-06-30,784596.3660305963
41466,2025-07-31,783612.5570996432
41466,2025-08-31,784718.5499093704
41466,2025-09-30,788316.7256875505
41466,2025-10-31,791790.6167410337
41466,2025-11-30,795728.3400987014
41466,2025-12-31,799958.3971396304
41466,2026-01-31,801985.6629568203
41466,2026-02-28,801866.1060344089
41466,2026-03-31,798807.8618143011
41466,2026-04-30,794281.4095925279
41466,2026-05-31,790673.0129723925
41466,2026-06-30,788362.9077801049
41466,2026-07-31,788465.1059018397
41466,2026-08-31,789735.8792963015
44978,2016-09-30,536024.326667346
44978,2016-10-31,537265.6896758768
44978,2016-11-30,538094.7408288225
44978,2016-12-31,539354.9856181698
44978,2017-01-31,540426.0172751755
44978,2017-02-28,542610.546255768
44978,2017-03-31,545554.4708405295
44978,2017-04-30,550199.3171512401
44978,2017-05-31,554681.7388848019
44978,2017-06-30,558727.2872380816
44978,2017-07-31,561498.2781059727
44978,2017-08-31,563630.3994546128
44978,2017-09-30,565307.0984554011
44978,2017-10-31,567352.4684170338
44978,2017-11-30,569617.2401193465
44978,2017-12-31,572440.2069672281
44978,2018-01-31,575186.9727431322
44978,2018-02-28,576619.7790698138
44978,2018-03-31,577734.9808562659
44978,2018-04-30,577986.280601225
44978,2018-05-31,579541.7639808896
44978,2018-06-30,581403.7133306284
44978,2018-07-31,582973.9573982622
44978,2018-08-31,583652.5807555696
44978,2018-09-30,583413.7239711053
44978,2018-10-31,583359.0171471561
44978,2018-11-30,583995.8789073777
44978,2018-12-31,585264.5125288768
44978,2019-01-31,586740.3352816328
44978,2019-02-28,588762.254618858
44978,2019-03-31,590227.4421698181
44978,2019-04-30,591000.3550579905
44978,2019-05-31,589541.4968488285
44978,2019-06-30,588339.5888971095
44978,2019-07-31,587013.2709938032
44978,2019-08-31,586101.8676703515
44978,2019-09-30,585624.8286411881
44978,2019-10-31,586473.9513559812
44978,2019-11-30,587128.7613303697
44978,2019-12-31,587478.7793267063
44978,2020-01-31,589143.9519432882
44978,2020-02-29,593313.1068651954
44978,2020-03-31,597436.6825996275
44978,2020-04-30,599266.263380197
44978,2020-05-31,597730.0590165947
44978,2020-06-30,594997.1419865773
44978,2020-07-31,593588.0501936533
44978,2020-08-31,595732.1184004956
44978,2020-09-30,601412.6374830903
44978,2020-10-31,608434.4514893257
44978,2020-11-30,615956.2943160767
44978,2020-12-31,622769.1209271761
44978,2021-01-31,628737.4076733642
44978,2021-02-28,635410.6975484969
44978,2021-03-31,642488.4413937716
44978,2021-04-30,651732.6901984201
44978,2021-05-31,661353.0809875028
44978,2021-06-30,671220.2160093766
44978,2021-07-31,677121.6050846389
44978,2021-08-31,680575.9217848746
44978,2021-09-30,681479.0364171494
44978,2021-10-31,682897.139329385
44978,2021-11-30,684942.0722476173
44978,2021-12-31,687897.6896282432
44978,2022-01-31,694255.697749957
44978,2022-02-28,702371.9168258928
44978,2022-03-31,714028.698285521
44978,2022-04-30,726355.9312107394
44978,2022-05-31,737189.0611303545
44978,2022-06-30,745399.0373487227
44978,2022-07-31,748567.5547625496
44978,2022-08-31,748327.726318901
44978,2022-09-30,743537.2722999774
44978,2022-10-31,740281.3847226579
44978,2022-11-30,737671.830144172
44978,2022-12-31,736415.1374043245
44978,2023-01-31,733023.7654685206
44978,2023-02-28,730422.6584616863
44978,2023-03-31,730613.1149273644
44978,2023-04-30,735588.7314228684
44978,2023-05-31,742941.281840315
44978,2023-06-30,750430.1140806064
44978,2023-07-31,757147.9679053758
44978,2023-08-31,763538.2749189651
44978,2023-09-30,769603.0861460919
44978,2023-10-31,776051.7110841888
44978,2023-11-30,780152.1436328193
44978,2023-12-31,781485.8584897242
44978,2024-01-31,779657.4944389138
44978,2024-02-29,780374.7601919117
44978,2024-03-31,785635.0976181873
44978,2024-04-30,792888.8721894957
44978,2024-05-31,797778.3161582709
44978,2024-06-30,797384.4567958708
44978,2024-07-31,794767.9365268751
44978,2024-08-31,790912.5751522267
44978,2024-09-30,789508.1065614898
44978,2024-10-31,789086.5976729095
44978,2024-11-30,789475.1453867476
44978,2024-12-31,791007.56425094
44978,2025-01-31,792965.697106151
44978,2025-02-28,795135.5018478376
44978,2025-03-31,796549.4916626442
44978,2025-04-30,797267.4325476534
44978,2025-05-31,799688.0206039174
44978,2025-06-30,801850.021272249
44978,2025-07-31,805338.6899434687
44978,2025-08-31,809221.8350690933
44978,2025-09-30,814891.8182619526
44978,2025-10-31,822871.1197485286
44978,2025-11-30,832019.3283914141
44978,2025-12-31,841036.799895432
44978,2026-01-31,847403.9193577254
44978,2026-02-28,852529.9748712621
44978,2026-03-31,855232.5421586822
44978,2026-04-30,856698.7211649129
44978,2026-05-31,856504.0223497046
44978,2026-06-30,856136.5047220867
44978,2026-07-31,856212.4252377922
44978,2026-08-31,856602.962833865
46795,2016-09-30,450737.7519198503
46795,2016-10-31,445281.99655310967
46795,2016-11-30,443802.81990137993
46795,2016-12-31,445216.42506924487
46795,2017-01-31,453364.7057519642
46795,2017-02-28,465613.4466471118
46795,2017-03-31,480223.72140756185
46795,2017-04-30,491363.7297302536
46795,2017-05-31,499562.99434859
46795,2017-06-30,506179.0908544886
46795,2017-07-31,506862.16115047474
46795,2017-08-31,504096.8722367373
46795,2017-09-30,499299.3968851948
46795,2017-10-31,499098.0761522767
46795,2017-11-30,501027.8867894449
46795,2017-12-31,504094.3856527262
46795,2018-01-31,511702.17904693895
46795,2018-02-28,524298.5387821783
46795,2018-03-31,540008.926673428
46795,2018-04-30,553463.6030305158
46795,2018-05-31,563529.1406954125
46795,2018-06-30,570424.208955205
46795,2018-07-31,578003.0529070008
46795,2018-08-31,587464.0352284819
46795,2018-09-30,599506.030460216
46795,2018-10-31,610469.3592363951
46795,2018-11-30,618646.6122584316
46795,2018-12-31,623094.5848943259
46795,2019-01-31,620106.9422382818
46795,2019-02-28,611076.1106398263
46795,2019-03-31,600185.4486612519
46795,2019-04-30,591805.1327101763
46795,2019-05-31,586684.0781641728
46795,2019-06-30,582938.3145630932
46795,2019-07-31,583860.2214433405
46795,2019-08-31,589874.8168027601
46795,2019-09-30,599838.9860851633
46795,2019-10-31,609844.3321474082
46795,2019-11-30,618640.6214047474
46795,2019-12-31,626786.9391091588
46795,2020-01-31,631151.4979398373
46795,2020-02-29,632587.9774251621
46795,2020-03-31,632171.4729593758
46795,2020-04-30,632555.0878554364
46795,2020-05-31,631060.295615158
46795,2020-06-30,626894.7808259153
46795,2020-07-31,626764.9437576068
46795,2020-08-31,633632.6712367514
46795,2020-09-30,648027.7856018624
46795,2020-10-31,663510.2484484318
46795,2020-11-30,679801.2953828434
46795,2020-12-31,694718.8248716634
46795,2021-01-31,702589.9838549644
46795,2021-02-28,706083.5036835457
46795,2021-03-31,706982.6864761998
46795,2021-04-30,713513.0490020537
46795,2021-05-31,723421.0157346525
46795,2021-06-30,734826.6595266596
46795,2021-07-31,749036.3684173067
46795,2021-08-31,760298.8842340134
46795,2021-09-30,770230.9873076534
46795,2021-10-31,776734.1756772363
46795,2021-11-30,782454.8600524087
46795,2021-12-31,787841.414344713
46795,2022-01-31,793807.4650749061
46795,2022-02-28,802302.8181045526
46795,2022-03-31,812458.2079178704
46795,2022-04-30,821396.8147314183
46795,2022-05-31,829412.355493453
46795,2022-06-30,833624.2879961982
46795,2022-07-31,836700.7068963313
46795,2022-08-31,836205.7757762362
46795,2022-09-30,834607.9296117214
46795,2022-10-31,831560.1803417747
46795,2022-11-30,829562.9266368566
46795,2022-12-31,828322.6557486072
46795,2023-01-31,820528.7181801315
46795,2023-02-28,807558.4394928158
46795,2023-03-31,793592.8952766089
46795,2023-04-30,787192.0792132054
46795,2023-05-31,787587.8502837642
46795,2023-06-30,792998.3317616613
46795,2023-07-31,803775.9042544505
46795,2023-08-31,819221.3806358407
46795,2023-09-30,835085.7127016513
46795,2023-10-31,848246.3136808124
46795,2023-11-30,856963.0257780828
46795,2023-12-31,862472.752451337
46795,2024-01-31,860805.2015255862
46795,2024-02-29,854346.8196822312
46795,2024-03-31,847498.286633636
46795,2024-04-30,844798.6699600086
46795,2024-05-31,845261.636748171
46795,2024-06-30,845210.2361124757
46795,2024-07-31,848782.0208917308
46795,2024-08-31,854878.6796107603
46795,2024-09-30,863181.6156306807
46795,2024-10-31,869633.6933737599
46795,2024-11-30,874393.6597456293
46795,2024-12-31,878309.4329430512
46795,2025-01-31,875959.5201187925
46795,2025-02-28,870553.6501192324
46795,2025-03-31,861861.1560977004
46795,2025-04-30,856563.5117630853
46795,2025-05-31,851807.4225339846
46795,2025-06-30,847443.0202986997
46795,2025-07-31,845348.9866125403
46795,2025-08-31,845687.746520202
46795,2025-09-30,848838.2400405101
46795,2025-10-31,853479.5229441038
46795,2025-11-30,858241.5564301546
46795,2025-12-31,862978.3322633622
46795,2026-01-31,864525.9459455609
46795,2026-02-28,863609.8109993631
46795,2026-03-31,859416.1602991953
46795,2026-04-30,854486.1062522795
46795,2026-05-31,850244.69157403
46795,2026-06-30,847551.6079881532
46795,2026-07-31,846364.2220040131
46795,2026-08-31,847173.122794577
47651,2016-09-30,128557.88539898352
47651,2016-10-31,129763.50839971098
47651,2016-11-30,131035.29820889392
47651,2016-12-31,132056.37149610926
47651,2017-01-31,132934.56757128108
47651,2017-02-28,133575.50563611928
47651,2017-03-31,134337.33562851258
47651,2017-04-30,134951.07432395595
47651,2017-05-31,135410.14711878597
47651,2017-06-30,135804.13648520302
47651,2017-07-31,136145.27540776358
47651,2017-08-31,136428.62111360405
47651,2017-09-30,136604.6773661893
47651,2017-10-31,136766.73783093414
47651,2017-11-30,137050.08393476892
47651,2017-12-31,137283.72314054068
47651,2018-01-31,137735.60172730198
47651,2018-02-28,138291.08991305984
47651,2018-03-31,139104.8646214018
47651,2018-04-30,139936.15569545457
47651,2018-05-31,140767.1773700543
47651,2018-06-30,141489.2422761758
47651,2018-07-31,142062.4230632283
47651,2018-08-31,142507.3868962379
47651,2018-09-30,143103.957846698
47651,2018-10-31,143879.95559714898
47651,2018-11-30,144719.39768440698
47651,2018-12-31,145639.83533102353
47651,2019-01-31,146654.49439846762
47651,2019-02-28,147713.42175544772
47651,2019-03-31,148661.13272216808
47651,2019-04-30,149335.2359615477
47651,2019-05-31,149854.83402171885
47651,2019-06-30,150125.5185211971
47651,2019-07-31,150284.1893139261
47651,2019-08-31,150422.74160856518
47651,2019-09-30,150807.12761493798
47651,2019-10-31,151397.36007954308
47651,2019-11-30,152075.27180338348
47651,2019-12-31,152648.1802639344
47651,2020-01-31,153212.48552196458
47651,2020-02-29,153944.12854962476
47651,2020-03-31,154775.07837039704
47651,2020-04-30,155489.0957116418
47651,2020-05-31,155859.47008600758
47651,2020-06-30,155931.15736851326
47651,2020-07-31,156192.41118866144
47651,2020-08-31,156813.997853165
47651,2020-09-30,158133.63920740466
47651,2020-10-31,159912.5712244476
47651,2020-11-30,162124.6339978324
47651,2020-12-31,164165.47585219258
47651,2021-01-31,166194.10179172017
47651,2021-02-28,168361.87773883282
47651,2021-03-31,170792.23929289813
47651,2021-04-30,173195.42078158318
47651,2021-05-31,175676.59190763687
47651,2021-06-30,178306.10577894343
47651,2021-07-31,180061.82738363257
47651,2021-08-31,180305.13626180947
47651,2021-09-30,179515.26520760823
47651,2021-10-31,179320.90397990725
47651,2021-11-30,180367.87395780848
47651,2021-12-31,182017.2557473803
47651,2022-01-31,185282.43007691143
47651,2022-02-28,189696.30609662575
47651,2022-03-31,195281.51433262287
47651,2022-04-30,200155.0041322233
47651,2022-05-31,203973.85890608668
47651,2022-06-30,206826.2940368117
47651,2022-07-31,208741.1116373701
47651,2022-08-31,209795.7066701776
47651,2022-09-30,210351.33336789065
47651,2022-10-31,210924.98775490967
47651,2022-11-30,211760.5629956077
47651,2022-12-31,212286.1347541106
47651,2023-01-31,211970.39250932197
47651,2023-02-28,211261.0000646694
47651,2023-03-31,210858.23043112867
47651,2023-04-30,211043.7913481128
47651,2023-05-31,211532.6088267364
47651,2023-06-30,212303.0185571999
47651,2023-07-31,213072.35281522825
47651,2023-08-31,214457.4207706817
47651,2023-09-30,215515.48515047852
47651,2023-10-31,216235.67329789363
47651,2023-11-30,216448.4587592141
47651,2023-12-31,216539.62605152643
47651,2024-01-31,217050.31416523256
47651,2024-02-29,217478.55676011
47651,2024-03-31,218336.49533834588
47651,2024-04-30,219366.55203591427
47651,2024-05-31,220135.42956334844
47651,2024-06-30,220038.21070491243
47651,2024-07-31,219452.7342785893
47651,2024-08-31,218717.96945153
47651,2024-09-30,218083.3297078863
47651,2024-10-31,217419.07512786248
47651,2024-11-30,217016.23896795732
47651,2024-12-31,217020.3790322792
47651,2025-01-31,216750.03619644837
47651,2025-02-28,216006.86200932728
47651,2025-03-31,214381.50111757856
47651,2025-04-30,212307.33899656773
47651,2025-05-31,210221.53939698185
47651,2025-06-30,208082.55885732896
47651,2025-07-31,206410.2771086148
47651,2025-08-31,204889.96076522343
47651,2025-09-30,203914.13002014207
47651,2025-10-31,203168.44479761456
47651,2025-11-30,202907.9879715228
47651,2025-12-31,203021.28265754125
47651,2026-01-31,203297.0245317045
47651,2026-02-28,203428.00063946447
47651,2026-03-31,203304.2238466073
47651,2026-04-30,202615.09332649325
47651,2026-05-31,201578.6090388516
47651,2026-06-30,200412.1974583123
47651,2026-07-31,199596.33714865637
47651,2026-08-31,199032.66375119495
48570,2016-09-30,618525.5702678292
48570,2016-10-31,612980.5346790239
48570,2016-11-30,612861.2642053739
48570,2016-12-31,616411.0965388161
48570,2017-01-31,626427.7004453457
48570,2017-02-28,641041.8629878548
48570,2017-03-31,657787.5294394359
48570,2017-04-30,670022.1191900074
48570,2017-05-31,677768.0879512941
48570,2017-06-30,683600.7073772921
48570,2017-07-31,682958.0658864101
48570,2017-08-31,679420.1869843922
48570,2017-09-30,673190.7169499976
48570,2017-10-31,672814.172306761
48570,2017-11-30,674910.8336068066
48570,2017-12-31,679626.2506134948
48570,2018-01-31,688858.5891096467
48570,2018-02-28,702381.4254801242
48570,2018-03-31,717553.8461347744
48570,2018-04-30,729383.1250406053
48570,2018-05-31,737800.382724613
48570,2018-06-30,742771.7658855463
48570,2018-07-31,748810.2511587102
48570,2018-08-31,757088.7998186601
48570,2018-09-30,768507.5507906787
48570,2018-10-31,779188.1069573503
48570,2018-11-30,786604.626672931
48570,2018-12-31,790254.8886312001
48570,2019-01-31,786539.0538254973
48570,2019-02-28,777409.9284173903
48570,2019-03-31,766485.8534118187
48570,2019-04-30,759143.4639509938
48570,2019-05-31,755337.5902325354
48570,2019-06-30,753379.3644144692
48570,2019-07-31,755464.5922658968
48570,2019-08-31,761788.1841816105
48570,2019-09-30,771322.896178102
48570,2019-10-31,780708.0281691462
48570,2019-11-30,789635.9936659097
48570,2019-12-31,798180.0616132839
48570,2020-01-31,803521.2631143372
48570,2020-02-29,806570.3859427372
48570,2020-03-31,808128.3208597043
48570,2020-04-30,808977.8260637396
48570,2020-05-31,806737.3360085961
48570,2020-06-30,801113.4197778144
48570,2020-07-31,800842.5830177123
48570,2020-08-31,808299.0704048672
48570,2020-09-30,825516.3044234643
48570,2020-10-31,845626.2876759475
48570,2020-11-30,868121.2619546893
48570,2020-12-31,889772.9735632542
48570,2021-01-31,903963.9969662164
48570,2021-02-28,912124.0444859564
48570,2021-03-31,916599.581179469
48570,2021-04-30,928010.9712409168
48570,2021-05-31,945251.5222203528
48570,2021-06-30,966519.588337344
48570,2021-07-31,988153.8440543112
48570,2021-08-31,1004509.8953555723
48570,2021-09-30,1015849.2770230232
48570,2021-10-31,1023498.3606498037
48570,2021-11-30,1032375.376686137
48570,2021-12-31,1043714.6203281368
48570,2022-01-31,1060956.093334092
48570,2022-02-28,1082218.1614386726
48570,2022-03-31,1107243.101015593
48570,2022-04-30,1128328.7983749558
48570,2022-05-31,1146550.3380168928
48570,2022-06-30,1157056.981917221
48570,2022-07-31,1162163.898133077
48570,2022-08-31,1157686.6530303385
48570,2022-09-30,1148502.477185319
48570,2022-10-31,1138915.1713994157
48570,2022-11-30,1133839.439696886
48570,2022-12-31,1130916.787852344
48570,2023-01-31,1119476.496293543
48570,2023-02-28,1102187.5324890406
48570,2023-03-31,1084189.2814142357
48570,2023-04-30,1077413.7709731422
48570,2023-05-31,1080755.2694240033
48570,2023-06-30,1091217.1980015112
48570,2023-07-31,1108786.5881370266
48570,2023-08-31,1130758.5483928176
48570,2023-09-30,1154469.28289851
48570,2023-10-31,1175002.8115393696
48570,2023-11-30,1189316.1024727898
48570,2023-12-31,1198215.762145833
48570,2024-01-31,1194975.5928276144
48570,2024-02-29,1186862.492324737
48570,2024-03-31,1179396.2683707091
48570,2024-04-30,1180608.4085607168
48570,2024-05-31,1184624.9686665982
48570,2024-06-30,1187356.0984813806
48570,2024-07-31,1191592.7893896354
48570,2024-08-31,1200005.9764188435
48570,2024-09-30,1211135.572526533
48570,2024-10-31,1220112.6983195057
48570,2024-11-30,1226269.8517892966
48570,2024-12-31,1230141.9822591478
48570,2025-01-31,1226682.431683075
48570,2025-02-28,1219091.4958158787
48570,2025-03-31,1209221.1330876343
48570,2025-04-30,1203709.268896793
48570,2025-05-31,1199795.135692697
48570,2025-06-30,1194280.525846135
48570,2025-07-31,1189598.8893383
48570,2025-08-31,1185675.6421133524
48570,2025-09-30,1186914.0022926112
48570,2025-10-31,1190982.5971285051
48570,2025-11-30,1196723.9797358825
48570,2025-12-31,1200677.3616434552
48570,2026-01-31,1199365.1580685314
48570,2026-02-28,1195871.926535163
48570,2026-03-31,1190983.9419501938
48570,2026-04-30,1187808.2312975451
48570,2026-05-31,1183473.1019892246
48570,2026-06-30,1179328.5850720624
48570,2026-07-31,1177214.5389431482
48570,2026-08-31,1178741.8366375505
53169,2016-09-30,271847.7457646323
53169,2016-10-31,271680.1954710666
53169,2016-11-30,270881.52631116146
53169,2016-12-31,270190.8122649639
53169,2017-01-31,269477.5766273657
53169,2017-02-28,269496.3322220969
53169,2017-03-31,269563.9875882177
53169,2017-04-30,270747.5111603597
53169,2017-05-31,272456.45220151165
53169,2017-06-30,274349.8661072606
53169,2017-07-31,275334.69949757395
53169,2017-08-31,275315.2839221459
53169,2017-09-30,275491.6450102462
53169,2017-10-31,276225.13086993294
53169,2017-11-30,277546.30535547365
53169,2017-12-31,278593.1637625761
53169,2018-01-31,279166.72202313296
53169,2018-02-28,279271.7280282323
53169,2018-03-31,279384.7423884054
53169,2018-04-30,279618.1159189076
53169,2018-05-31,280037.5469332929
53169,2018-06-30,280577.7958950641
53169,2018-07-31,281403.64055754367
53169,2018-08-31,281886.6818879976
53169,2018-09-30,282072.0202209505
53169,2018-10-31,281697.6789306388
53169,2018-11-30,281398.22355869674
53169,2018-12-31,281293.81022556446
53169,2019-01-31,281781.8403094756
53169,2019-02-28,282712.5081870491
53169,2019-03-31,283745.6444554797
53169,2019-04-30,284647.60550257744
53169,2019-05-31,285205.3322476968
53169,2019-06-30,285835.0608379889
53169,2019-07-31,286217.2607432204
53169,2019-08-31,286405.92600472603
53169,2019-09-30,286387.5332801105
53169,2019-10-31,286532.83848998364
53169,2019-11-30,287567.7502709023
53169,2019-12-31,288921.5214217088
53169,2020-01-31,291119.6711538459
53169,2020-02-29,293454.4981187201
53169,2020-03-31,296343.6563861138
53169,2020-04-30,299046.3940658132
53169,2020-05-31,300672.6021524036
53169,2020-06-30,301023.39490291727
53169,2020-07-31,300407.13579798886
53169,2020-08-31,300441.40259532194
53169,2020-09-30,302029.3473848116
53169,2020-10-31,305344.9749659405
53169,2020-11-30,309772.7510639451
53169,2020-12-31,314549.0372649508
53169,2021-01-31,319126.5596579037
53169,2021-02-28,323376.460602967
53169,2021-03-31,327417.979762364
53169,2021-04-30,331066.1843898496
53169,2021-05-31,335326.28907116264
53169,2021-06-30,339924.437576401
53169,2021-07-31,344741.59420554625
53169,2021-08-31,348393.67107158364
53169,2021-09-30,350233.0019530324
53169,2021-10-31,351300.61295743805
53169,2021-11-30,352838.53720501927
53169,2021-12-31,355438.9719256
53169,2022-01-31,359380.13299259264
53169,2022-02-28,364106.8002215197
53169,2022-03-31,370105.7836785786
53169,2022-04-30,376724.2294180941
53169,2022-05-31,383237.6732799079
53169,2022-06-30,388481.4633843894
53169,2022-07-31,391182.0505710057
53169,2022-08-31,391623.4504521151
53169,2022-09-30,391300.33701181546
53169,2022-10-31,391730.9263163375
53169,2022-11-30,393237.5608558967
53169,2022-12-31,394988.42041583016
53169,2023-01-31,397339.1052064376
53169,2023-02-28,399558.889008122
53169,2023-03-31,403390.5413971308
53169,2023-04-30,408075.14100320777
53169,2023-05-31,413770.0760832909
53169,2023-06-30,419088.0230372331
53169,2023-07-31,423850.9012022403
53169,2023-08-31,428495.7416511462
53169,2023-09-30,432022.756657173
53169,2023-10-31,434776.7383023361
53169,2023-11-30,437228.4954854544
53169,2023-12-31,439882.823523264
53169,2024-01-31,442609.19764250703
53169,2024-02-29,446479.53219566407
53169,2024-03-31,451368.1737860974
53169,2024-04-30,456694.057827336
53169,2024-05-31,460078.6050407977
53169,2024-06-30,462026.8914646066
53169,2024-07-31,463756.83741315297
53169,2024-08-31,466492.1506145915
53169,2024-09-30,469224.9743548341
53169,2024-10-31,470812.14416845975
53169,2024-11-30,470819.07930492586
53169,2024-12-31,471084.8538090507
53169,2025-01-31,471829.677833546
53169,2025-02-28,473249.9360573287
53169,2025-03-31,475011.5250292852
53169,2025-04-30,477569.92654832633
53169,2025-05-31,480640.3633720035
53169,2025-06-30,483317.3619040489
53169,2025-07-31,485054.0340045457
53169,2025-08-31,485895.576986132
53169,2025-09-30,486459.1570115494
53169,2025-10-31,487299.6030212504
53169,2025-11-30,488333.020096646
53169,2025-12-31,489779.0322273807
53169,2026-01-31,491468.6169180311
53169,2026-02-28,493400.93664049706
53169,2026-03-31,495356.4752888686
53169,2026-04-30,496591.8002173468
53169,2026-05-31,497930.128819973
53169,2026-06-30,498977.2495434692
53169,2026-07-31,500761.78744055
53169,2026-08-31,502166.9920271225
54009,2016-09-30,227090.92613678888
54009,2016-10-31,229584.6369851356
54009,2016-11-30,232351.58794679915
54009,2016-12-31,235181.3857192915
54009,2017-01-31,237933.38376704647
54009,2017-02-28,240580.70551408356
54009,2017-03-31,243091.42663407116
54009,2017-04-30,244975.1669419213
54009,2017-05-31,246390.9408331152
54009,2017-06-30,247965.7174082021
54009,2017-07-31,249793.1275552376
54009,2017-08-31,251875.78398377565
54009,2017-09-30,253786.46696406
54009,2017-10-31,255886.36221482372
54009,2017-11-30,258313.18802611655
54009,2017-12-31,260809.2534468118
54009,2018-01-31,262948.6660140972
54009,2018-02-28,264617.0874492147
54009,2018-03-31,266430.39963346394
54009,2018-04-30,268125.9389927821
54009,2018-05-31,269845.1731575404
54009,2018-06-30,271339.5152979584
54009,2018-07-31,272842.40375655104
54009,2018-08-31,274047.99947794946
54009,2018-09-30,275092.93726250087
54009,2018-10-31,276447.9695525162
54009,2018-11-30,278455.59056988446
54009,2018-12-31,280606.898452702
54009,2019-01-31,282029.0268539563
54009,2019-02-28,282652.220491514
54009,2019-03-31,282718.5293990919
54009,2019-04-30,282779.696904219
54009,2019-05-31,282853.04473813885
54009,2019-06-30,283152.80066624115
54009,2019-07-31,283708.47011593025
54009,2019-08-31,284477.6810191802
54009,2019-09-30,285253.66942806984
54009,2019-10-31,286479.4953522385
54009,2019-11-30,288299.82666764484
54009,2019-12-31,290306.9232706952
54009,2020-01-31,292014.0556887936
54009,2020-02-29,293180.19954875926
54009,2020-03-31,294151.3988458097
54009,2020-04-30,294973.1440067978
54009,2020-05-31,295357.06633827183
54009,2020-06-30,296052.2082014224
54009,2020-07-31,297169.08871997194
54009,2020-08-31,299166.79350580927
54009,2020-09-30,301596.610273784
54009,2020-10-31,304525.9180771315
54009,2020-11-30,308292.4425666412
54009,2020-12-31,312511.7751809716
54009,2021-01-31,317047.83164429874
54009,2021-02-28,321431.6951092538
54009,2021-03-31,326041.9617100244
54009,2021-04-30,330611.099794858
54009,2021-05-31,336117.7121263223
54009,2021-06-30,342468.6990105615
54009,2021-07-31,349483.5338577639
54009,2021-08-31,356345.80351126875
54009,2021-09-30,362587.2764066708
54009,2021-10-31,368448.3689232365
54009,2021-11-30,374487.493727892
54009,2021-12-31,380596.9611919772
54009,2022-01-31,387861.2995657133
54009,2022-02-28,395439.2172761552
54009,2022-03-31,404111.009704757
54009,2022-04-30,412821.9892822905
54009,2022-05-31,421260.3618177341
54009,2022-06-30,429119.8258087104
54009,2022-07-31,435440.98534453736
54009,2022-08-31,440321.6342619858
54009,2022-09-30,442829.6498700694
54009,2022-10-31,444173.6100467395
54009,2022-11-30,444403.9378761958
54009,2022-12-31,444291.5327627777
54009,2023-01-31,443517.0716800031
54009,2023-02-28,443365.3009788322
54009,2023-03-31,444182.6337030954
54009,2023-04-30,446532.7739247877
54009,2023-05-31,449128.002830622
54009,2023-06-30,452664.7061167354
54009,2023-07-31,456041.34552880935
54009,2023-08-31,458899.6090561737
54009,2023-09-30,460825.8005536405
54009,2023-10-31,462688.5338069149
54009,2023-11-30,465667.6246310314
54009,2023-12-31,469153.3874608558
54009,2024-01-31,473027.1057921586
54009,2024-02-29,476166.0933789167
54009,2024-03-31,479474.3253595565
54009,2024-04-30,482753.904415308
54009,2024-05-31,485697.7192528851
54009,2024-06-30,487386.3322651964
54009,2024-07-31,488661.2168482382
54009,2024-08-31,489668.8061484529
54009,2024-09-30,490518.5838556947
54009,2024-10-31,490080.9279652137
54009,2024-11-30,489764.8342125775
54009,2024-12-31,489698.1009383979
54009,2025-01-31,490206.8860698312
54009,2025-02-28,490383.46459621104
54009,2025-03-31,489496.6408255769
54009,2025-04-30,487987.7245924231
54009,2025-05-31,485334.4188887286
54009,2025-06-30,482455.3518773935
54009,2025-07-31,479171.1589930723
54009,2025-08-31,476561.478065395
54009,2025-09-30,474791.2570386204
54009,2025-10-31,473538.6189235218
54009,2025-11-30,472193.6176408403
54009,2025-12-31,470636.8670947528
54009,2026-01-31,468806.8586347972
54009,2026-02-28,467516.5364519188
54009,2026-03-31,465780.3816928589
54009,2026-04-30,463845.0431837516
54009,2026-05-31,462357.438310897
54009,2026-06-30,461346.2651124294
54009,2026-07-31,460818.6133010655
54009,2026-08-31,459712.38360458106
54232,2016-09-30,409397.46966570494
54232,2016-10-31,414262.5590699734
54232,2016-11-30,419596.852846869
54232,2016-12-31,424179.7391533229
54232,2017-01-31,428819.9598966961
54232,2017-02-28,433037.7867398979
54232,2017-03-31,436795.1814574704
54232,2017-04-30,440082.6363233806
54232,2017-05-31,442159.5773295804
54232,2017-06-30,445016.7609763599
54232,2017-07-31,448678.8965287253
54232,2017-08-31,452957.4681112247
54232,2017-09-30,456990.0973183548
54232,2017-10-31,459543.377718328
54232,2017-11-30,461801.5977717384
54232,2017-12-31,464588.5287170244
54232,2018-01-31,467956.337152005
54232,2018-02-28,472255.1219274818
54232,2018-03-31,478175.4232589923
54232,2018-04-30,485035.9099555909
54232,2018-05-31,491587.2841417774
54232,2018-06-30,494572.5161890386
54232,2018-07-31,495787.469693386
54232,2018-08-31,496869.7031149851
54232,2018-09-30,499236.2382619218
54232,2018-10-31,502450.6242470432
54232,2018-11-30,505492.36206601857
54232,2018-12-31,506905.12738574826
54232,2019-01-31,506824.92843977927
54232,2019-02-28,505378.6286737768
54232,2019-03-31,505414.11221767886
54232,2019-04-30,506253.0194061349
54232,2019-05-31,507921.9469291444
54232,2019-06-30,509087.92187160696
54232,2019-07-31,509919.09488279215
54232,2019-08-31,510249.7912650839
54232,2019-09-30,510286.2231248842
54232,2019-10-31,511421.387336263
54232,2019-11-30,513056.9442892086
54232,2019-12-31,514964.6061641141
54232,2020-01-31,516666.8834022282
54232,2020-02-29,518224.7685112921
54232,2020-03-31,520133.3389852276
54232,2020-04-30,522512.3961542471
54232,2020-05-31,526287.8175411505
54232,2020-06-30,529459.8524918153
54232,2020-07-31,532029.2032692772
54232,2020-08-31,534424.810418866
54232,2020-09-30,538727.7937368547
54232,2020-10-31,544762.147307252
54232,2020-11-30,551288.0771693309
54232,2020-12-31,557129.1031527758
54232,2021-01-31,561819.470790607
54232,2021-02-28,566666.4244076497
54232,2021-03-31,571654.623103201
54232,2021-04-30,576685.8156467363
54232,2021-05-31,580363.890959132
54232,2021-06-30,582793.3299159907
54232,2021-07-31,584647.94486074
54232,2021-08-31,586826.081138446
54232,2021-09-30,588807.7510875828
54232,2021-10-31,591397.2110900258
54232,2021-11-30,593894.2482013387
54232,2021-12-31,596514.4932661778
54232,2022-01-31,598327.5340141556
54232,2022-02-28,601200.4578556606
54232,2022-03-31,606007.9715711329
54232,2022-04-30,612204.5896745827
54232,2022-05-31,617784.1095203533
54232,2022-06-30,621035.2089958797
54232,2022-07-31,620196.9517134527
54232,2022-08-31,616100.8339757443
54232,2022-09-30,610099.590933179
54232,2022-10-31,604904.3460564838
54232,2022-11-30,601064.9666163184
54232,2022-12-31,597834.4509988455
54232,2023-01-31,594403.7819815107
54232,2023-02-28,590351.839517062
54232,2023-03-31,588919.8517666142
54232,2023-04-30,590681.5483408183
54232,2023-05-31,594867.9742808872
54232,2023-06-30,598357.2438184227
54232,2023-07-31,601001.6796635058
54232,2023-08-31,603320.2788754781
54232,2023-09-30,603432.3929582284
54232,2023-10-31,602747.5764433565
54232,2023-11-30,601411.1755390599
54232,2023-12-31,602094.8904047763
54232,2024-01-31,605660.6305938181
54232,2024-02-29,610886.8523127086
54232,2024-03-31,618227.0866650656
54232,2024-04-30,624658.5866309289
54232,2024-05-31,629424.6181389525
54232,2024-06-30,631505.9413001757
54232,2024-07-31,632619.7739603125
54232,2024-08-31,633673.9428180843
54232,2024-09-30,635236.2288684183
54232,2024-10-31,635649.5762198442
54232,2024-11-30,636254.6014708153
54232,2024-12-31,637794.6241333684
54232,2025-01-31,640768.14358109
54232,2025-02-28,644386.6492507065
54232,2025-03-31,646033.414133374
54232,2025-04-30,646506.4501848015
54232,2025-05-31,644403.4026762642
54232,2025-06-30,641290.1231968986
54232,2025-07-31,636555.605626121
54232,2025-08-31,633090.1192947641
54232,2025-09-30,632751.5976314078
54232,2025-10-31,633922.5647189209
54232,2025-11-30,636190.2985639614
54232,2025-12-31,636746.0308776274
54232,2026-01-31,639328.5426194358
54232,2026-02-28,640285.5119330566
54232,2026-03-31,640619.6550560404
54232,2026-04-30,637145.9421427533
54232,2026-05-31,633926.945549105
54232,2026-06-30,630927.1663404852
54232,2026-07-31,630332.9733526186
54232,2026-08-31,630189.3939715984
54300,2016-09-30,498090.5744457164
54300,2016-10-31,494545.794513914
54300,2016-11-30,494530.4799734964
54300,2016-12-31,496463.606871736
54300,2017-01-31,504789.3869326077
54300,2017-02-28,517572.9506330897
54300,2017-03-31,532592.5246902505
54300,2017-04-30,543353.005977935
54300,2017-05-31,550340.9313882285
54300,2017-06-30,555650.4901465124
54300,2017-07-31,555541.987742439
54300,2017-08-31,553177.1943241976
54300,2017-09-30,549235.2835813238
54300,2017-10-31,549739.2582415446
54300,2017-11-30,551398.2603268243
54300,2017-12-31,554382.5284332595
54300,2018-01-31,561281.7067731832
54300,2018-02-28,572254.5571146905
54300,2018-03-31,584114.0672934772
54300,2018-04-30,592853.6309353834
54300,2018-05-31,598462.0863782257
54300,2018-06-30,602036.1900230378
54300,2018-07-31,606367.9966678676
54300,2018-08-31,612841.1481913301
54300,2018-09-30,621847.5009276775
54300,2018-10-31,630390.2148146641
54300,2018-11-30,636046.0842785361
54300,2018-12-31,638462.5541435167
54300,2019-01-31,635212.3154245117
54300,2019-02-28,627666.6704029897
54300,2019-03-31,618069.1034089745
54300,2019-04-30,611125.3546897793
54300,2019-05-31,606993.6131739381
54300,2019-06-30,605437.7087277413
54300,2019-07-31,607320.4152005102
54300,2019-08-31,612835.6770779068
54300,2019-09-30,619923.2816766753
54300,2019-10-31,626806.4125903063
54300,2019-11-30,632725.0812957626
54300,2019-12-31,638931.1553500912
54300,2020-01-31,641866.2213593026
54300,2020-02-29,642408.7480572938
54300,2020-03-31,641506.054786107
54300,2020-04-30,640593.9195723357
54300,2020-05-31,637838.307416403
54300,2020-06-30,632829.7394439181
54300,2020-07-31,631714.9044946623
54300,2020-08-31,636918.6678170592
54300,2020-09-30,648386.6563245376
54300,2020-10-31,662278.3537523075
54300,2020-11-30,677732.1837167356
54300,2020-12-31,692412.3514214023
54300,2021-01-31,700899.4865768101
54300,2021-02-28,705307.5405947479
54300,2021-03-31,707553.5874839146
54300,2021-04-30,714352.4703989147
54300,2021-05-31,724341.3648557604
54300,2021-06-30,736106.8294333286
54300,2021-07-31,748944.3122438923
54300,2021-08-31,758994.7614164688
54300,2021-09-30,767625.3597759935
54300,2021-10-31,773860.1319957593
54300,2021-11-30,779809.1683000022
54300,2021-12-31,785851.2362437313
54300,2022-01-31,792671.539754355
54300,2022-02-28,800966.7828758628
54300,2022-03-31,810820.1939909054
54300,2022-04-30,819852.0469368151
54300,2022-05-31,828826.4705539513
54300,2022-06-30,834448.637912164
54300,2022-07-31,838845.9493396819
54300,2022-08-31,838216.0117606842
54300,2022-09-30,835731.1377749633
54300,2022-10-31,831929.8326568924
54300,2022-11-30,830200.803843316
54300,2022-12-31,829183.6645254302
54300,2023-01-31,822632.7942794199
54300,2023-02-28,811879.4217606137
54300,2023-03-31,800749.3542685168
54300,2023-04-30,796439.6873433059
54300,2023-05-31,797851.6748582413
54300,2023-06-30,803659.2995290126
54300,2023-07-31,813959.3373226961
54300,2023-08-31,826937.5137647795
54300,2023-09-30,839518.0664200387
54300,2023-10-31,849327.2301245386
54300,2023-11-30,856256.8739510113
54300,2023-12-31,859969.527460301
54300,2024-01-31,856905.0907965981
54300,2024-02-29,849873.2174442728
54300,2024-03-31,843284.3325744629
54300,2024-04-30,841896.4989018403
54300,2024-05-31,843275.8114461374
54300,2024-06-30,844563.9997941778
54300,2024-07-31,846587.8880155693
54300,2024-08-31,849610.9963808866
54300,2024-09-30,853712.5492778608
54300,2024-10-31,856768.5544518073
54300,2024-11-30,860014.9867890129
54300,2024-12-31,863288.0976371787
54300,2025-01-31,863355.2953322617
54300,2025-02-28,860091.1570196255
54300,2025-03-31,852974.7584756846
54300,2025-04-30,847005.010404412
54300,2025-05-31,841813.5228688106
54300,2025-06-30,837720.7338128971
54300,2025-07-31,835538.0030450459
54300,2025-08-31,834824.2288024258
54300,2025-09-30,836150.5571494363
54300,2025-10-31,837634.2747205738
54300,2025-11-30,839959.5507969344
54300,2025-12-31,842432.7539348778
54300,2026-01-31,844120.3621995227
54300,2026-02-28,842821.960989613
54300,2026-03-31,839487.9493643766
54300,2026-04-30,835950.43894709
54300,2026-05-31,834320.7186941942
54300,2026-06-30,833441.462619009
54300,2026-07-31,832992.6793243679
54300,2026-08-31,833349.7309374707
55477,2016-09-30,451002.0837236466
55477,2016-10-31,451568.00259577954
55477,2016-11-30,452102.8607977714
55477,2016-12-31,452211.3028412007
55477,2017-01-31,450904.7745166821
55477,2017-02-28,449973.9218103578
55477,2017-03-31,448413.546148878
55477,2017-04-30,446950.8701529817
55477,2017-05-31,444026.0954561131
55477,2017-06-30,441677.0578334576
55477,2017-07-31,438716.01731217257
55477,2017-08-31,436071.9203336436
55477,2017-09-30,433562.14433588606
55477,2017-10-31,431279.3010467558
55477,2017-11-30,429396.35224186006
55477,2017-12-31,428101.6006241606
55477,2018-01-31,427521.25384360045
55477,2018-02-28,427110.60407301737
55477,2018-03-31,426697.3635738261
55477,2018-04-30,425593.23921154
55477,2018-05-31,424557.3624744669
55477,2018-06-30,423421.3107244911
55477,2018-07-31,423259.7731659327
55477,2018-08-31,422742.8465016296
55477,2018-09-30,422243.2533333856
55477,2018-10-31,421194.2512502276
55477,2018-11-30,420570.6008778222
55477,2018-12-31,420543.2375959311
55477,2019-01-31,420306.1000508443
55477,2019-02-28,420574.6555151805
55477,2019-03-31,419918.8288482567
55477,2019-04-30,419004.2851018675
55477,2019-05-31,417066.4827974043
55477,2019-06-30,414866.4246946184
55477,2019-07-31,412569.4437553005
55477,2019-08-31,410809.0491797552
55477,2019-09-30,409912.5942236146
55477,2019-10-31,409731.4931326236
55477,2019-11-30,409582.0918881162
55477,2019-12-31,410055.67311093584
55477,2020-01-31,410381.1052589072
55477,2020-02-29,410880.4394499537
55477,2020-03-31,411343.7121195582
55477,2020-04-30,411133.2637890778
55477,2020-05-31,409825.93772529234
55477,2020-06-30,407349.9283716288
55477,2020-07-31,405105.7124398185
55477,2020-08-31,404011.5848245661
55477,2020-09-30,404173.09793233575
55477,2020-10-31,406082.0045340131
55477,2020-11-30,408738.0390667156
55477,2020-12-31,411875.60172178224
55477,2021-01-31,414229.4116082367
55477,2021-02-28,416154.6983596154
55477,2021-03-31,418587.24228583067
55477,2021-04-30,421543.8293105532
55477,2021-05-31,426238.0092223933
55477,2021-06-30,431721.0949921568
55477,2021-07-31,438494.0326157259
55477,2021-08-31,445507.9510071712
55477,2021-09-30,452561.7166906018
55477,2021-10-31,460580.6315809044
55477,2021-11-30,470623.6917443904
55477,2021-12-31,482393.2789021374
55477,2022-01-31,495780.0902696989
55477,2022-02-28,510361.2905921533
55477,2022-03-31,527004.4707210049
55477,2022-04-30,545233.8129737315
55477,2022-05-31,563240.1710170215
55477,2022-06-30,580235.5865853219
55477,2022-07-31,593358.0749830877
55477,2022-08-31,601545.8635433156
55477,2022-09-30,605074.9606201915
55477,2022-10-31,608027.124375561
55477,2022-11-30,612013.0407359622
55477,2022-12-31,616602.0814310564
55477,2023-01-31,618956.4703107896
55477,2023-02-28,618756.870818107
55477,2023-03-31,618468.7133776399
55477,2023-04-30,619485.1295948144
55477,2023-05-31,622182.7468795689
55477,2023-06-30,625552.4877446364
55477,2023-07-31,628168.9557780013
55477,2023-08-31,631186.1430338772
55477,2023-09-30,634292.9635530264
55477,2023-10-31,637617.7100676623
55477,2023-11-30,641237.6927309732
55477,2023-12-31,643391.9977673321
55477,2024-01-31,645046.2818331417
55477,2024-02-29,644448.8643281703
55477,2024-03-31,642353.4655158784
55477,2024-04-30,639607.9273050564
55477,2024-05-31,637279.1936499422
55477,2024-06-30,635068.2358353981
55477,2024-07-31,633106.8588204058
55477,2024-08-31,631393.0614297874
55477,2024-09-30,630597.8867172492
55477,2024-10-31,629782.3957926953
55477,2024-11-30,627791.666249676
55477,2024-12-31,625246.4871678795
55477,2025-01-31,623254.0681031245
55477,2025-02-28,622161.8795483916
55477,2025-03-31,620275.696031547
55477,2025-04-30,617332.9716760905
55477,2025-05-31,613009.9991915686
55477,2025-06-30,609474.6353294711
55477,2025-07-31,606425.1550997839
55477,2025-08-31,604901.3347058723
55477,2025-09-30,603720.9629689977
55477,2025-10-31,602742.1054760314
55477,2025-11-30,601581.9886012436
55477,2025-12-31,600476.2519493158
55477,2026-01-31,599249.1586185136
55477,2026-02-28,597162.1615091078
55477,2026-03-31,595022.6471152176
55477,2026-04-30,592471.9883482914
55477,2026-05-31,590910.123719358
55477,2026-06-30,590578.4955008173
55477,2026-07-31,591780.6278457533
55477,2026-08-31,594135.2162046734
111818,2016-09-30,227272.20655718868
111818,2016-10-31,228781.94747179165
111818,2016-11-30,230283.25577209287
111818,2016-12-31,231647.32344835973
111818,2017-01-31,233011.03711870257
111818,2017-02-28,234522.6609468069
111818,2017-03-31,236248.57778421827
111818,2017-04-30,237874.471687616
111818,2017-05-31,239368.35952634888
111818,2017-06-30,240743.38088955628
111818,2017-07-31,242036.45560328072
111818,2017-08-31,243304.49548464952
111818,2017-09-30,244563.32625158876
111818,2017-10-31,245916.19480267103
111818,2017-11-30,247146.99972546648
111818,2017-12-31,248433.8683657353
111818,2018-01-31,250173.90058401623
111818,2018-02-28,252095.40550886127
111818,2018-03-31,253907.71981027888
111818,2018-04-30,255167.07740168364
111818,2018-05-31,256481.80509273373
111818,2018-06-30,257897.6595655744
111818,2018-07-31,259576.800687721
111818,2018-08-31,261104.8812042044
111818,2018-09-30,262408.6593134734
111818,2018-10-31,263472.8441346449
111818,2018-11-30,264470.351086728
111818,2018-12-31,265404.6906009249
111818,2019-01-31,266604.7559651395
111818,2019-02-28,268126.46495744225
111818,2019-03-31,269531.396764073
111818,2019-04-30,270675.4973564452
111818,2019-05-31,271422.00780180615
111818,2019-06-30,272360.3075202459
111818,2019-07-31,273104.4260314936
111818,2019-08-31,274068.0984767043
111818,2019-09-30,275164.138495544
111818,2019-10-31,276802.16948638816
111818,2019-11-30,278898.8874439604
111818,2019-12-31,281178.9559721464
111818,2020-01-31,283991.4518102481
111818,2020-02-29,286917.2537234581
111818,2020-03-31,290158.67600024346
111818,2020-04-30,292908.7808681819
111818,2020-05-31,294784.1785622016
111818,2020-06-30,296087.41430821805
111818,2020-07-31,297635.6184161963
111818,2020-08-31,300353.47284202924
111818,2020-09-30,304794.8356132116
111818,2020-10-31,310242.6182093795
111818,2020-11-30,316391.9699130368
111818,2020-12-31,322427.1097405113
111818,2021-01-31,328384.5587275817
111818,2021-02-28,334670.6736888566
111818,2021-03-31,341981.486204997
111818,2021-04-30,350211.5702469161
111818,2021-05-31,359832.9764740703
111818,2021-06-30,370367.6248397263
111818,2021-07-31,380540.1700283862
111818,2021-08-31,389297.665673967
111818,2021-09-30,396326.3452646321
111818,2021-10-31,402768.8967683927
111818,2021-11-30,409099.8977164992
111818,2021-12-31,415267.6915717886
111818,2022-01-31,422161.26975738927
111818,2022-02-28,430201.9118634548
111818,2022-03-31,440074.0901424123
111818,2022-04-30,450754.9432678646
111818,2022-05-31,461379.986450496
111818,2022-06-30,470075.4564052413
111818,2022-07-31,474351.1000788489
111818,2022-08-31,472656.32892318256
111818,2022-09-30,465933.33205577807
111818,2022-10-31,457592.86386316473
111818,2022-11-30,448956.54157935706
111818,2022-12-31,440730.9097701603
111818,2023-01-31,433076.1605521677
111818,2023-02-28,427465.5835754925
111818,2023-03-31,424696.6689079959
111818,2023-04-30,424217.0661185519
111818,2023-05-31,425409.1330743435
111818,2023-06-30,427875.0389538097
111818,2023-07-31,431267.6158172172
111818,2023-08-31,435002.2205671244
111818,2023-09-30,438155.0196487363
111818,2023-10-31,440708.91918027337
111818,2023-11-30,442522.0651478087
111818,2023-12-31,443444.1139770062
111818,2024-01-31,443697.5030839508
111818,2024-02-29,444314.627406052
111818,2024-03-31,445755.355025856
111818,2024-04-30,447848.4736946565
111818,2024-05-31,449709.8314498431
111818,2024-06-30,450432.4215654954
111818,2024-07-31,450200.0953472508
111818,2024-08-31,448872.7003613507
111818,2024-09-30,447332.0156032212
111818,2024-10-31,445690.5891409079
111818,2024-11-30,444332.72709086566
111818,2024-12-31,443331.5716223724
111818,2025-01-31,442204.9681656721
111818,2025-02-28,440488.039581185
111818,2025-03-31,438125.8828230701
111818,2025-04-30,435897.4154392059
111818,2025-05-31,433835.81345131
111818,2025-06-30,431864.6905500577
111818,2025-07-31,429831.23530608526
111818,2025-08-31,428104.4405695519
111818,2025-09-30,426887.6293103476
111818,2025-10-31,425851.248436047
111818,2025-11-30,425286.8419791015
111818,2025-12-31,425263.5268745977
111818,2026-01-31,425787.14173927327
111818,2026-02-28,426357.0272829729
111818,2026-03-31,426293.7615369588
111818,2026-04-30,425379.1497916936
111818,2026-05-31,423885.37060904846
111818,2026-06-30,422393.088117057
111818,2026-07-31,421732.60253668966
111818,2026-08-31,421661.909373641
112261,2016-09-30,214820.4139855254
112261,2016-10-31,216108.55274446888
112261,2016-11-30,217284.1381797308
112261,2016-12-31,218359.82946278015
112261,2017-01-31,219768.02571133085
112261,2017-02-28,221398.3987133809
112261,2017-03-31,223102.7615573161
112261,2017-04-30,224722.90905582617
112261,2017-05-31,226332.1143029057
112261,2017-06-30,227900.0496971018
112261,2017-07-31,229354.3595322093
112261,2017-08-31,230805.54706819195
112261,2017-09-30,232105.285758681
112261,2017-10-31,233332.80707062903
112261,2017-11-30,234299.79104163707
112261,2017-12-31,235327.8323613165
112261,2018-01-31,236950.87362599644
112261,2018-02-28,239120.57444188205
112261,2018-03-31,241383.49366140572
112261,2018-04-30,243214.86304657
112261,2018-05-31,244916.41159211856
112261,2018-06-30,246574.2819051782
112261,2018-07-31,248390.61921132423
112261,2018-08-31,250146.8965414331
112261,2018-09-30,252055.71893682305
112261,2018-10-31,253765.12990017523
112261,2018-11-30,255313.36937609417
112261,2018-12-31,256525.22354283897
112261,2019-01-31,257762.82499939224
112261,2019-02-28,259040.75198471724
112261,2019-03-31,260270.79062657172
112261,2019-04-30,261389.76135148975
112261,2019-05-31,262341.87683565257
112261,2019-06-30,263260.7329634305
112261,2019-07-31,264085.25017696846
112261,2019-08-31,265220.0794217224
112261,2019-09-30,266640.2493520544
112261,2019-10-31,268346.4033952941
112261,2019-11-30,270346.54404447327
112261,2019-12-31,272470.47308958863
112261,2020-01-31,275009.741660937
112261,2020-02-29,277757.3881529908
112261,2020-03-31,280947.8783676827
112261,2020-04-30,283983.1463997603
112261,2020-05-31,286293.362691109
112261,2020-06-30,288070.22855682694
112261,2020-07-31,290020.1877829586
112261,2020-08-31,292989.1175952248
112261,2020-09-30,297468.7712911707
112261,2020-10-31,302938.0716458639
112261,2020-11-30,309343.23915540345
112261,2020-12-31,315954.80447420536
112261,2021-01-31,322858.91179633257
112261,2021-02-28,329992.7797604834
112261,2021-03-31,338385.0143079761
112261,2021-04-30,347692.23305015144
112261,2021-05-31,358685.2199039916
112261,2021-06-30,370571.8934843393
112261,2021-07-31,382825.9823050583
112261,2021-08-31,394543.0474062451
112261,2021-09-30,405253.19086499215
112261,2021-10-31,415015.6651606176
112261,2021-11-30,423734.8571259712
112261,2021-12-31,431146.1761127417
112261,2022-01-31,438315.4707895416
112261,2022-02-28,445899.6593077061
112261,2022-03-31,455012.7823071349
112261,2022-04-30,465332.52508390415
112261,2022-05-31,475704.7082810852
112261,2022-06-30,484507.4413269826
112261,2022-07-31,488663.3826529376
112261,2022-08-31,487074.5195117912
112261,2022-09-30,479964.58671037527
112261,2022-10-31,470876.68206357694
112261,2022-11-30,460837.951150031
112261,2022-12-31,451132.1105137348
112261,2023-01-31,441938.9169891386
112261,2023-02-28,434771.1238479635
112261,2023-03-31,430450.659310011
112261,2023-04-30,428650.1884587738
112261,2023-05-31,429022.122272373
112261,2023-06-30,430843.9478782384
112261,2023-07-31,433555.7939402447
112261,2023-08-31,436239.864020455
112261,2023-09-30,438289.95292709913
112261,2023-10-31,439927.5835709044
112261,2023-11-30,441372.54643120494
112261,2023-12-31,442484.0159481973
112261,2024-01-31,443374.3806640315
112261,2024-02-29,444571.4917517264
112261,2024-03-31,446256.0055913281
112261,2024-04-30,447868.21386930486
112261,2024-05-31,448993.5384898344
112261,2024-06-30,449091.8929462365
112261,2024-07-31,448722.3947859022
112261,2024-08-31,447861.00121693016
112261,2024-09-30,446915.0187098856
112261,2024-10-31,445945.2558752805
112261,2024-11-30,445016.27236851706
112261,2024-12-31,444185.25129138655
112261,2025-01-31,443096.566860692
112261,2025-02-28,441477.7559029807
112261,2025-03-31,439321.5759030559
112261,2025-04-30,437375.0274751377
112261,2025-05-31,435487.7605771896
112261,2025-06-30,433705.0961352274
112261,2025-07-31,431845.1575430093
112261,2025-08-31,430224.24709304766
112261,2025-09-30,429120.10172975046
112261,2025-10-31,428129.4127958937
112261,2025-11-30,427408.1094323131
112261,2025-12-31,427226.0739837655
112261,2026-01-31,427242.0255817406
112261,2026-02-28,427631.69351964
112261,2026-03-31,427350.6636283411
112261,2026-04-30,426700.19312868005
112261,2026-05-31,425282.1358513537
112261,2026-06-30,423779.41027206526
112261,2026-07-31,422789.08744234353
112261,2026-08-31,421988.2372250901
112345,2016-09-30,147733.4177901138
112345,2016-10-31,149163.05346573648
112345,2016-11-30,150377.03134083922
112345,2016-12-31,151416.11912880433
112345,2017-01-31,152513.6191696741
112345,2017-02-28,153822.54624854805
112345,2017-03-31,155167.26172224132
112345,2017-04-30,156422.3476109313
112345,2017-05-31,157721.5888225399
112345,2017-06-30,159317.19113282
112345,2017-07-31,161081.47582008
112345,2017-08-31,162755.7567762776
112345,2017-09-30,164266.0002649788
112345,2017-10-31,165577.42957089184
112345,2017-11-30,166708.1153105256
112345,2017-12-31,167719.4327401126
112345,2018-01-31,169130.08707393426
112345,2018-02-28,170895.82451052303
112345,2018-03-31,172776.32162957537
112345,2018-04-30,174286.35914392627
112345,2018-05-31,175940.9519859939
112345,2018-06-30,177777.02668208026
112345,2018-07-31,179948.9515934896
112345,2018-08-31,181790.09314500727
112345,2018-09-30,183433.4890917972
112345,2018-10-31,184834.01281279244
112345,2018-11-30,186334.30083914957
112345,2018-12-31,187938.88311180795
112345,2019-01-31,189982.4653130216
112345,2019-02-28,192385.90879186933
112345,2019-03-31,194748.46482162588
112345,2019-04-30,196653.92177483137
112345,2019-05-31,198083.60023523396
112345,2019-06-30,199411.5800341601
112345,2019-07-31,200441.00035647443
112345,2019-08-31,201534.5767426548
112345,2019-09-30,202563.34809285565
112345,2019-10-31,204174.64571113896
112345,2019-11-30,206063.6723503546
112345,2019-12-31,208198.3362501718
112345,2020-01-31,210683.9362296171
112345,2020-02-29,214027.58290975972
112345,2020-03-31,217764.9710647089
112345,2020-04-30,220991.82218603705
112345,2020-05-31,222933.80393217504
112345,2020-06-30,223788.9277664417
112345,2020-07-31,224707.273084028
112345,2020-08-31,226330.93713017725
112345,2020-09-30,229355.23937247388
112345,2020-10-31,233073.91837140225
112345,2020-11-30,237562.1929394958
112345,2020-12-31,242349.9159826388
112345,2021-01-31,247376.1019044809
112345,2021-02-28,252281.9253066812
112345,2021-03-31,257736.5811096707
112345,2021-04-30,263431.5583734445
112345,2021-05-31,270083.6430973044
112345,2021-06-30,277536.0583861381
112345,2021-07-31,285501.59551544307
112345,2021-08-31,293184.56551382254
112345,2021-09-30,300028.7728136958
112345,2021-10-31,306276.54590271023
112345,2021-11-30,312366.85854614846
112345,2021-12-31,318383.8423179552
112345,2022-01-31,324993.12084669445
112345,2022-02-28,332088.0124261744
112345,2022-03-31,339762.43375290994
112345,2022-04-30,347937.03823540924
112345,2022-05-31,356092.46556258324
112345,2022-06-30,363413.7516951843
112345,2022-07-31,367492.3102537317
112345,2022-08-31,367039.07550628623
112345,2022-09-30,362551.5729828682
112345,2022-10-31,356256.65732583124
112345,2022-11-30,349517.72910076496
112345,2022-12-31,342790.41141435533
112345,2023-01-31,336200.60815595725
112345,2023-02-28,330859.82621893863
112345,2023-03-31,328187.1113055407
112345,2023-04-30,327914.95257492486
112345,2023-05-31,329257.954918118
112345,2023-06-30,331180.5124527041
112345,2023-07-31,333751.65910053137
112345,2023-08-31,336870.8806122596
112345,2023-09-30,339631.50899184897
112345,2023-10-31,342149.2350212454
112345,2023-11-30,344283.4162051838
112345,2023-12-31,345917.71752376825
112345,2024-01-31,346974.85165594413
112345,2024-02-29,347981.79285230907
112345,2024-03-31,349508.3183164078
112345,2024-04-30,351394.7718135495
112345,2024-05-31,352868.5295367045
112345,2024-06-30,353864.0465718472
112345,2024-07-31,354290.3905665429
112345,2024-08-31,354216.1907464116
112345,2024-09-30,353444.25572368776
112345,2024-10-31,352257.550569951
112345,2024-11-30,351043.61997145374
112345,2024-12-31,350228.11833375675
112345,2025-01-31,349111.17385280976
112345,2025-02-28,347237.47095729364
112345,2025-03-31,344527.5785033613
112345,2025-04-30,341870.9759493734
112345,2025-05-31,339321.78068192286
112345,2025-06-30,336839.6750370108
112345,2025-07-31,334663.8177622782
112345,2025-08-31,332815.0677237412
112345,2025-09-30,331502.43463121913
112345,2025-10-31,330384.2851697965
112345,2025-11-30,330015.6222878848
112345,2025-12-31,330287.707079781
112345,2026-01-31,330535.0856916132
112345,2026-02-28,330757.4854188629
112345,2026-03-31,330532.7401332345
112345,2026-04-30,329926.28871694027
112345,2026-05-31,328685.1384509508
112345,2026-06-30,327294.2335900762
112345,2026-07-31,326665.86270926055
112345,2026-08-31,326538.573311144
112547,2016-09-30,300282.3561394647
112547,2016-10-31,301644.41163368453
112547,2016-11-30,303188.3536123632
112547,2016-12-31,304711.32064666675
112547,2017-01-31,305936.2145878167
112547,2017-02-28,307473.17913527467
112547,2017-03-31,309199.4923223259
112547,2017-04-30,311187.84512889764
112547,2017-05-31,312743.6388742716
112547,2017-06-30,314066.92272284726
112547,2017-07-31,315254.3311287937
112547,2017-08-31,316512.16316781635
112547,2017-09-30,317989.9052573016
112547,2017-10-31,319483.20822084905
112547,2017-11-30,320715.202295169
112547,2017-12-31,322053.6757636938
112547,2018-01-31,323760.11617982254
112547,2018-02-28,325774.9652006956
112547,2018-03-31,327580.89412299905
112547,2018-04-30,329209.8614509844
112547,2018-05-31,331153.5247737058
112547,2018-06-30,333344.34755646857
112547,2018-07-31,335739.7738731921
112547,2018-08-31,337869.7448249845
112547,2018-09-30,339886.1668699358
112547,2018-10-31,341584.3851877268
112547,2018-11-30,343156.0899357149
112547,2018-12-31,344477.583957427
112547,2019-01-31,345900.7041601771
112547,2019-02-28,347654.4045347166
112547,2019-03-31,349335.37093455985
112547,2019-04-30,350764.9086734699
112547,2019-05-31,351555.60792435374
112547,2019-06-30,352308.3790518992
112547,2019-07-31,352920.4503840828
112547,2019-08-31,353980.54760913533
112547,2019-09-30,355614.813728098
112547,2019-10-31,357729.8045049321
112547,2019-11-30,360230.1577268846
112547,2019-12-31,362645.66755629535
112547,2020-01-31,366270.83217712166
112547,2020-02-29,370721.9350304071
112547,2020-03-31,376076.7923269496
112547,2020-04-30,380665.9018207805
112547,2020-05-31,383702.73031605134
112547,2020-06-30,385449.7328337015
112547,2020-07-31,387296.99872671935
112547,2020-08-31,390803.0544931614
112547,2020-09-30,396518.3876124204
112547,2020-10-31,403241.9769649085
112547,2020-11-30,410275.4025760179
112547,2020-12-31,417162.1129940466
112547,2021-01-31,423907.8582049285
112547,2021-02-28,431274.45639707264
112547,2021-03-31,439772.2882637068
112547,2021-04-30,449859.9921318996
112547,2021-05-31,461912.6981562865
112547,2021-06-30,474999.5616001455
112547,2021-07-31,487375.27019274974
112547,2021-08-31,497252.9599225764
112547,2021-09-30,505056.5424910278
112547,2021-10-31,511952.4563381815
112547,2021-11-30,519163.4706560497
112547,2021-12-31,526088.6002767613
112547,2022-01-31,534553.3554634943
112547,2022-02-28,544974.7287291257
112547,2022-03-31,558867.5468890447
112547,2022-04-30,574429.119143875
112547,2022-05-31,589926.6699725143
112547,2022-06-30,601818.6685445716
112547,2022-07-31,606801.1074860181
112547,2022-08-31,603728.9331068114
112547,2022-09-30,594811.6127836561
112547,2022-10-31,584959.6378130541
112547,2022-11-30,575397.941272969
112547,2022-12-31,566283.807094248
112547,2023-01-31,557171.1237669736
112547,2023-02-28,550200.2731719437
112547,2023-03-31,546868.0780802296
112547,2023-04-30,546527.5482458853
112547,2023-05-31,548115.7648412017
112547,2023-06-30,551467.3708459774
112547,2023-07-31,556229.0091956293
112547,2023-08-31,561960.5695143678
112547,2023-09-30,567252.1375224831
112547,2023-10-31,572194.2091468493
112547,2023-11-30,576050.8285698026
112547,2023-12-31,578172.7846161866
112547,2024-01-31,578375.7907826946
112547,2024-02-29,578745.6930845767
112547,2024-03-31,580557.3755700369
112547,2024-04-30,583559.9869477061
112547,2024-05-31,586027.2598190784
112547,2024-06-30,586487.2759462312
112547,2024-07-31,585593.1915993922
112547,2024-08-31,583953.9610330911
112547,2024-09-30,582669.3801713872
112547,2024-10-31,581654.9424518249
112547,2024-11-30,580985.3077968197
112547,2024-12-31,580545.2804181734
112547,2025-01-31,579439.1016882925
112547,2025-02-28,577402.511341028
112547,2025-03-31,574374.2466991213
112547,2025-04-30,571675.5862973394
112547,2025-05-31,568885.6205102919
112547,2025-06-30,566189.4851511265
112547,2025-07-31,563139.2119264911
112547,2025-08-31,560576.2959746928
112547,2025-09-30,559163.5118190933
112547,2025-10-31,559869.3035549559
112547,2025-11-30,562241.4420266319
112547,2025-12-31,565762.3606129078
112547,2026-01-31,568991.473144703
112547,2026-02-28,571346.2001652406
112547,2026-03-31,572328.9954244484
112547,2026-04-30,571938.0239909627
112547,2026-05-31,570912.1128493904
112547,2026-06-30,569919.6843557704
112547,2026-07-31,569673.4933787971
112547,2026-08-31,570395.2487393859
113507,2016-09-30,288720.76022606675
113507,2016-10-31,287023.7495866891
113507,2016-11-30,284889.79379820003
113507,2016-12-31,282772.54576364206
113507,2017-01-31,283187.790419951
113507,2017-02-28,286644.2855444096
113507,2017-03-31,293367.7893235213
113507,2017-04-30,300010.3014613804
113507,2017-05-31,305213.35067329794
113507,2017-06-30,309059.7485050966
113507,2017-07-31,312146.52836186
113507,2017-08-31,315885.8812250724
113507,2017-09-30,319777.20901403483
113507,2017-10-31,323900.8983495191
113507,2017-11-30,327283.3319636571
113507,2017-12-31,330625.81704098405
113507,2018-01-31,333311.2713042434
113507,2018-02-28,335462.3894228935
113507,2018-03-31,336926.4542673636
113507,2018-04-30,338332.75349352235
113507,2018-05-31,340452.0022217985
113507,2018-06-30,343021.6980110889
113507,2018-07-31,345747.2555544293
113507,2018-08-31,348132.27124790824
113507,2018-09-30,350069.0522388399
113507,2018-10-31,352196.6852184829
113507,2018-11-30,353850.20342187275
113507,2018-12-31,355586.7917787037
113507,2019-01-31,356565.0037290367
113507,2019-02-28,357981.23891153286
113507,2019-03-31,358736.0061410102
113507,2019-04-30,359033.5642463591
113507,2019-05-31,358143.9714199032
113507,2019-06-30,357775.6805134148
113507,2019-07-31,358406.21307826025
113507,2019-08-31,359756.4418119634
113507,2019-09-30,361399.71061542
113507,2019-10-31,363022.29892448144
113507,2019-11-30,365346.404079647
113507,2019-12-31,367405.8663056611
113507,2020-01-31,369062.8667481055
113507,2020-02-29,370340.7570692026
113507,2020-03-31,372164.8224251051
113507,2020-04-30,373908.9244668728
113507,2020-05-31,374738.3908590801
113507,2020-06-30,374584.2125247312
113507,2020-07-31,375580.921022657
113507,2020-08-31,378571.9208980615
113507,2020-09-30,383993.8900523165
113507,2020-10-31,390661.4004100464
113507,2020-11-30,398323.8429829043
113507,2020-12-31,405950.1818498283
113507,2021-01-31,412686.0309579281
113507,2021-02-28,418965.7506605304
113507,2021-03-31,425253.7463565685
113507,2021-04-30,432286.4736573245
113507,2021-05-31,440022.662114042
113507,2021-06-30,448222.94443284674
113507,2021-07-31,455437.202239589
113507,2021-08-31,460215.2519272949
113507,2021-09-30,462331.9499859272
113507,2021-10-31,464047.0322578189
113507,2021-11-30,467346.2134833669
113507,2021-12-31,472509.8067131888
113507,2022-01-31,480936.0415618802
113507,2022-02-28,491781.728462867
113507,2022-03-31,504551.1202749777
113507,2022-04-30,516099.27002897393
113507,2022-05-31,524927.6837095424
113507,2022-06-30,530645.9674089357
113507,2022-07-31,533834.9687358456
113507,2022-08-31,534322.9997439442
113507,2022-09-30,533072.588107641
113507,2022-10-31,531231.618222393
113507,2022-11-30,529486.8347771812
113507,2022-12-31,527788.0724141155
113507,2023-01-31,524145.5704886834
113507,2023-02-28,520287.024250854
113507,2023-03-31,517665.4598190996
113507,2023-04-30,517878.8122944681
113507,2023-05-31,520595.01732115744
113507,2023-06-30,524694.0651827174
113507,2023-07-31,529994.6522016401
113507,2023-08-31,535831.6017051553
113507,2023-09-30,541560.76352024
113507,2023-10-31,546723.3028227306
113507,2023-11-30,551026.8356742976
113507,2023-12-31,555399.3939040244
113507,2024-01-31,559057.3453589004
113507,2024-02-29,562075.851731515
113507,2024-03-31,565250.2997953338
113507,2024-04-30,569041.332755322
113507,2024-05-31,573656.7047025949
113507,2024-06-30,577268.4780096142
113507,2024-07-31,580518.6000402271
113507,2024-08-31,582715.2103409978
113507,2024-09-30,583820.7455690391
113507,2024-10-31,583851.3615398976
113507,2024-11-30,584207.471745947
113507,2024-12-31,585619.4663652993
113507,2025-01-31,585788.2144441529
113507,2025-02-28,584955.0279467347
113507,2025-03-31,581682.5665636292
113507,2025-04-30,579183.00456296
113507,2025-05-31,576440.16038564
113507,2025-06-30,574440.6311824579
113507,2025-07-31,571755.9871235677
113507,2025-08-31,568990.0676328234
113507,2025-09-30,566768.333265615
113507,2025-10-31,565955.8513144294
113507,2025-11-30,565918.5523338779
113507,2025-12-31,567172.0283316752
113507,2026-01-31,568651.168646385
113507,2026-02-28,569999.4447944105
113507,2026-03-31,569745.2612064047
113507,2026-04-30,568805.5065637621
113507,2026-05-31,567734.9269163864
113507,2026-06-30,567093.3358461905
113507,2026-07-31,567207.4154107975
113507,2026-08-31,568119.7233245444
113886,2016-09-30,324699.95712054096
113886,2016-10-31,320938.9998935988
113886,2016-11-30,320039.28989430814
113886,2016-12-31,321796.7459292771
113886,2017-01-31,329421.147578565
113886,2017-02-28,340718.33490522974
113886,2017-03-31,354032.75866919087
113886,2017-04-30,364863.5665817697
113886,2017-05-31,373030.0307675115
113886,2017-06-30,379317.7922447173
113886,2017-07-31,379803.0321342894
113886,2017-08-31,377270.4820054197
113886,2017-09-30,372518.081871367
113886,2017-10-31,371527.5809318924
113886,2017-11-30,372699.89280884137
113886,2017-12-31,375080.8867937866
113886,2018-01-31,381148.9377776017
113886,2018-02-28,391010.664839987
113886,2018-03-31,403575.9539963544
113886,2018-04-30,414620.5462424737
113886,2018-05-31,422986.3866246144
113886,2018-06-30,429486.3688319161
113886,2018-07-31,436488.2668654113
113886,2018-08-31,445563.1362504294
113886,2018-09-30,456119.5624637147
113886,2018-10-31,466360.6700755493
113886,2018-11-30,474128.8373982363
113886,2018-12-31,479032.10763326025
113886,2019-01-31,477908.64512480673
113886,2019-02-28,472014.58530451247
113886,2019-03-31,464401.7394577363
113886,2019-04-30,458868.1078498804
113886,2019-05-31,456016.5224384476
113886,2019-06-30,454848.2947178868
113886,2019-07-31,456924.6159952336
113886,2019-08-31,462320.5058110168
113886,2019-09-30,469870.0605883
113886,2019-10-31,477476.0394271021
113886,2019-11-30,485097.3870284225
113886,2019-12-31,492563.4195922855
113886,2020-01-31,497485.3519066333
113886,2020-02-29,500175.68419945816
113886,2020-03-31,502004.7632343104
113886,2020-04-30,504393.9345934602
113886,2020-05-31,504472.3366949122
113886,2020-06-30,501937.8353585803
113886,2020-07-31,501833.81442932034
113886,2020-08-31,506396.0379207454
113886,2020-09-30,516191.742718718
113886,2020-10-31,526764.3892887438
113886,2020-11-30,537449.613569384
113886,2020-12-31,546741.1081776329
113886,2021-01-31,550458.6560370965
113886,2021-02-28,552089.4312818084
113886,2021-03-31,551771.4561920636
113886,2021-04-30,555419.4278971964
113886,2021-05-31,560374.8952178112
113886,2021-06-30,567005.961977754
113886,2021-07-31,575038.2033953834
113886,2021-08-31,580936.8664923504
113886,2021-09-30,585744.3827067734
113886,2021-10-31,589909.6178922543
113886,2021-11-30,594970.7784368646
113886,2021-12-31,600076.3874366401
113886,2022-01-31,605106.8234880035
113886,2022-02-28,610979.2669706759
113886,2022-03-31,617605.1894258553
113886,2022-04-30,622375.4446875692
113886,2022-05-31,626473.6872176015
113886,2022-06-30,629012.8872323978
113886,2022-07-31,633777.0124809339
113886,2022-08-31,637881.2951880662
113886,2022-09-30,641878.6978582247
113886,2022-10-31,642838.1538311985
113886,2022-11-30,643437.978633713
113886,2022-12-31,643015.4477534635
113886,2023-01-31,637340.7001120608
113886,2023-02-28,627386.4636606895
113886,2023-03-31,617406.8313811232
113886,2023-04-30,613504.0251947666
113886,2023-05-31,614894.866391723
113886,2023-06-30,619838.5350358485
113886,2023-07-31,628383.679019187
113886,2023-08-31,639456.1055608123
113886,2023-09-30,649535.7545454592
113886,2023-10-31,657994.6632849629
113886,2023-11-30,664979.2467053073
113886,2023-12-31,670422.0248584981
113886,2024-01-31,669153.381522706
113886,2024-02-29,662385.7891436121
113886,2024-03-31,655378.4672317718
113886,2024-04-30,652806.0639110802
113886,2024-05-31,652694.1771988723
113886,2024-06-30,651681.5815428424
113886,2024-07-31,652727.6276280362
113886,2024-08-31,657723.5535511746
113886,2024-09-30,665611.4051590412
113886,2024-10-31,672418.6043057591
113886,2024-11-30,677493.9080079301
113886,2024-12-31,681612.8815056569
113886,2025-01-31,681026.7498885081
113886,2025-02-28,676081.6598610097
113886,2025-03-31,666915.9440815779
113886,2025-04-30,659766.1982348362
113886,2025-05-31,654305.6709177183
113886,2025-06-30,650664.3935720659
113886,2025-07-31,649600.0901090134
113886,2025-08-31,650278.5722292475
113886,2025-09-30,652553.2868761694
113886,2025-10-31,655274.1423013642
113886,2025-11-30,657005.3701687455
113886,2025-12-31,658220.0007391098
113886,2026-01-31,656471.0591709774
113886,2026-02-28,653039.9843946426
113886,2026-03-31,647239.5899085021
113886,2026-04-30,641162.6104615844
113886,2026-05-31,636422.9874240296
113886,2026-06-30,633871.9065543442
113886,2026-07-31,633020.412780573
113886,2026-08-31,633185.1288085055
115169,2016-09-30,467643.4161468456
115169,2016-10-31,469395.4402034048
115169,2016-11-30,471825.5461365388
115169,2016-12-31,475652.69442111976
115169,2017-01-31,479997.02537098975
115169,2017-02-28,485083.5044958953
115169,2017-03-31,490322.5789732814
115169,2017-04-30,495451.02919509634
115169,2017-05-31,498843.97085214144
115169,2017-06-30,501798.1699087345
115169,2017-07-31,503615.15955623897
115169,2017-08-31,506352.5896472205
115169,2017-09-30,509722.6827796455
115169,2017-10-31,514397.0992647546
115169,2017-11-30,519639.72101249377
115169,2017-12-31,525350.2139771146
115169,2018-01-31,531050.9984077114
115169,2018-02-28,536817.9331280213
115169,2018-03-31,541652.7944151593
115169,2018-04-30,545720.8831917233
115169,2018-05-31,549028.9347798392
115169,2018-06-30,551564.944411833
115169,2018-07-31,552889.8091415527
115169,2018-08-31,553412.2454914863
115169,2018-09-30,553235.6636782669
115169,2018-10-31,552792.387832846
115169,2018-11-30,552472.247803975
115169,2018-12-31,551918.8985380745
115169,2019-01-31,551077.5703691569
115169,2019-02-28,550236.6941344697
115169,2019-03-31,550526.0782884477
115169,2019-04-30,551303.0724658408
115169,2019-05-31,550971.3579942153
115169,2019-06-30,549982.6964503581
115169,2019-07-31,549808.5823365595
115169,2019-08-31,550993.1105358531
115169,2019-09-30,553050.2990035231
115169,2019-10-31,555042.941010909
115169,2019-11-30,557548.1325323776
115169,2019-12-31,559533.2711084544
115169,2020-01-31,562140.1117552699
115169,2020-02-29,565364.5938536077
115169,2020-03-31,570147.9992198612
115169,2020-04-30,574296.6720621494
115169,2020-05-31,574886.1769648949
115169,2020-06-30,573382.611749604
115169,2020-07-31,572636.7751877155
115169,2020-08-31,576364.5700950591
115169,2020-09-30,583781.5747700678
115169,2020-10-31,593479.0577162154
115169,2020-11-30,604877.717988101
115169,2020-12-31,615880.076186963
115169,2021-01-31,626242.751792651
115169,2021-02-28,635979.9502428672
115169,2021-03-31,646767.6904304023
115169,2021-04-30,658979.517244541
115169,2021-05-31,672294.9657558692
115169,2021-06-30,684696.2430124789
115169,2021-07-31,693284.2645836652
115169,2021-08-31,695778.1708712103
115169,2021-09-30,694043.5954994356
115169,2021-10-31,692751.2591608446
115169,2021-11-30,694506.8269240079
115169,2021-12-31,699276.7883665338
115169,2022-01-31,709575.7576454097
115169,2022-02-28,725601.1346773539
115169,2022-03-31,746170.7617614047
115169,2022-04-30,763399.5206362194
115169,2022-05-31,774040.9497979732
115169,2022-06-30,776262.1993995626
115169,2022-07-31,770354.3482710589
115169,2022-08-31,758306.5809867191
115169,2022-09-30,743991.7658668868
115169,2022-10-31,731868.6617147877
115169,2022-11-30,722700.9516099311
115169,2022-12-31,715194.754412809
115169,2023-01-31,707100.0202300617
115169,2023-02-28,700091.5528587463
115169,2023-03-31,695747.8276849663
115169,2023-04-30,695449.5200643699
115169,2023-05-31,699109.1402984168
115169,2023-06-30,704286.5702796133
115169,2023-07-31,709882.9138564958
115169,2023-08-31,714126.535409351
115169,2023-09-30,717608.7966565139
115169,2023-10-31,720742.545793112
115169,2023-11-30,721872.9324050635
115169,2023-12-31,721826.4592997468
115169,2024-01-31,720801.584912175
115169,2024-02-29,721836.8038130059
115169,2024-03-31,725787.901878938
115169,2024-04-30,732030.14599932
115169,2024-05-31,737415.7128478101
115169,2024-06-30,739184.97958209
115169,2024-07-31,739168.317168138
115169,2024-08-31,738080.3716082526
115169,2024-09-30,737025.15228839
115169,2024-10-31,734881.3528444963
115169,2024-11-30,733431.3947058575
115169,2024-12-31,732688.7802693117
115169,2025-01-31,731620.4727277834
115169,2025-02-28,727631.6297484055
115169,2025-03-31,722148.2344522817
115169,2025-04-30,716167.9720136785
115169,2025-05-31,711005.4562435588
115169,2025-06-30,705666.9007704585
115169,2025-07-31,701189.727011087
115169,2025-08-31,697663.6003795238
115169,2025-09-30,694913.3987372915
115169,2025-10-31,692596.7718991806
115169,2025-11-30,690718.6441268662
115169,2025-12-31,690327.9282608606
115169,2026-01-31,689609.0537750692
115169,2026-02-28,688901.6036554064
115169,2026-03-31,687791.8047715351
115169,2026-04-30,685872.9116868136
115169,2026-05-31,683462.3832122086
115169,2026-06-30,680560.0770196035
115169,2026-07-31,679313.6878108653
115169,2026-08-31,679582.1993010608
116035,2016-09-30,333680.90623560693
116035,2016-10-31,331714.9361827607
116035,2016-11-30,329329.1283980678
116035,2016-12-31,327162.92299033544
116035,2017-01-31,327738.3985890705
116035,2017-02-28,331336.9129505747
116035,2017-03-31,337966.3759199162
116035,2017-04-30,344320.87652985606
116035,2017-05-31,349363.17714846827
116035,2017-06-30,353377.9517607377
116035,2017-07-31,357005.3145072856
116035,2017-08-31,361291.74795756623
116035,2017-09-30,365605.0228986125
116035,2017-10-31,369656.2713726277
116035,2017-11-30,373031.728676868
116035,2017-12-31,376557.3714188568
116035,2018-01-31,379711.9919489582
116035,2018-02-28,382390.8478751077
116035,2018-03-31,384321.92732634
116035,2018-04-30,386008.5838096332
116035,2018-05-31,388066.7773656249
116035,2018-06-30,390330.1085005521
116035,2018-07-31,392583.43697683344
116035,2018-08-31,394594.924801716
116035,2018-09-30,396335.8172399767
116035,2018-10-31,398394.7986063286
116035,2018-11-30,399885.1551952665
116035,2018-12-31,401220.9961535064
116035,2019-01-31,402188.56536776485
116035,2019-02-28,403802.6037627418
116035,2019-03-31,405277.113453666
116035,2019-04-30,406159.8605506828
116035,2019-05-31,405756.9107356674
116035,2019-06-30,405503.3481798515
116035,2019-07-31,406319.0963762302
116035,2019-08-31,407756.4030526483
116035,2019-09-30,409556.46285226656
116035,2019-10-31,411029.3790381385
116035,2019-11-30,413568.3876838824
116035,2019-12-31,415951.9363698913
116035,2020-01-31,418037.959258184
116035,2020-02-29,419305.56539082265
116035,2020-03-31,420995.3729962292
116035,2020-04-30,422764.5620614491
116035,2020-05-31,423570.2382801626
116035,2020-06-30,423181.121790818
116035,2020-07-31,423643.9294685687
116035,2020-08-31,426356.87027124985
116035,2020-09-30,431856.0126357426
116035,2020-10-31,438635.9084755177
116035,2020-11-30,446607.3250196534
116035,2020-12-31,454958.1535922855
116035,2021-01-31,463168.6714358703
116035,2021-02-28,471195.9487667787
116035,2021-03-31,479222.2753731099
116035,2021-04-30,487617.5291191295
116035,2021-05-31,496473.68178703845
116035,2021-06-30,505602.00311661727
116035,2021-07-31,514235.32182266033
116035,2021-08-31,520848.9412463445
116035,2021-09-30,524587.7806568303
116035,2021-10-31,527626.626041223
116035,2021-11-30,531581.9152119848
116035,2021-12-31,537548.3309776116
116035,2022-01-31,545360.4337721815
116035,2022-02-28,555075.7746373113
116035,2022-03-31,566433.4267864522
116035,2022-04-30,577778.1037321994
116035,2022-05-31,587206.7320613872
116035,2022-06-30,593037.462945832
116035,2022-07-31,595460.3504123882
116035,2022-08-31,594175.6969234542
116035,2022-09-30,591378.6100350836
116035,2022-10-31,588364.2939930125
116035,2022-11-30,586133.828858138
116035,2022-12-31,583340.4947630035
116035,2023-01-31,579138.4666340203
116035,2023-02-28,574800.1940017155
116035,2023-03-31,572950.3946645512
116035,2023-04-30,573685.4239677686
116035,2023-05-31,577065.3392314556
116035,2023-06-30,581676.9442429683
116035,2023-07-31,587530.8072402304
116035,2023-08-31,594086.0621208341
116035,2023-09-30,600061.9907971895
116035,2023-10-31,605120.4450311161
116035,2023-11-30,608971.2855330473
116035,2023-12-31,612677.6265038503
116035,2024-01-31,615550.2722425997
116035,2024-02-29,617931.7827881728
116035,2024-03-31,620702.911974913
116035,2024-04-30,624656.2418904606
116035,2024-05-31,629301.6929345499
116035,2024-06-30,632842.5176600775
116035,2024-07-31,636010.3206869727
116035,2024-08-31,638124.9526310797
116035,2024-09-30,639658.2742778097
116035,2024-10-31,639736.140434319
116035,2024-11-30,640088.1240094331
116035,2024-12-31,639854.9158342612
116035,2025-01-31,638424.1472548167
116035,2025-02-28,635794.4075109836
116035,2025-03-31,632162.3574980182
116035,2025-04-30,629464.705019818
116035,2025-05-31,625982.239786794
116035,2025-06-30,622828.9758307539
116035,2025-07-31,619578.050074908
116035,2025-08-31,616872.8402960469
116035,2025-09-30,615755.5111854514
116035,2025-10-31,616235.6752610054
116035,2025-11-30,618209.8323381875
116035,2025-12-31,621378.5389955196
116035,2026-01-31,624702.3555943336
116035,2026-02-28,627396.5760743023
116035,2026-03-31,627912.0123926437
116035,2026-04-30,627543.1726323795
116035,2026-05-31,627692.8130396219
116035,2026-06-30,628327.2529827898
116035,2026-07-31,628974.062326056
116035,2026-08-31,629523.2335746385
118208,2016-09-30,333791.8945804418
118208,2016-10-31,330288.482722387
118208,2016-11-30,329536.59203945275
118208,2016-12-31,331245.70941863395
118208,2017-01-31,338803.92473156424
118208,2017-02-28,350423.6056539689
118208,2017-03-31,364496.4554603644
118208,2017-04-30,375912.7012994122
118208,2017-05-31,384275.7458443789
118208,2017-06-30,390740.5102222799
118208,2017-07-31,391359.1233355436
118208,2017-08-31,388630.5175165017
118208,2017-09-30,383955.30623597634
118208,2017-10-31,383313.97289984935
118208,2017-11-30,385285.4672099028
118208,2017-12-31,388425.475357277
118208,2018-01-31,395030.9837354336
118208,2018-02-28,405201.6381613374
118208,2018-03-31,418478.7295472364
118208,2018-04-30,430632.5331412263
118208,2018-05-31,440387.3508304449
118208,2018-06-30,447614.1782239485
118208,2018-07-31,454846.3247751576
118208,2018-08-31,464033.5103690447
118208,2018-09-30,475152.7157419266
118208,2018-10-31,486538.8173936405
118208,2018-11-30,495877.9483683032
118208,2018-12-31,501795.44185158174
118208,2019-01-31,501251.400035425
118208,2019-02-28,495887.9529615854
118208,2019-03-31,489083.1021397359
118208,2019-04-30,483969.9176948864
118208,2019-05-31,480660.78671662
118208,2019-06-30,478370.1181193309
118208,2019-07-31,479900.0275791735
118208,2019-08-31,485903.6302802496
118208,2019-09-30,494686.5998406269
118208,2019-10-31,503289.7713665601
118208,2019-11-30,511216.2829046744
118208,2019-12-31,519109.1644734883
118208,2020-01-31,524353.4532991239
118208,2020-02-29,526779.8692122028
118208,2020-03-31,527119.9086348983
118208,2020-04-30,526898.9499470848
118208,2020-05-31,524906.8837378602
118208,2020-06-30,520977.01250198745
118208,2020-07-31,520689.9950079143
118208,2020-08-31,525432.6103864824
118208,2020-09-30,536001.0678544351
118208,2020-10-31,547625.1931679072
118208,2020-11-30,559402.266097396
118208,2020-12-31,570533.4798470543
118208,2021-01-31,576344.3811989839
118208,2021-02-28,579535.2276754222
118208,2021-03-31,580186.8036026084
118208,2021-04-30,584728.7849942141
118208,2021-05-31,591073.9871605625
118208,2021-06-30,598612.3256042694
118208,2021-07-31,607487.8040016213
118208,2021-08-31,615576.4966551297
118208,2021-09-30,622905.9632666222
118208,2021-10-31,628996.3229172917
118208,2021-11-30,634588.8941940606
118208,2021-12-31,640699.2271580853
118208,2022-01-31,646494.7096551285
118208,2022-02-28,652353.4226637735
118208,2022-03-31,658346.5430067274
118208,2022-04-30,662866.2331197279
118208,2022-05-31,667400.8300680398
118208,2022-06-30,670240.0036877879
118208,2022-07-31,674296.4814913577
118208,2022-08-31,675729.3073489465
118208,2022-09-30,676330.8221373068
118208,2022-10-31,674265.1137612456
118208,2022-11-30,673188.4816910779
118208,2022-12-31,671474.8330312073
118208,2023-01-31,664908.2873429524
118208,2023-02-28,654080.1957949772
118208,2023-03-31,643484.9729852258
118208,2023-04-30,639127.5319879547
118208,2023-05-31,640119.5003339616
118208,2023-06-30,643935.3926632606
118208,2023-07-31,651365.9133578475
118208,2023-08-31,661325.3061502883
118208,2023-09-30,671407.2769805178
118208,2023-10-31,679967.0250042902
118208,2023-11-30,686613.5368506465
118208,2023-12-31,690947.2935802528
118208,2024-01-31,688650.2535948167
118208,2024-02-29,682105.176735023
118208,2024-03-31,675295.3700572074
118208,2024-04-30,672709.5204997547
118208,2024-05-31,672676.1299448364
118208,2024-06-30,672946.495375149
118208,2024-07-31,675601.2371560871
118208,2024-08-31,680917.2659057837
118208,2024-09-30,687620.3151353869
118208,2024-10-31,693102.3835479814
118208,2024-11-30,696898.3140601899
118208,2024-12-31,699653.6154860058
118208,2025-01-31,698085.2761724574
118208,2025-02-28,693094.1213068167
118208,2025-03-31,684049.1239975229
118208,2025-04-30,675665.1755608318
118208,2025-05-31,668278.4377138634
118208,2025-06-30,663422.2415750654
118208,2025-07-31,662488.9880405746
118208,2025-08-31,663981.159591253
118208,2025-09-30,666981.2047039444
118208,2025-10-31,669171.3068191156
118208,2025-11-30,670330.3010762597
118208,2025-12-31,672068.3142441859
118208,2026-01-31,672262.431057477
118208,2026-02-28,671368.5736288961
118208,2026-03-31,667584.4265211598
118208,2026-04-30,662876.6696997513
118208,2026-05-31,659536.0248903534
118208,2026-06-30,658413.7029728267
118208,2026-07-31,659598.1285024548
118208,2026-08-31,660809.9078533108
118229,2016-09-30,330181.5264553149
118229,2016-10-31,328894.93625970953
118229,2016-11-30,326149.54373792134
118229,2016-12-31,324948.94442907773
118229,2017-01-31,326215.4668132799
118229,2017-02-28,329565.5736478059
118229,2017-03-31,334256.8582026307
118229,2017-04-30,338857.74420391425
118229,2017-05-31,342630.2945832052
118229,2017-06-30,345504.80663322593
118229,2017-07-31,346809.77026978164
118229,2017-08-31,347931.38150347734
118229,2017-09-30,350082.78569858643
118229,2017-10-31,354279.953057718
118229,2017-11-30,359073.7709030627
118229,2017-12-31,363831.0905194886
118229,2018-01-31,367364.5849931235
118229,2018-02-28,369637.3608060684
118229,2018-03-31,370443.7685990373
118229,2018-04-30,370892.2934487201
118229,2018-05-31,372253.4777267372
118229,2018-06-30,374219.0319500459
118229,2018-07-31,376227.3555625272
118229,2018-08-31,378196.98494685575
118229,2018-09-30,380273.2007603736
118229,2018-10-31,383302.5777120636
118229,2018-11-30,385869.5373067937
118229,2018-12-31,387749.2737227444
118229,2019-01-31,388522.04041477694
118229,2019-02-28,389669.4118543104
118229,2019-03-31,391282.6136167911
118229,2019-04-30,392784.4339921172
118229,2019-05-31,393215.5352268168
118229,2019-06-30,392887.2051078019
118229,2019-07-31,392731.2773833885
118229,2019-08-31,393078.065141581
118229,2019-09-30,394539.4052827756
118229,2019-10-31,396844.0397307933
118229,2019-11-30,399939.90409945487
118229,2019-12-31,403323.55177811394
118229,2020-01-31,406472.64618783566
118229,2020-02-29,409134.8095163798
118229,2020-03-31,411148.9595879223
118229,2020-04-30,412882.4857743911
118229,2020-05-31,413831.1319957199
118229,2020-06-30,413396.13676772267
118229,2020-07-31,412116.8369567217
118229,2020-08-31,412001.57827591576
118229,2020-09-30,414965.336450041
118229,2020-10-31,421036.2507463437
118229,2020-11-30,429277.8608164608
118229,2020-12-31,438059.8750783934
118229,2021-01-31,445960.739570256
118229,2021-02-28,453432.4183867346
118229,2021-03-31,460802.8929243967
118229,2021-04-30,469272.196664641
118229,2021-05-31,478685.07469955337
118229,2021-06-30,488439.8770285865
118229,2021-07-31,497350.3034316322
118229,2021-08-31,504477.94812193565
118229,2021-09-30,510573.3476736573
118229,2021-10-31,516519.8456030808
118229,2021-11-30,523451.2905324376
118229,2021-12-31,531005.5255990247
118229,2022-01-31,539292.9184570649
118229,2022-02-28,547913.6934450421
118229,2022-03-31,557493.6291752068
118229,2022-04-30,567204.844988945
118229,2022-05-31,575833.4517423124
118229,2022-06-30,582188.2385205844
118229,2022-07-31,584823.9238258168
118229,2022-08-31,583445.8577974831
118229,2022-09-30,579009.7411769173
118229,2022-10-31,574577.7477410883
118229,2022-11-30,570455.003622804
118229,2022-12-31,566421.7521934183
118229,2023-01-31,560969.3284772193
118229,2023-02-28,556348.1461470264
118229,2023-03-31,553060.9052025923
118229,2023-04-30,552878.0932091157
118229,2023-05-31,554735.2579351313
118229,2023-06-30,558731.4442274128
118229,2023-07-31,563082.3242667799
118229,2023-08-31,568081.6082798477
118229,2023-09-30,572591.3613976962
118229,2023-10-31,577432.4851076788
118229,2023-11-30,581687.1168490597
118229,2023-12-31,585990.3684767539
118229,2024-01-31,589359.8551422696
118229,2024-02-29,591586.6165097685
118229,2024-03-31,593696.5479811603
118229,2024-04-30,596009.7764748092
118229,2024-05-31,599118.5306385382
118229,2024-06-30,601454.0182190235
118229,2024-07-31,603588.798517926
118229,2024-08-31,604996.8721175529
118229,2024-09-30,606688.5803452061
118229,2024-10-31,607826.2576062666
118229,2024-11-30,608690.0486441642
118229,2024-12-31,609306.6343013914
118229,2025-01-31,609246.5415914528
118229,2025-02-28,608097.0400433018
118229,2025-03-31,605238.1842330364
118229,2025-04-30,601731.3468241984
118229,2025-05-31,597843.1235893784
118229,2025-06-30,594194.0860903162
118229,2025-07-31,591308.1422049442
118229,2025-08-31,588971.8824896686
118229,2025-09-30,587113.9583154358
118229,2025-10-31,586571.2723910065
118229,2025-11-30,587414.9530990623
118229,2025-12-31,589564.4042050584
118229,2026-01-31,590876.1447601902
118229,2026-02-28,591505.2397130394
118229,2026-03-31,591003.1065165376
118229,2026-04-30,590371.3544458126
118229,2026-05-31,589499.260639498
118229,2026-06-30,588813.5692619634
118229,2026-07-31,588755.0173052388
118229,2026-08-31,589818.671549312
121685,2016-09-30,751604.3197750425
121685,2016-10-31,752009.0772965654
121685,2016-11-30,753546.9435869554
121685,2016-12-31,757652.5075400673
121685,2017-01-31,761525.8359360737
121685,2017-02-28,765288.6809740738
121685,2017-03-31,768315.6629205211
121685,2017-04-30,772616.9545509025
121685,2017-05-31,776253.5711927082
121685,2017-06-30,779709.6551593853
121685,2017-07-31,781262.2811860273
121685,2017-08-31,781319.3342218002
121685,2017-09-30,781095.0868933769
121685,2017-10-31,780794.6978361392
121685,2017-11-30,781589.8203632241
121685,2017-12-31,784291.2327826341
121685,2018-01-31,790389.3944546877
121685,2018-02-28,797638.3675174667
121685,2018-03-31,804584.1071766919
121685,2018-04-30,808218.2651183753
121685,2018-05-31,810776.4377162581
121685,2018-06-30,811636.8226919487
121685,2018-07-31,812501.9279356065
121685,2018-08-31,813708.601754697
121685,2018-09-30,815161.7465877723
121685,2018-10-31,817052.8164638979
121685,2018-11-30,819293.3031610893
121685,2018-12-31,821177.6472025487
121685,2019-01-31,824260.9838920463
121685,2019-02-28,826919.6398089485
121685,2019-03-31,831944.6606820849
121685,2019-04-30,836017.4006228303
121685,2019-05-31,838147.5253291358
121685,2019-06-30,837608.103342922
121685,2019-07-31,836504.6687184212
121685,2019-08-31,836181.185458092
121685,2019-09-30,835943.9068021727
121685,2019-10-31,836236.3769456679
121685,2019-11-30,837275.8811553115
121685,2019-12-31,839318.3681742627
121685,2020-01-31,844201.5872829594
121685,2020-02-29,851219.3497807245
121685,2020-03-31,860398.4294401257
121685,2020-04-30,870219.7551463688
121685,2020-05-31,876885.2624904289
121685,2020-06-30,878463.1756003838
121685,2020-07-31,877208.9334012782
121685,2020-08-31,878164.7469277264
121685,2020-09-30,882763.0351897627
121685,2020-10-31,886823.1273104787
121685,2020-11-30,891314.4331956379
121685,2020-12-31,894767.8922745511
121685,2021-01-31,896793.9586345298
121685,2021-02-28,899088.9764678659
121685,2021-03-31,904273.3106929498
121685,2021-04-30,912693.9685186308
121685,2021-05-31,923364.7752022533
121685,2021-06-30,934708.9411764956
121685,2021-07-31,942960.7545595051
121685,2021-08-31,945977.5284487796
121685,2021-09-30,944567.8370206334
121685,2021-10-31,943379.215482289
121685,2021-11-30,942745.2763595044
121685,2021-12-31,942064.5918609644
121685,2022-01-31,942325.186947536
121685,2022-02-28,946682.1688837298
121685,2022-03-31,957888.1070390608
121685,2022-04-30,970243.6293820324
121685,2022-05-31,978391.9209678834
121685,2022-06-30,979337.6640634304
121685,2022-07-31,973118.5132093164
121685,2022-08-31,962259.8266929718
121685,2022-09-30,947903.4877246572
121685,2022-10-31,937959.4255717496
121685,2022-11-30,933083.328587772
121685,2022-12-31,930923.5470719204
121685,2023-01-31,930363.1780667572
121685,2023-02-28,930321.7926360517
121685,2023-03-31,931173.236055328
121685,2023-04-30,931541.3691812302
121685,2023-05-31,932085.7544950552
121685,2023-06-30,933856.628561993
121685,2023-07-31,935758.8602194797
121685,2023-08-31,936285.3473629688
121685,2023-09-30,934429.8366349773
121685,2023-10-31,931502.2261631103
121685,2023-11-30,927320.141870785
121685,2023-12-31,923495.107987735
121685,2024-01-31,918864.313652672
121685,2024-02-29,916744.3754540643
121685,2024-03-31,916793.3453014558
121685,2024-04-30,917633.0991821464
121685,2024-05-31,916487.6292846478
121685,2024-06-30,912197.0311020194
121685,2024-07-31,908483.5303117804
121685,2024-08-31,906222.3138152966
121685,2024-09-30,907831.566945326
121685,2024-10-31,909081.3050285704
121685,2024-11-30,908471.9452243586
121685,2024-12-31,906672.989778238
121685,2025-01-31,905533.611170622
121685,2025-02-28,906108.9961875184
121685,2025-03-31,905695.0873669744
121685,2025-04-30,904269.9623682044
121685,2025-05-31,900589.4026020487
121685,2025-06-30,895546.25881818
121685,2025-07-31,891529.0566275321
121685,2025-08-31,889408.0210374085
121685,2025-09-30,890222.6270313306
121685,2025-10-31,893936.7631392825
121685,2025-11-30,899521.9728410185
121685,2025-12-31,904341.4501036202
121685,2026-01-31,905989.2097145332
121685,2026-02-28,905067.6736416124
121685,2026-03-31,903112.0263393543
121685,2026-04-30,900499.132297162
121685,2026-05-31,899335.2513422499
121685,2026-06-30,900981.720445652
121685,2026-07-31,905209.0949959694
121685,2026-08-31,910683.2936120848
121697,2016-09-30,536996.5882060934
121697,2016-10-31,537996.344209917
121697,2016-11-30,539718.4692201979
121697,2016-12-31,542773.753404107
121697,2017-01-31,544538.351382961
121697,2017-02-28,545598.903415863
121697,2017-03-31,545711.240978083
121697,2017-04-30,547311.1753617362
121697,2017-05-31,548442.2953929108
121697,2017-06-30,550232.0023088554
121697,2017-07-31,552035.2158377434
121697,2017-08-31,553870.4870566186
121697,2017-09-30,555749.5633871284
121697,2017-10-31,556921.9691215669
121697,2017-11-30,558179.0113087973
121697,2017-12-31,560151.7107473697
121697,2018-01-31,563828.6946634016
121697,2018-02-28,568082.5297084862
121697,2018-03-31,572080.6379833134
121697,2018-04-30,574372.3140366608
121697,2018-05-31,576681.2971164563
121697,2018-06-30,578079.8653765848
121697,2018-07-31,579829.2948409592
121697,2018-08-31,581184.2201554258
121697,2018-09-30,582586.3888313873
121697,2018-10-31,583872.2120603098
121697,2018-11-30,585444.9312299733
121697,2018-12-31,586400.6932696947
121697,2019-01-31,587131.5944787158
121697,2019-02-28,587371.5414389294
121697,2019-03-31,589185.7054945893
121697,2019-04-30,591474.8180987757
121697,2019-05-31,593042.9999630842
121697,2019-06-30,592646.5279744762
121697,2019-07-31,591460.3496533516
121697,2019-08-31,590375.9056467317
121697,2019-09-30,589574.6710824525
121697,2019-10-31,589762.9615899908
121697,2019-11-30,590393.4901035563
121697,2019-12-31,591706.3414814882
121697,2020-01-31,593533.6404541053
121697,2020-02-29,596920.6374624308
121697,2020-03-31,601179.454798381
121697,2020-04-30,605342.5016276987
121697,2020-05-31,607138.1826247807
121697,2020-06-30,607095.251162705
121697,2020-07-31,607377.448139001
121697,2020-08-31,609788.333074181
121697,2020-09-30,614486.9644066532
121697,2020-10-31,618573.2235385809
121697,2020-11-30,622389.7728061063
121697,2020-12-31,624853.469650535
121697,2021-01-31,626436.5430826939
121697,2021-02-28,627954.2019468712
121697,2021-03-31,630937.0860361035
121697,2021-04-30,634946.3042558334
121697,2021-05-31,639383.043340488
121697,2021-06-30,643036.8238078475
121697,2021-07-31,644809.3032827284
121697,2021-08-31,643590.5491342493
121697,2021-09-30,640913.499477568
121697,2021-10-31,639654.6111025234
121697,2021-11-30,640338.3659521946
121697,2021-12-31,641618.0024957304
121697,2022-01-31,644064.5324123189
121697,2022-02-28,649122.447945976
121697,2022-03-31,657136.0430288975
121697,2022-04-30,664129.2269058092
121697,2022-05-31,667365.7375089383
121697,2022-06-30,666928.37081684
121697,2022-07-31,663149.4433367079
121697,2022-08-31,657885.2369839746
121697,2022-09-30,650736.3799976405
121697,2022-10-31,645424.1887307336
121697,2022-11-30,640932.8487510826
121697,2022-12-31,637282.129046264
121697,2023-01-31,633736.9786563247
121697,2023-02-28,631393.6901566912
121697,2023-03-31,630095.6735668271
121697,2023-04-30,629159.5858857965
121697,2023-05-31,628236.7944821493
121697,2023-06-30,628179.4799461925
121697,2023-07-31,629525.8863458281
121697,2023-08-31,632056.5167527193
121697,2023-09-30,634261.701987986
121697,2023-10-31,635129.3068138282
121697,2023-11-30,634248.3813813913
121697,2023-12-31,632676.9894009557
121697,2024-01-31,630852.7498412909
121697,2024-02-29,630704.887651722
121697,2024-03-31,631414.5322860904
121697,2024-04-30,631930.2649993609
121697,2024-05-31,630057.3741260576
121697,2024-06-30,625580.0872654732
121697,2024-07-31,621255.4813337346
121697,2024-08-31,617828.1784496458
121697,2024-09-30,617401.1991188949
121697,2024-10-31,617273.9422532778
121697,2024-11-30,616892.197169315
121697,2024-12-31,616794.8645303774
121697,2025-01-31,616140.1084076916
121697,2025-02-28,615515.135249637
121697,2025-03-31,612607.6327086283
121697,2025-04-30,609358.7586811283
121697,2025-05-31,605266.9648081908
121697,2025-06-30,600747.6985035761
121697,2025-07-31,596895.1938935621
121697,2025-08-31,594233.9398163478
121697,2025-09-30,594298.9886927045
121697,2025-10-31,596327.4576304007
121697,2025-11-30,598759.4799976241
121697,2025-12-31,600628.7321481599
121697,2026-01-31,600609.1086092537
121697,2026-02-28,599800.6630113712
121697,2026-03-31,598087.5133416937
121697,2026-04-30,595208.7210954654
121697,2026-05-31,592497.2092687277
121697,2026-06-30,590501.5603678324
121697,2026-07-31,590904.5635527908
121697,2026-08-31,592777.1511246238
121774,2016-09-30,516315.4628179998
121774,2016-10-31,519537.0838649767
121774,2016-11-30,524137.8122645936
121774,2016-12-31,528217.1389980931
121774,2017-01-31,530667.3441743861
121774,2017-02-28,532259.2008819096
121774,2017-03-31,533794.18521442
121774,2017-04-30,535752.8814478164
121774,2017-05-31,537260.3943816501
121774,2017-06-30,539629.7690993324
121774,2017-07-31,542382.3150795648
121774,2017-08-31,544035.3298087638
121774,2017-09-30,544661.3470859689
121774,2017-10-31,544528.1876028557
121774,2017-11-30,545483.4286028679
121774,2017-12-31,546990.8492816775
121774,2018-01-31,551233.2315794709
121774,2018-02-28,557042.552126004
121774,2018-03-31,565527.791853568
121774,2018-04-30,572509.142461684
121774,2018-05-31,578973.1422439888
121774,2018-06-30,582724.4405352244
121774,2018-07-31,585702.5570789331
121774,2018-08-31,587491.4026758134
121774,2018-09-30,588753.8496138885
121774,2018-10-31,589496.9055849643
121774,2018-11-30,590816.3467040972
121774,2018-12-31,590488.2582278171
121774,2019-01-31,590600.579803898
121774,2019-02-28,590826.1990030626
121774,2019-03-31,594587.2432677158
121774,2019-04-30,599216.8652213194
121774,2019-05-31,602323.9250529689
121774,2019-06-30,603310.794465995
121774,2019-07-31,603753.1067853291
121774,2019-08-31,604608.9738816128
121774,2019-09-30,605978.672995922
121774,2019-10-31,607312.6851577751
121774,2019-11-30,608819.426578032
121774,2019-12-31,609158.5463274274
121774,2020-01-31,609628.206272076
121774,2020-02-29,611662.2727021804
121774,2020-03-31,616482.9298504808
121774,2020-04-30,623781.6067095263
121774,2020-05-31,628348.893676821
121774,2020-06-30,629962.9585043028
121774,2020-07-31,630749.6923506473
121774,2020-08-31,634962.2748463893
121774,2020-09-30,641824.7113783547
121774,2020-10-31,648540.5071832697
121774,2020-11-30,655684.8269159483
121774,2020-12-31,661843.7642021735
121774,2021-01-31,666956.2453628571
121774,2021-02-28,672036.8517770994
121774,2021-03-31,678643.464256278
121774,2021-04-30,686599.3027542605
121774,2021-05-31,695497.273459304
121774,2021-06-30,704735.5816036299
121774,2021-07-31,709953.0612214383
121774,2021-08-31,710604.50576072
121774,2021-09-30,706690.6725027729
121774,2021-10-31,703295.4028592171
121774,2021-11-30,699663.8297623941
121774,2021-12-31,696659.3705023333
121774,2022-01-31,697859.345825066
121774,2022-02-28,705628.0416722483
121774,2022-03-31,719598.4004490124
121774,2022-04-30,732396.6393631689
121774,2022-05-31,739901.3557629568
121774,2022-06-30,740936.9975303899
121774,2022-07-31,736052.3874101253
121774,2022-08-31,727509.1800316548
121774,2022-09-30,716586.682642553
121774,2022-10-31,708435.4295574619
121774,2022-11-30,702413.2771086075
121774,2022-12-31,697745.2903391169
121774,2023-01-31,693640.725790056
121774,2023-02-28,690885.2146537323
121774,2023-03-31,688798.823528021
121774,2023-04-30,686586.475644644
121774,2023-05-31,683807.9431578589
121774,2023-06-30,682278.5026694881
121774,2023-07-31,682650.9562637832
121774,2023-08-31,684164.6570872691
121774,2023-09-30,685432.2254193343
121774,2023-10-31,685203.0630847792
121774,2023-11-30,682732.778395217
121774,2023-12-31,679764.2081673408
121774,2024-01-31,676310.5394345286
121774,2024-02-29,674992.3098046709
121774,2024-03-31,675531.8082171819
121774,2024-04-30,676458.0785403182
121774,2024-05-31,675899.6949690847
121774,2024-06-30,671655.3281110582
121774,2024-07-31,666515.5796286297
121774,2024-08-31,660454.3029298701
121774,2024-09-30,657711.2800695422
121774,2024-10-31,655716.844204471
121774,2024-11-30,653779.258861279
121774,2024-12-31,651675.0389298612
121774,2025-01-31,648137.27103567
121774,2025-02-28,645907.6800089688
121774,2025-03-31,641659.8265852659
121774,2025-04-30,638217.2205887799
121774,2025-05-31,633782.4180620005
121774,2025-06-30,629431.0859123379
121774,2025-07-31,626027.2000193201
121774,2025-08-31,623549.6617556525
121774,2025-09-30,622672.6694325932
121774,2025-10-31,623544.8281004848
121774,2025-11-30,625677.740910927
121774,2025-12-31,629393.4905114934
121774,2026-01-31,630919.3206127663
121774,2026-02-28,630288.3223906513
121774,2026-03-31,626824.3109777115
121774,2026-04-30,622185.7792487359
121774,2026-05-31,618897.6116380035
121774,2026-06-30,617069.8362759165
121774,2026-07-31,618159.0664280268
121774,2026-08-31,618611.7821060737
123423,2016-09-30,148870.4235581481
123423,2016-10-31,151617.92745126074
123423,2016-11-30,153591.12457741328
123423,2016-12-31,154910.0505043087
123423,2017-01-31,155758.42794869965
123423,2017-02-28,157388.1616074522
123423,2017-03-31,159977.86394139435
123423,2017-04-30,162608.09252651627
123423,2017-05-31,165035.79512660726
123423,2017-06-30,167638.74354290057
123423,2017-07-31,170063.31313928866
123423,2017-08-31,172640.94793587792
123423,2017-09-30,174847.48021836006
123423,2017-10-31,176735.21590570605
123423,2017-11-30,178225.30607717458
123423,2017-12-31,180186.71189405164
123423,2018-01-31,182815.92163062736
123423,2018-02-28,185344.6408447816
123423,2018-03-31,187887.97854846012
123423,2018-04-30,190106.4416144076
123423,2018-05-31,192738.64203164217
123423,2018-06-30,195150.58544069476
123423,2018-07-31,197907.81481586085
123423,2018-08-31,200583.0688581645
123423,2018-09-30,202905.1496928185
123423,2018-10-31,205097.71788252983
123423,2018-11-30,207407.28214874183
123423,2018-12-31,209997.39160753964
123423,2019-01-31,212373.22364934805
123423,2019-02-28,214721.35293769423
123423,2019-03-31,217098.52437042064
123423,2019-04-30,218873.59525770668
123423,2019-05-31,220011.8872509503
123423,2019-06-30,220216.8949605533
123423,2019-07-31,221057.2573735912
123423,2019-08-31,222438.2658556529
123423,2019-09-30,224053.1204725195
123423,2019-10-31,226105.62478941077
123423,2019-11-30,229336.49650364532
123423,2019-12-31,234080.1194770315
123423,2020-01-31,239831.28040791335
123423,2020-02-29,245270.19993545895
123423,2020-03-31,249715.0237086287
123423,2020-04-30,252117.81719949548
123423,2020-05-31,252310.60925535823
123423,2020-06-30,251107.1645365377
123423,2020-07-31,250165.22804917136
123423,2020-08-31,250506.3843499749
123423,2020-09-30,252316.49098424215
123423,2020-10-31,254885.30491609368
123423,2020-11-30,258619.9511476685
123423,2020-12-31,263663.2997334379
123423,2021-01-31,269676.19440686767
123423,2021-02-28,275779.44977140543
123423,2021-03-31,281216.6170479494
123423,2021-04-30,285875.4120386171
123423,2021-05-31,290348.05402129603
123423,2021-06-30,294603.4350019326
123423,2021-07-31,297615.0009974064
123423,2021-08-31,298182.1176648389
123423,2021-09-30,297179.23181231826
123423,2021-10-31,296003.0836987094
123423,2021-11-30,296734.1719341865
123423,2021-12-31,298514.329436692
123423,2022-01-31,305367.05092841794
123423,2022-02-28,315522.66845168633
123423,2022-03-31,328756.6223033453
123423,2022-04-30,340074.56909635133
123423,2022-05-31,349807.7275186931
123423,2022-06-30,357822.7220718796
123423,2022-07-31,364515.9034048087
123423,2022-08-31,368842.055957842
123423,2022-09-30,371440.3816061264
123423,2022-10-31,372496.1429227027
123423,2022-11-30,373300.53850139095
123423,2022-12-31,374542.225326662
123423,2023-01-31,375719.8348196266
123423,2023-02-28,376164.3629411063
123423,2023-03-31,377801.8750666685
123423,2023-04-30,380590.6766040172
123423,2023-05-31,384050.7368454888
123423,2023-06-30,387673.58592540905
123423,2023-07-31,391703.13295065454
123423,2023-08-31,396750.7699391399
123423,2023-09-30,401086.3277066776
123423,2023-10-31,404666.3548979838
123423,2023-11-30,408812.2219520093
123423,2023-12-31,412319.4349470386
123423,2024-01-31,415562.3752009722
123423,2024-02-29,418231.6762463583
123423,2024-03-31,422043.5267244235
123423,2024-04-30,427089.378846104
123423,2024-05-31,432170.4271947239
123423,2024-06-30,435857.6409489447
123423,2024-07-31,438101.6171021962
123423,2024-08-31,439834.6533857
123423,2024-09-30,440225.8495572396
123423,2024-10-31,439959.4132101541
123423,2024-11-30,438589.2980778853
123423,2024-12-31,438333.8860158584
123423,2025-01-31,438971.4224942739
123423,2025-02-28,439566.8002883356
123423,2025-03-31,438227.5483289885
123423,2025-04-30,434249.2173424575
123423,2025-05-31,429035.9163263926
123423,2025-06-30,423681.6996697313
123423,2025-07-31,418932.6983456104
123423,2025-08-31,414791.1800788292
123423,2025-09-30,411613.6952171314
123423,2025-10-31,408363.3722421813
123423,2025-11-30,405698.011449855
123423,2025-12-31,403834.9176418081
123423,2026-01-31,403860.2901437623
123423,2026-02-28,404818.664913921
123423,2026-03-31,405606.7652802942
123423,2026-04-30,405513.88424267113
123423,2026-05-31,405914.7248714219
123423,2026-06-30,407545.7950576216
123423,2026-07-31,410245.4769915887
123423,2026-08-31,412838.291823993
124381,2016-09-30,210694.00710826076
124381,2016-10-31,213115.9613693664
124381,2016-11-30,214916.37553433183
124381,2016-12-31,215667.2471860059
124381,2017-01-31,215697.1650363227
124381,2017-02-28,216717.81533835933
124381,2017-03-31,219221.16594078613
124381,2017-04-30,222345.98029526832
124381,2017-05-31,225154.3220588835
124381,2017-06-30,227235.49034387103
124381,2017-07-31,228776.6629913626
124381,2017-08-31,230043.23188400248
124381,2017-09-30,231463.4981335767
124381,2017-10-31,233183.64776255368
124381,2017-11-30,235068.6043112461
124381,2017-12-31,237166.97304003316
124381,2018-01-31,239186.8877870068
124381,2018-02-28,241245.37510357943
124381,2018-03-31,243011.2759308115
124381,2018-04-30,244672.0003204865
124381,2018-05-31,246341.7713120412
124381,2018-06-30,247767.0747531156
124381,2018-07-31,248800.7284730161
124381,2018-08-31,249350.1237567205
124381,2018-09-30,249778.53443564507
124381,2018-10-31,250712.55365002665
124381,2018-11-30,252514.4161200773
124381,2018-12-31,254815.7490117256
124381,2019-01-31,256857.04051787208
124381,2019-02-28,259056.17213629943
124381,2019-03-31,261006.20719464976
124381,2019-04-30,262557.49962833343
124381,2019-05-31,262823.9030450354
124381,2019-06-30,262740.93591978337
124381,2019-07-31,263009.6048565144
124381,2019-08-31,263662.7387358173
124381,2019-09-30,264459.357968972
124381,2019-10-31,265467.94271371653
124381,2019-11-30,267251.7008942999
124381,2019-12-31,269655.58982806414
124381,2020-01-31,272985.1229429219
124381,2020-02-29,276444.17003458977
124381,2020-03-31,279755.35760235024
124381,2020-04-30,281723.10536779824
124381,2020-05-31,281941.3526507299
124381,2020-06-30,281054.78507380304
124381,2020-07-31,280173.05376569537
124381,2020-08-31,280623.71093170514
124381,2020-09-30,282368.2997836895
124381,2020-10-31,285009.0455825767
124381,2020-11-30,288476.19231713255
124381,2020-12-31,292305.56980303227
124381,2021-01-31,296273.2900705187
124381,2021-02-28,299937.6137664242
124381,2021-03-31,303539.74070380646
124381,2021-04-30,306922.01807339775
124381,2021-05-31,310693.7304340347
124381,2021-06-30,314745.9671166938
124381,2021-07-31,318458.7883868883
124381,2021-08-31,320814.72418073326
124381,2021-09-30,321686.8046884203
124381,2021-10-31,322470.5198977298
124381,2021-11-30,324514.5235286732
124381,2021-12-31,327747.8620258111
124381,2022-01-31,334240.1276122884
124381,2022-02-28,342960.6205317412
124381,2022-03-31,354087.90042061574
124381,2022-04-30,364197.55113488686
124381,2022-05-31,372812.5986366402
124381,2022-06-30,380040.8727412637
124381,2022-07-31,386197.0221792702
124381,2022-08-31,391008.1634479757
124381,2022-09-30,393983.1333542314
124381,2022-10-31,395944.5824417088
124381,2022-11-30,397455.2479716305
124381,2022-12-31,399387.5488675117
124381,2023-01-31,400936.6180202112
124381,2023-02-28,402114.8052992777
124381,2023-03-31,403977.35770657513
124381,2023-04-30,406787.3484644492
124381,2023-05-31,410284.8846406844
124381,2023-06-30,414172.5116507486
124381,2023-07-31,418115.1610503898
124381,2023-08-31,422580.5080132677
124381,2023-09-30,426629.1092579298
124381,2023-10-31,430293.5299520576
124381,2023-11-30,434063.936800598
124381,2023-12-31,437580.97766336304
124381,2024-01-31,440646.71499572607
124381,2024-02-29,442784.0078893809
124381,2024-03-31,444922.1163673952
124381,2024-04-30,447620.415857112
124381,2024-05-31,451005.6593105413
124381,2024-06-30,453283.9384606495
124381,2024-07-31,455322.41394024034
124381,2024-08-31,456824.8220878944
124381,2024-09-30,458060.45272103726
124381,2024-10-31,458356.1360449111
124381,2024-11-30,458083.4389672614
124381,2024-12-31,458309.8331225108
124381,2025-01-31,458523.5809212644
124381,2025-02-28,458174.2528896447
124381,2025-03-31,455899.29836540384
124381,2025-04-30,452660.79631870607
124381,2025-05-31,449019.1627610953
124381,2025-06-30,445585.6055589212
124381,2025-07-31,442462.61642200826
124381,2025-08-31,440065.5864654696
124381,2025-09-30,439332.0472261766
124381,2025-10-31,439362.7613762938
124381,2025-11-30,439165.033900133
124381,2025-12-31,438609.2667048469
124381,2026-01-31,438419.7796762292
124381,2026-02-28,438241.71301400085
124381,2026-03-31,438141.5103442734
124381,2026-04-30,437143.184312736
124381,2026-05-31,436302.0856872665
124381,2026-06-30,435647.6309504024
124381,2026-07-31,436211.90842489287
124381,2026-08-31,437350.7321416445
124912,2016-09-30,218866.2342618729
124912,2016-10-31,220912.2764056372
124912,2016-11-30,222997.47907364316
124912,2016-12-31,225007.44454148092
124912,2017-01-31,227166.6069869484
124912,2017-02-28,229491.99820925345
124912,2017-03-31,232172.1573124204
124912,2017-04-30,234563.67242263144
124912,2017-05-31,236561.2880287773
124912,2017-06-30,238320.0788052905
124912,2017-07-31,240093.0295160885
124912,2017-08-31,241965.572299479
124912,2017-09-30,243722.61626096745
124912,2017-10-31,245434.7061902521
124912,2017-11-30,246962.0393603478
124912,2017-12-31,248548.78027008096
124912,2018-01-31,250156.52405218405
124912,2018-02-28,251937.89370162296
124912,2018-03-31,253969.43171964565
124912,2018-04-30,256108.55183872348
124912,2018-05-31,258247.3622324474
124912,2018-06-30,259736.2382991854
124912,2018-07-31,261112.49588621865
124912,2018-08-31,262440.5013085173
124912,2018-09-30,264030.7808808812
124912,2018-10-31,265517.20064740843
124912,2018-11-30,266951.07440954586
124912,2018-12-31,268253.4709536208
124912,2019-01-31,269310.0580571546
124912,2019-02-28,270403.7345096264
124912,2019-03-31,271235.6665672112
124912,2019-04-30,271722.9179034032
124912,2019-05-31,271894.9450422508
124912,2019-06-30,272092.30167978146
124912,2019-07-31,272529.3182005717
124912,2019-08-31,272901.94721291127
124912,2019-09-30,273648.0259510951
124912,2019-10-31,274771.619134923
124912,2019-11-30,276463.6630800715
124912,2019-12-31,278325.5096595378
124912,2020-01-31,280712.30374635645
124912,2020-02-29,282816.07700135384
124912,2020-03-31,284508.2870150933
124912,2020-04-30,285424.3260484527
124912,2020-05-31,285464.97116060293
124912,2020-06-30,285047.63897360786
124912,2020-07-31,284716.95033905865
124912,2020-08-31,285616.8509870524
124912,2020-09-30,287698.4948064749
124912,2020-10-31,290231.5941667599
124912,2020-11-30,293039.46608199243
124912,2020-12-31,295744.9228432334
124912,2021-01-31,298712.20231077034
124912,2021-02-28,301809.9262682519
124912,2021-03-31,305025.0089159991
124912,2021-04-30,308372.0658297091
124912,2021-05-31,312467.7949588715
124912,2021-06-30,317568.32902751566
124912,2021-07-31,322467.7432200171
124912,2021-08-31,326293.9844917319
124912,2021-09-30,328967.8632767351
124912,2021-10-31,331630.4904352737
124912,2021-11-30,335227.34990272665
124912,2021-12-31,339546.1892060041
124912,2022-01-31,345520.70958548994
124912,2022-02-28,352227.73221062147
124912,2022-03-31,360039.14234305755
124912,2022-04-30,367633.8452840606
124912,2022-05-31,374806.5639259007
124912,2022-06-30,381127.6196529404
124912,2022-07-31,386608.09258429584
124912,2022-08-31,390607.0003217951
124912,2022-09-30,393293.0258595613
124912,2022-10-31,394959.2752217723
124912,2022-11-30,396105.17935243977
124912,2022-12-31,397697.67013989575
124912,2023-01-31,398909.9470712594
124912,2023-02-28,400517.9185879555
124912,2023-03-31,402375.5498665383
124912,2023-04-30,405437.9902614092
124912,2023-05-31,408971.6047844216
124912,2023-06-30,413084.3911302799
124912,2023-07-31,417367.3822388621
124912,2023-08-31,422199.4992795864
124912,2023-09-30,425919.6824485792
124912,2023-10-31,429275.941254797
124912,2023-11-30,432157.89713732986
124912,2023-12-31,435062.34978103125
124912,2024-01-31,437632.6390489042
124912,2024-02-29,440095.2034244816
124912,2024-03-31,442711.98558573896
124912,2024-04-30,445523.2069789032
124912,2024-05-31,448474.0594220353
124912,2024-06-30,450891.7782507162
124912,2024-07-31,453065.9836868182
124912,2024-08-31,454432.9192247256
124912,2024-09-30,455187.71325590654
124912,2024-10-31,454943.7603832464
124912,2024-11-30,454034.1378367785
124912,2024-12-31,453677.8435161921
124912,2025-01-31,453476.97154989775
124912,2025-02-28,453280.12268086354
124912,2025-03-31,452118.8093492187
124912,2025-04-30,450498.5321335188
124912,2025-05-31,447950.0928485676
124912,2025-06-30,445319.41227541375
124912,2025-07-31,442323.3667617124
124912,2025-08-31,440144.4238180702
124912,2025-09-30,438576.4743338687
124912,2025-10-31,437569.275940804
124912,2025-11-30,436547.22060411697
124912,2025-12-31,435341.2175329224
124912,2026-01-31,434397.8575420789
124912,2026-02-28,434150.1455325394
124912,2026-03-31,434385.1518089338
124912,2026-04-30,434254.2223746709
124912,2026-05-31,433600.27539732633
124912,2026-06-30,433043.1445709748
124912,2026-07-31,433520.9839258168
124912,2026-08-31,434902.9552654417
126356,2016-09-30,285441.86912579084
126356,2016-10-31,287165.93947077275
126356,2016-11-30,289254.8521121178
126356,2016-12-31,291642.3544989696
126356,2017-01-31,293992.7996594229
126356,2017-02-28,296490.8895615553
126356,2017-03-31,299485.98625653243
126356,2017-04-30,302276.29626361333
126356,2017-05-31,304687.48993309005
126356,2017-06-30,306737.669297779
126356,2017-07-31,308530.13843992894
126356,2017-08-31,310164.0000610989
126356,2017-09-30,311878.6827483382
126356,2017-10-31,313868.00914206804
126356,2017-11-30,316086.6193180844
126356,2017-12-31,318435.57761374844
126356,2018-01-31,320583.8562529527
126356,2018-02-28,322472.82608557417
126356,2018-03-31,324396.7205270971
126356,2018-04-30,326428.70333232795
126356,2018-05-31,328642.671755057
126356,2018-06-30,329663.46545856056
126356,2018-07-31,330344.85666981817
126356,2018-08-31,330726.40133396554
126356,2018-09-30,331705.061818918
126356,2018-10-31,332952.66023223154
126356,2018-11-30,334366.9840318512
126356,2018-12-31,335728.9108617933
126356,2019-01-31,336612.8025360535
126356,2019-02-28,337860.25713321794
126356,2019-03-31,339055.1887980614
126356,2019-04-30,340194.459602812
126356,2019-05-31,340142.9294636207
126356,2019-06-30,339997.08640438464
126356,2019-07-31,340199.04428930674
126356,2019-08-31,341077.01466874365
126356,2019-09-30,342179.78019372124
126356,2019-10-31,343365.499815807
126356,2019-11-30,344968.85011494294
126356,2019-12-31,347016.7912730348
126356,2020-01-31,349534.691712382
126356,2020-02-29,352466.62718751514
126356,2020-03-31,355645.3985322472
126356,2020-04-30,358405.0778874548
126356,2020-05-31,359418.41723011347
126356,2020-06-30,359393.61090096337
126356,2020-07-31,359333.7371599536
126356,2020-08-31,360813.59951509046
126356,2020-09-30,363524.5909525731
126356,2020-10-31,367085.4492467297
126356,2020-11-30,371911.906580071
126356,2020-12-31,377396.1120545885
126356,2021-01-31,383049.7139836586
126356,2021-02-28,388503.313321726
126356,2021-03-31,393753.58913793205
126356,2021-04-30,398952.9244758737
126356,2021-05-31,404484.3714411505
126356,2021-06-30,410525.3774230703
126356,2021-07-31,416190.2149389213
126356,2021-08-31,420042.12972776
126356,2021-09-30,421943.2056759006
126356,2021-10-31,423400.3169981004
126356,2021-11-30,426317.3143882076
126356,2021-12-31,431013.7776780892
126356,2022-01-31,440089.50257965503
126356,2022-02-28,452013.29714006296
126356,2022-03-31,466044.7277343984
126356,2022-04-30,478713.5122743237
126356,2022-05-31,488806.315997486
126356,2022-06-30,497811.1764160788
126356,2022-07-31,504757.915273736
126356,2022-08-31,510277.5280871904
126356,2022-09-30,512708.6098861265
126356,2022-10-31,514133.6452959367
126356,2022-11-30,515022.4887087367
126356,2022-12-31,516588.59897191817
126356,2023-01-31,517779.134821961
126356,2023-02-28,519223.74198962096
126356,2023-03-31,521332.2882039333
126356,2023-04-30,524795.1580447004
126356,2023-05-31,529124.183069654
126356,2023-06-30,534607.5384389701
126356,2023-07-31,540223.0164622886
126356,2023-08-31,546022.0772575464
126356,2023-09-30,550942.2531367037
126356,2023-10-31,555803.5336351317
126356,2023-11-30,560529.0142404068
126356,2023-12-31,564711.9615499263
126356,2024-01-31,568497.4810957693
126356,2024-02-29,572102.6860929512
126356,2024-03-31,576571.6842635168
126356,2024-04-30,581340.6152534451
126356,2024-05-31,586311.6511032145
126356,2024-06-30,589988.834545441
126356,2024-07-31,593611.1126505448
126356,2024-08-31,596281.8393708682
126356,2024-09-30,598515.0702806744
126356,2024-10-31,599515.122931748
126356,2024-11-30,600144.8457960038
126356,2024-12-31,601358.7407163462
126356,2025-01-31,602667.5977638265
126356,2025-02-28,603234.8358495134
126356,2025-03-31,602325.5346090852
126356,2025-04-30,600909.6691177945
126356,2025-05-31,599194.5549804972
126356,2025-06-30,597820.941873904
126356,2025-07-31,596099.9072446814
126356,2025-08-31,595364.2026707652
126356,2025-09-30,595695.3348747849
126356,2025-10-31,597779.6762801149
126356,2025-11-30,599725.5479766685
126356,2025-12-31,601795.395800615
126356,2026-01-31,603475.7499134884
126356,2026-02-28,605534.0184837916
126356,2026-03-31,606771.5315089598
126356,2026-04-30,606911.8885340544
126356,2026-05-31,606749.9651569888
126356,2026-06-30,606600.6903479164
126356,2026-07-31,606919.9008279963
126356,2026-08-31,607709.4413255885
127117,2016-09-30,119878.32087504164
127117,2016-10-31,121770.85485134284
127117,2016-11-30,124437.15366575272
127117,2016-12-31,127190.37776856648
127117,2017-01-31,130059.29482231008
127117,2017-02-28,133644.6075461847
127117,2017-03-31,137468.4984896057
127117,2017-04-30,140725.2067334708
127117,2017-05-31,143137.67480675236
127117,2017-06-30,145064.87265235392
127117,2017-07-31,147880.28169542932
127117,2017-08-31,150537.8214859775
127117,2017-09-30,153352.0885523144
127117,2017-10-31,155595.37713164627
127117,2017-11-30,158073.18995212382
127117,2017-12-31,161378.3354931187
127117,2018-01-31,164830.85869042794
127117,2018-02-28,167711.23071730247
127117,2018-03-31,170287.76730567895
127117,2018-04-30,172817.25477463796
127117,2018-05-31,176264.14326314325
127117,2018-06-30,178895.1186062342
127117,2018-07-31,180864.9951015939
127117,2018-08-31,181952.2339051871
127117,2018-09-30,183421.3701268621
127117,2018-10-31,184949.63385262224
127117,2018-11-30,187070.1361525336
127117,2018-12-31,189520.3089532243
127117,2019-01-31,192276.11841339583
127117,2019-02-28,194507.38412806464
127117,2019-03-31,195505.23729276223
127117,2019-04-30,195738.4803609425
127117,2019-05-31,195308.10882778364
127117,2019-06-30,195135.6068491556
127117,2019-07-31,195350.92266004765
127117,2019-08-31,195935.1154501841
127117,2019-09-30,196954.54844479167
127117,2019-10-31,197802.4416428575
127117,2019-11-30,198760.49733510552
127117,2019-12-31,199867.33470413493
127117,2020-01-31,202425.0968621675
127117,2020-02-29,205310.76665358653
127117,2020-03-31,207352.54059662632
127117,2020-04-30,207976.7178603038
127117,2020-05-31,207608.29864828163
127117,2020-06-30,207257.1509421172
127117,2020-07-31,207034.24036527323
127117,2020-08-31,207539.7907341929
127117,2020-09-30,209312.7158954579
127117,2020-10-31,211991.32985828145
127117,2020-11-30,215441.7665363315
127117,2020-12-31,219255.03251668296
127117,2021-01-31,223347.56507891623
127117,2021-02-28,228027.54990096076
127117,2021-03-31,233122.48055448697
127117,2021-04-30,238493.36830109503
127117,2021-05-31,243455.5990267382
127117,2021-06-30,247779.53742400915
127117,2021-07-31,250695.66798887576
127117,2021-08-31,252320.52193065392
127117,2021-09-30,253276.4969331816
127117,2021-10-31,254335.5436957404
127117,2021-11-30,256211.41746667496
127117,2021-12-31,258686.69090964468
127117,2022-01-31,264073.5036436345
127117,2022-02-28,270933.29241583456
127117,2022-03-31,278563.5237643118
127117,2022-04-30,285178.5770689472
127117,2022-05-31,290659.99208598275
127117,2022-06-30,295106.6513544246
127117,2022-07-31,297145.0825933353
127117,2022-08-31,297369.12097501423
127117,2022-09-30,296452.7116638637
127117,2022-10-31,295484.0310747949
127117,2022-11-30,294300.7211877369
127117,2022-12-31,292670.3766275888
127117,2023-01-31,290087.88203405985
127117,2023-02-28,288205.49610896205
127117,2023-03-31,286670.8609045893
127117,2023-04-30,286432.9553086323
127117,2023-05-31,285965.9777205076
127117,2023-06-30,285710.5981913975
127117,2023-07-31,285405.0096911153
127117,2023-08-31,285284.8323246527
127117,2023-09-30,284984.3754035318
127117,2023-10-31,285193.8956117921
127117,2023-11-30,285553.5677759776
127117,2023-12-31,286500.81244953466
127117,2024-01-31,286947.21029266086
127117,2024-02-29,287982.61656266334
127117,2024-03-31,289238.9372156109
127117,2024-04-30,290650.587232518
127117,2024-05-31,290490.20053936745
127117,2024-06-30,289459.094045522
127117,2024-07-31,288062.8082855712
127117,2024-08-31,287155.8340924469
127117,2024-09-30,286107.40937142563
127117,2024-10-31,284476.9435541565
127117,2024-11-30,283106.22034509643
127117,2024-12-31,281572.3993242679
127117,2025-01-31,279932.5137665053
127117,2025-02-28,277703.0649727794
127117,2025-03-31,274507.7818581238
127117,2025-04-30,270834.49178387184
127117,2025-05-31,266514.34255841374
127117,2025-06-30,262246.7802659376
127117,2025-07-31,258418.94492220425
127117,2025-08-31,255262.9197592923
127117,2025-09-30,252990.95741249935
127117,2025-10-31,250923.5070523415
127117,2025-11-30,249417.5006602413
127117,2025-12-31,248148.5034480869
127117,2026-01-31,246852.3836154434
127117,2026-02-28,246085.32058839092
127117,2026-03-31,245348.70819274877
127117,2026-04-30,245083.1990782837
127117,2026-05-31,244473.9715447313
127117,2026-06-30,244169.0072450942
127117,2026-07-31,244180.1312784875
127117,2026-08-31,244416.44889607627
130532,2016-09-30,356773.54934646934
130532,2016-10-31,358864.629588553
130532,2016-11-30,361491.3037327277
130532,2016-12-31,364847.3961264744
130532,2017-01-31,368545.2804763249
130532,2017-02-28,372364.1659346977
130532,2017-03-31,376221.1736854536
130532,2017-04-30,380303.23344285256
130532,2017-05-31,383767.6209799582
130532,2017-06-30,386287.93896147935
130532,2017-07-31,387858.22347202135
130532,2017-08-31,389206.5247201175
130532,2017-09-30,390582.838992462
130532,2017-10-31,392215.2982322709
130532,2017-11-30,393895.011026328
130532,2017-12-31,395494.3954448404
130532,2018-01-31,397208.2710574001
130532,2018-02-28,398432.5747112865
130532,2018-03-31,400395.22827154485
130532,2018-04-30,402054.7608827884
130532,2018-05-31,404901.6519661495
130532,2018-06-30,406686.6830667649
130532,2018-07-31,408124.4775013405
130532,2018-08-31,409081.1604768608
130532,2018-09-30,410015.9564700334
130532,2018-10-31,411008.5594772247
130532,2018-11-30,411979.6568256053
130532,2018-12-31,413588.5146273819
130532,2019-01-31,415012.86685385584
130532,2019-02-28,416099.9363732918
130532,2019-03-31,416603.3288430106
130532,2019-04-30,416817.0642794597
130532,2019-05-31,416033.6745828269
130532,2019-06-30,415319.8154065435
130532,2019-07-31,414845.2564677033
130532,2019-08-31,414168.0738544806
130532,2019-09-30,413103.46272253554
130532,2019-10-31,411881.4188794498
130532,2019-11-30,410834.7831279283
130532,2019-12-31,410255.8219591216
130532,2020-01-31,411217.1265093344
130532,2020-02-29,414034.0256530536
130532,2020-03-31,417671.3040554528
130532,2020-04-30,419762.24858572736
130532,2020-05-31,419688.363067166
130532,2020-06-30,418113.8890269212
130532,2020-07-31,417649.1956967264
130532,2020-08-31,419447.32772838447
130532,2020-09-30,423128.881753068
130532,2020-10-31,427538.35047428217
130532,2020-11-30,431533.6159413345
130532,2020-12-31,435223.2896074049
130532,2021-01-31,438443.3026001732
130532,2021-02-28,442497.0869821804
130532,2021-03-31,446868.5400653047
130532,2021-04-30,451124.634537853
130532,2021-05-31,455106.13193130895
130532,2021-06-30,459504.83071922447
130532,2021-07-31,462880.89640397066
130532,2021-08-31,465197.66865454987
130532,2021-09-30,466192.923530352
130532,2021-10-31,467881.1637750521
130532,2021-11-30,470555.32376783295
130532,2021-12-31,474373.9645688797
130532,2022-01-31,480278.0207799964
130532,2022-02-28,486816.9673142327
130532,2022-03-31,494764.91283140815
130532,2022-04-30,502532.1447842128
130532,2022-05-31,510197.2294646697
130532,2022-06-30,515955.8461018202
130532,2022-07-31,518694.8066324552
130532,2022-08-31,518667.3475781263
130532,2022-09-30,516266.6838532326
130532,2022-10-31,514925.8606482411
130532,2022-11-30,513792.8893818341
130532,2022-12-31,512894.1997488705
130532,2023-01-31,510702.0702075889
130532,2023-02-28,509034.4196275714
130532,2023-03-31,509401.420961566
130532,2023-04-30,511977.0752097608
130532,2023-05-31,516168.8529740058
130532,2023-06-30,520498.62206732697
130532,2023-07-31,524660.1183249714
130532,2023-08-31,528839.5478895372
130532,2023-09-30,532930.3726801043
130532,2023-10-31,536967.3928634049
130532,2023-11-30,539769.1022406333
130532,2023-12-31,541121.907814635
130532,2024-01-31,541491.8873480842
130532,2024-02-29,543088.1548828871
130532,2024-03-31,546554.3122140657
130532,2024-04-30,550096.7090189713
130532,2024-05-31,551967.2123714254
130532,2024-06-30,551797.1524678343
130532,2024-07-31,551376.1276054886
130532,2024-08-31,550513.8535813655
130532,2024-09-30,550595.0137863023
130532,2024-10-31,550911.8834367637
130532,2024-11-30,551519.2018643166
130532,2024-12-31,552050.2248677033
130532,2025-01-31,551777.199587476
130532,2025-02-28,551931.2376751006
130532,2025-03-31,550873.3844690465
130532,2025-04-30,550046.5484413871
130532,2025-05-31,548371.6703206878
130532,2025-06-30,547020.8399670598
130532,2025-07-31,545426.8358124363
130532,2025-08-31,544736.6817950993
130532,2025-09-30,545804.4419503395
130532,2025-10-31,548526.719896536
130532,2025-11-30,551836.8732524613
130532,2025-12-31,553894.2843021682
130532,2026-01-31,555147.8588854736
130532,2026-02-28,555172.0517506078
130532,2026-03-31,554801.2664175859
130532,2026-04-30,554277.4603407438
130532,2026-05-31,553970.3990273803
130532,2026-06-30,554347.6847950125
130532,2026-07-31,554889.3224242498
130532,2026-08-31,555887.4342445886
154399,2016-09-30,419061.2665614664
154399,2016-10-31,425543.27064810414
154399,2016-11-30,433613.4244021892
154399,2016-12-31,440793.8389398581
154399,2017-01-31,445861.56011845
154399,2017-02-28,448682.3853525251
154399,2017-03-31,451431.84291460994
154399,2017-04-30,456386.1970141746
154399,2017-05-31,462351.8313232758
154399,2017-06-30,467699.1916066953
154399,2017-07-31,471955.0752986673
154399,2017-08-31,475411.22757654864
154399,2017-09-30,478847.5653877402
154399,2017-10-31,481593.4809477937
154399,2017-11-30,483735.4837125338
154399,2017-12-31,486429.38424340513
154399,2018-01-31,489314.0200384751
154399,2018-02-28,494033.1958043836
154399,2018-03-31,499517.2154885843
154399,2018-04-30,507496.4227792418
154399,2018-05-31,515236.18520726194
154399,2018-06-30,521236.6239721921
154399,2018-07-31,524402.9529368895
154399,2018-08-31,526362.6175707537
154399,2018-09-30,528799.7640799904
154399,2018-10-31,532017.2313040567
154399,2018-11-30,536606.5609037612
154399,2018-12-31,540071.1112071037
154399,2019-01-31,542083.7204417434
154399,2019-02-28,541387.4309321778
154399,2019-03-31,540170.8313396522
154399,2019-04-30,540198.1371824628
154399,2019-05-31,540332.7125199357
154399,2019-06-30,541737.1966391859
154399,2019-07-31,542003.4934525951
154399,2019-08-31,542040.2731637993
154399,2019-09-30,541935.3816207397
154399,2019-10-31,543143.1423203723
154399,2019-11-30,545539.7122563209
154399,2019-12-31,547375.5214917464
154399,2020-01-31,549942.1992828385
154399,2020-02-29,552207.0713401678
154399,2020-03-31,555302.0440311678
154399,2020-04-30,557542.9436062061
154399,2020-05-31,560323.0794956669
154399,2020-06-30,561430.931536754
154399,2020-07-31,561627.2096648536
154399,2020-08-31,561318.6381076757
154399,2020-09-30,562982.0266745458
154399,2020-10-31,566139.8973271213
154399,2020-11-30,570865.6301655583
154399,2020-12-31,575219.8404017239
154399,2021-01-31,578555.2453131975
154399,2021-02-28,582329.591818766
154399,2021-03-31,585955.2106893224
154399,2021-04-30,589385.6485510208
154399,2021-05-31,590858.5528703238
154399,2021-06-30,591539.5076759324
154399,2021-07-31,594501.5159824187
154399,2021-08-31,600033.7766654105
154399,2021-09-30,607409.1990799148
154399,2021-10-31,614322.2028045504
154399,2021-11-30,619881.9704207338
154399,2021-12-31,623742.3483663872
154399,2022-01-31,625292.0968983154
154399,2022-02-28,626638.3768974306
154399,2022-03-31,629031.6585904673
154399,2022-04-30,632656.9963140343
154399,2022-05-31,636347.4701092967
154399,2022-06-30,638633.6697457564
154399,2022-07-31,637094.6442927829
154399,2022-08-31,632176.3734033682
154399,2022-09-30,624507.922378085
154399,2022-10-31,618853.2128178122
154399,2022-11-30,615391.7548481136
154399,2022-12-31,614106.6443563154
154399,2023-01-31,612473.0014721239
154399,2023-02-28,610232.0626589889
154399,2023-03-31,609893.047805858
154399,2023-04-30,612096.2476465204
154399,2023-05-31,616797.2476539557
154399,2023-06-30,620127.9339098511
154399,2023-07-31,622890.6583075993
154399,2023-08-31,624579.8003562492
154399,2023-09-30,625820.9386972163
154399,2023-10-31,625561.5721919611
154399,2023-11-30,623635.2828626722
154399,2023-12-31,622840.7471435351
154399,2024-01-31,625212.3425436347
154399,2024-02-29,630681.9135796828
154399,2024-03-31,638249.147262728
154399,2024-04-30,644547.8812448025
154399,2024-05-31,649160.3852386848
154399,2024-06-30,650991.2252482089
154399,2024-07-31,652199.5632689474
154399,2024-08-31,653991.6434245132
154399,2024-09-30,655792.7365696175
154399,2024-10-31,657129.8146044584
154399,2024-11-30,657397.1865011944
154399,2024-12-31,657530.5752325031
154399,2025-01-31,658207.2096053512
154399,2025-02-28,660612.3761022765
154399,2025-03-31,662959.5940715031
154399,2025-04-30,664941.8797725086
154399,2025-05-31,663809.910579281
154399,2025-06-30,661977.490951172
154399,2025-07-31,658712.8201445836
154399,2025-08-31,656795.5811406375
154399,2025-09-30,656173.1167684837
154399,2025-10-31,657945.2826447886
154399,2025-11-30,660494.3268979188
154399,2025-12-31,663104.7507615213
154399,2026-01-31,665323.8330753689
154399,2026-02-28,666768.8676262612
154399,2026-03-31,667847.7262278199
154399,2026-04-30,666306.2716196805
154399,2026-05-31,663738.6890361818
154399,2026-06-30,659770.9175389697
154399,2026-07-31,657157.7757893993
154399,2026-08-31,654892.4713247725
154775,2016-09-30,386827.8104081637
154775,2016-10-31,388502.1440419022
154775,2016-11-30,391823.2620674081
154775,2016-12-31,395564.2642532514
154775,2017-01-31,398824.8663066213
154775,2017-02-28,400623.3641590965
154775,2017-03-31,403520.39550266624
154775,2017-04-30,407450.9687442163
154775,2017-05-31,412297.0313908062
154775,2017-06-30,415975.1818724997
154775,2017-07-31,418698.9083274018
154775,2017-08-31,420414.4076800667
154775,2017-09-30,421843.06546325417
154775,2017-10-31,423042.1571261566
154775,2017-11-30,424567.94563889975
154775,2017-12-31,426532.1582165501
154775,2018-01-31,429040.0737420073
154775,2018-02-28,431845.5535948209
154775,2018-03-31,435664.972950961
154775,2018-04-30,439636.7958800078
154775,2018-05-31,443756.3689984156
154775,2018-06-30,446673.49028498656
154775,2018-07-31,449329.2689054135
154775,2018-08-31,451553.3730160836
154775,2018-09-30,453810.93202389166
154775,2018-10-31,455521.6722235582
154775,2018-11-30,457803.200365226
154775,2018-12-31,459699.6272362587
154775,2019-01-31,461315.9790009461
154775,2019-02-28,462162.2970747819
154775,2019-03-31,463447.7401421685
154775,2019-04-30,464979.2103527032
154775,2019-05-31,466287.6835969319
154775,2019-06-30,466954.2059191052
154775,2019-07-31,467451.4784383688
154775,2019-08-31,468465.3880959316
154775,2019-09-30,470167.62033187255
154775,2019-10-31,472370.869634849
154775,2019-11-30,474722.2158276924
154775,2019-12-31,476651.7520159047
154775,2020-01-31,479829.12097150896
154775,2020-02-29,482729.3434999791
154775,2020-03-31,486037.3634484038
154775,2020-04-30,487883.0730230771
154775,2020-05-31,490309.67808439495
154775,2020-06-30,492092.4180525996
154775,2020-07-31,494422.2607763724
154775,2020-08-31,497716.8134810265
154775,2020-09-30,503231.4649726976
154775,2020-10-31,510923.8555413381
154775,2020-11-30,519398.223468588
154775,2020-12-31,527692.4280456486
154775,2021-01-31,534320.0834079118
154775,2021-02-28,540396.7617602294
154775,2021-03-31,546445.5044507994
154775,2021-04-30,552333.054165284
154775,2021-05-31,557322.5736885095
154775,2021-06-30,561642.431527242
154775,2021-07-31,564452.6960386471
154775,2021-08-31,564502.3165402344
154775,2021-09-30,561479.025591659
154775,2021-10-31,557938.0912754545
154775,2021-11-30,555390.6708472593
154775,2021-12-31,554769.8776635436
154775,2022-01-31,558319.7429741843
154775,2022-02-28,566525.2734940001
154775,2022-03-31,578026.9539020946
154775,2022-04-30,588032.9959794992
154775,2022-05-31,595774.4935946773
154775,2022-06-30,600411.1903490502
154775,2022-07-31,601258.0907082991
154775,2022-08-31,597955.1904474219
154775,2022-09-30,591655.9446943093
154775,2022-10-31,586077.2132499076
154775,2022-11-30,582002.5040900711
154775,2022-12-31,579218.849313724
154775,2023-01-31,576333.3917968901
154775,2023-02-28,573675.30642808
154775,2023-03-31,573059.5508938233
154775,2023-04-30,575914.5169220507
154775,2023-05-31,580923.7674571826
154775,2023-06-30,585557.843135391
154775,2023-07-31,589421.3891274448
154775,2023-08-31,593351.5605128871
154775,2023-09-30,596661.0696393768
154775,2023-10-31,599006.8789923934
154775,2023-11-30,600208.8756213469
154775,2023-12-31,602555.946735805
154775,2024-01-31,605285.2362409718
154775,2024-02-29,609498.730187199
154775,2024-03-31,614603.7190364408
154775,2024-04-30,620506.3553136523
154775,2024-05-31,624876.6456099091
154775,2024-06-30,627383.842251077
154775,2024-07-31,629493.2147133519
154775,2024-08-31,632014.7761753745
154775,2024-09-30,634529.8654560674
154775,2024-10-31,636243.897374188
154775,2024-11-30,638081.609772306
154775,2024-12-31,640227.6669154643
154775,2025-01-31,641665.722840707
154775,2025-02-28,642414.7786653202
154775,2025-03-31,642623.3888790744
154775,2025-04-30,642749.3424697514
154775,2025-05-31,641599.0031266378
154775,2025-06-30,639975.9621015474
154775,2025-07-31,638870.0173331389
154775,2025-08-31,638755.3724155462
154775,2025-09-30,640236.5947768077
154775,2025-10-31,642620.7678154442
154775,2025-11-30,645196.2051043682
154775,2025-12-31,647615.5705500307
154775,2026-01-31,649931.8335269798
154775,2026-02-28,651879.4025252464
154775,2026-03-31,652665.4929885241
154775,2026-04-30,651773.3320485534
154775,2026-05-31,650020.1206971593
154775,2026-06-30,647780.6590831004
154775,2026-07-31,646469.1609629296
154775,2026-08-31,646356.1094619954
154795,2016-09-30,577450.2355916888
154795,2016-10-31,579573.7747056732
154795,2016-11-30,583995.594403271
154795,2016-12-31,589290.030552935
154795,2017-01-31,593231.2578370046
154795,2017-02-28,596074.7647393133
154795,2017-03-31,599770.742898358
154795,2017-04-30,605638.2347184386
154795,2017-05-31,611601.3487875058
154795,2017-06-30,617288.8657170461
154795,2017-07-31,622298.0142996148
154795,2017-08-31,625900.0648658251
154795,2017-09-30,628364.5332602969
154795,2017-10-31,628914.1976000222
154795,2017-11-30,629515.5637142797
154795,2017-12-31,630436.117756362
154795,2018-01-31,632521.4977409187
154795,2018-02-28,635564.7362910976
154795,2018-03-31,640067.0404013912
154795,2018-04-30,645374.799795048
154795,2018-05-31,651055.2143488906
154795,2018-06-30,654748.6034364802
154795,2018-07-31,656901.0745500807
154795,2018-08-31,657918.0296097057
154795,2018-09-30,658716.9768337224
154795,2018-10-31,659439.6179362457
154795,2018-11-30,660328.4404692864
154795,2018-12-31,660752.3700576071
154795,2019-01-31,660420.081337538
154795,2019-02-28,659075.9100107247
154795,2019-03-31,658590.2946159608
154795,2019-04-30,659976.6187870082
154795,2019-05-31,661199.9061165487
154795,2019-06-30,662614.6314831907
154795,2019-07-31,662744.2366551259
154795,2019-08-31,662595.3783004205
154795,2019-09-30,661452.6518603637
154795,2019-10-31,661556.9871471454
154795,2019-11-30,662529.7897410848
154795,2019-12-31,663213.2234299505
154795,2020-01-31,664981.242684781
154795,2020-02-29,666795.6275066831
154795,2020-03-31,669585.0376338782
154795,2020-04-30,671002.3784925779
154795,2020-05-31,672657.6919582976
154795,2020-06-30,673569.3431772481
154795,2020-07-31,674237.9382486955
154795,2020-08-31,675501.1008502309
154795,2020-09-30,679197.3563257154
154795,2020-10-31,684346.7991823691
154795,2020-11-30,690501.4855059668
154795,2020-12-31,695699.0963323034
154795,2021-01-31,699065.7784607086
154795,2021-02-28,702271.9843602955
154795,2021-03-31,705754.7372866286
154795,2021-04-30,710639.2242033174
154795,2021-05-31,716077.0289750178
154795,2021-06-30,720859.9000769955
154795,2021-07-31,726799.4536580471
154795,2021-08-31,733036.5502433426
154795,2021-09-30,738865.1136764195
154795,2021-10-31,743646.9266947709
154795,2021-11-30,747067.3216009095
154795,2021-12-31,750316.2603682219
154795,2022-01-31,751043.783045697
154795,2022-02-28,752180.7979188181
154795,2022-03-31,755317.5610274649
154795,2022-04-30,760917.7678749431
154795,2022-05-31,766914.2839179359
154795,2022-06-30,771720.0115419278
154795,2022-07-31,772812.2643218805
154795,2022-08-31,768869.8545733095
154795,2022-09-30,760522.873223358
154795,2022-10-31,752836.2828871434
154795,2022-11-30,747770.9028623464
154795,2022-12-31,745163.3131768241
154795,2023-01-31,741987.330436227
154795,2023-02-28,739014.381988224
154795,2023-03-31,737970.2384608779
154795,2023-04-30,741394.1790203532
154795,2023-05-31,747131.9678121215
154795,2023-06-30,752316.6438556412
154795,2023-07-31,756300.8711246493
154795,2023-08-31,759285.7061751517
154795,2023-09-30,760900.100245602
154795,2023-10-31,760109.6337883464
154795,2023-11-30,757762.8822900156
154795,2023-12-31,755479.3596008416
154795,2024-01-31,756410.950367351
154795,2024-02-29,759295.5805043994
154795,2024-03-31,765801.0869411939
154795,2024-04-30,772425.0658691941
154795,2024-05-31,777582.4834445507
154795,2024-06-30,779160.1185984801
154795,2024-07-31,779464.9889877777
154795,2024-08-31,780157.5482732387
154795,2024-09-30,781438.8246736433
154795,2024-10-31,781813.5429043891
154795,2024-11-30,782273.88707749
154795,2024-12-31,784413.3165550339
154795,2025-01-31,788503.2150814651
154795,2025-02-28,794125.1939097297
154795,2025-03-31,797538.8777519669
154795,2025-04-30,798951.470961893
154795,2025-05-31,796503.2943064278
154795,2025-06-30,793412.5468826765
154795,2025-07-31,789433.2657715281
154795,2025-08-31,787082.9388167042
154795,2025-09-30,786753.2222127988
154795,2025-10-31,788255.0068676643
154795,2025-11-30,790850.6410645847
154795,2025-12-31,792551.0404209882
154795,2026-01-31,796130.229021191
154795,2026-02-28,799378.5447923653
154795,2026-03-31,803025.6673664184
154795,2026-04-30,803264.2568346895
154795,2026-05-31,802016.8259324353
154795,2026-06-30,799304.8197636758
154795,2026-07-31,796526.7562965453
154795,2026-08-31,793644.4894767179
154970,2016-09-30,352496.3427453263
154970,2016-10-31,355679.7037562148
154970,2016-11-30,360864.52206846565
154970,2016-12-31,365265.4131633025
154970,2017-01-31,368937.857366883
154970,2017-02-28,370732.28385964566
154970,2017-03-31,372927.9773956216
154970,2017-04-30,374952.0794130935
154970,2017-05-31,376915.9680227482
154970,2017-06-30,379377.3666694975
154970,2017-07-31,382579.2796826241
154970,2017-08-31,386321.07315228303
154970,2017-09-30,389908.7393448696
154970,2017-10-31,392129.777634558
154970,2017-11-30,394634.66471723
154970,2017-12-31,397884.351651784
154970,2018-01-31,402293.1311629638
154970,2018-02-28,407215.27131566335
154970,2018-03-31,411451.9319224317
154970,2018-04-30,415451.6025347233
154970,2018-05-31,418519.5587603457
154970,2018-06-30,420282.1987704923
154970,2018-07-31,421209.2607572547
154970,2018-08-31,421981.31609123247
154970,2018-09-30,423760.8588821972
154970,2018-10-31,425319.8366122164
154970,2018-11-30,426749.0720543298
154970,2018-12-31,427300.64223176456
154970,2019-01-31,427645.3733459544
154970,2019-02-28,427423.5226171995
154970,2019-03-31,428983.8233917418
154970,2019-04-30,431186.4210403801
154970,2019-05-31,433310.686208261
154970,2019-06-30,433715.27067185147
154970,2019-07-31,433924.0472221815
154970,2019-08-31,434868.4844136525
154970,2019-09-30,436472.8815537764
154970,2019-10-31,438738.348236558
154970,2019-11-30,441204.33393023256
154970,2019-12-31,443872.3093287352
154970,2020-01-31,448818.07917407085
154970,2020-02-29,453766.7785406815
154970,2020-03-31,458661.5926126809
154970,2020-04-30,460566.421556182
154970,2020-05-31,462449.86705949256
154970,2020-06-30,463073.0432567166
154970,2020-07-31,464397.8930377295
154970,2020-08-31,466635.1513640661
154970,2020-09-30,471759.21024774393
154970,2020-10-31,479309.7036811858
154970,2020-11-30,488456.0891133258
154970,2020-12-31,496617.3712047708
154970,2021-01-31,502758.116748669
154970,2021-02-28,507297.1903265193
154970,2021-03-31,512533.5744120962
154970,2021-04-30,517496.624809124
154970,2021-05-31,522314.4277911456
154970,2021-06-30,525777.3663673257
154970,2021-07-31,527835.4205371105
154970,2021-08-31,527329.413896422
154970,2021-09-30,524341.5782428656
154970,2021-10-31,520965.0027147105
154970,2021-11-30,518353.6427105378
154970,2021-12-31,516859.858855533
154970,2022-01-31,520027.6902077047
154970,2022-02-28,528318.9997872899
154970,2022-03-31,541053.2508232273
154970,2022-04-30,551932.0883977563
154970,2022-05-31,560318.0910764328
154970,2022-06-30,565003.0325207482
154970,2022-07-31,566114.8904023852
154970,2022-08-31,563001.2238922458
154970,2022-09-30,557415.3898631005
154970,2022-10-31,552534.3595701532
154970,2022-11-30,549128.5315602324
154970,2022-12-31,546684.7855482135
154970,2023-01-31,544116.549093953
154970,2023-02-28,541517.1570702437
154970,2023-03-31,541197.448804448
154970,2023-04-30,544234.1091072924
154970,2023-05-31,549243.4792878025
154970,2023-06-30,553556.9444539954
154970,2023-07-31,556603.7305342435
154970,2023-08-31,559479.7069950729
154970,2023-09-30,561916.0820260355
154970,2023-10-31,564375.2170806323
154970,2023-11-30,566544.5027572336
154970,2023-12-31,569497.7329445662
154970,2024-01-31,572184.2368407069
154970,2024-02-29,575790.3716978543
154970,2024-03-31,580497.5303541935
154970,2024-04-30,586368.2695913949
154970,2024-05-31,590909.3214205544
154970,2024-06-30,593554.583306936
154970,2024-07-31,595050.1083607456
154970,2024-08-31,596297.285755355
154970,2024-09-30,597715.327131302
154970,2024-10-31,598575.0939601106
154970,2024-11-30,600172.9016502077
154970,2024-12-31,602659.0223908596
154970,2025-01-31,605519.5367403222
154970,2025-02-28,608073.4577934243
154970,2025-03-31,608882.4030511453
154970,2025-04-30,608320.3472147327
154970,2025-05-31,605367.7079037015
154970,2025-06-30,602356.4735027972
154970,2025-07-31,600182.8930924452
154970,2025-08-31,599616.7431660398
154970,2025-09-30,599971.0969696873
154970,2025-10-31,600559.0210466107
154970,2025-11-30,601101.1711947178
154970,2025-12-31,602090.393995473
154970,2026-01-31,603281.6251619594
154970,2026-02-28,603901.8574265247
154970,2026-03-31,602779.1816859412
154970,2026-04-30,600359.4353336309
154970,2026-05-31,597883.7963061057
154970,2026-06-30,595781.6771463649
154970,2026-07-31,594888.0724045009
154970,2026-08-31,594939.8386085822
155506,2016-09-30,464778.9928988148
155506,2016-10-31,467326.0634599266
155506,2016-11-30,472040.5410838823
155506,2016-12-31,476729.8869092423
155506,2017-01-31,480566.80936277006
155506,2017-02-28,482743.1391668784
155506,2017-03-31,486259.9732041392
155506,2017-04-30,490906.7811109452
155506,2017-05-31,496478.6475698625
155506,2017-06-30,501683.1075406895
155506,2017-07-31,506256.49220298295
155506,2017-08-31,510024.04377298016
155506,2017-09-30,513539.6269678366
155506,2017-10-31,516293.18334666296
155506,2017-11-30,519207.3081990374
155506,2017-12-31,522115.9376170877
155506,2018-01-31,525524.8241105786
155506,2018-02-28,528922.488280103
155506,2018-03-31,532823.650543767
155506,2018-04-30,537278.5875054019
155506,2018-05-31,541954.0712809655
155506,2018-06-30,545392.9384043163
155506,2018-07-31,548202.5039260791
155506,2018-08-31,550767.2882235046
155506,2018-09-30,553257.8998755877
155506,2018-10-31,554826.8844237211
155506,2018-11-30,556770.1093390802
155506,2018-12-31,557971.3266900461
155506,2019-01-31,558752.9638303312
155506,2019-02-28,558323.9320186875
155506,2019-03-31,560111.2322446482
155506,2019-04-30,562925.8565994051
155506,2019-05-31,565050.1021752842
155506,2019-06-30,565331.328976437
155506,2019-07-31,564964.0021773776
155506,2019-08-31,565003.1753264187
155506,2019-09-30,564691.2131763286
155506,2019-10-31,565483.5314712537
155506,2019-11-30,566863.3469378166
155506,2019-12-31,568579.6053990562
155506,2020-01-31,571288.1042123808
155506,2020-02-29,573836.2538938118
155506,2020-03-31,576539.4582086733
155506,2020-04-30,577903.28495915
155506,2020-05-31,579645.6430318222
155506,2020-06-30,580833.6956374513
155506,2020-07-31,582271.9597391547
155506,2020-08-31,585169.2914996077
155506,2020-09-30,591031.627398558
155506,2020-10-31,599066.3341380585
155506,2020-11-30,608125.4242032343
155506,2020-12-31,616365.897778202
155506,2021-01-31,622612.1176674721
155506,2021-02-28,628299.0643066476
155506,2021-03-31,634304.2549575293
155506,2021-04-30,640956.7965036834
155506,2021-05-31,647340.960323642
155506,2021-06-30,652211.7672226912
155506,2021-07-31,655035.1994953812
155506,2021-08-31,655579.3358885436
155506,2021-09-30,654950.9469724147
155506,2021-10-31,654781.2279011217
155506,2021-11-30,654768.8391681872
155506,2021-12-31,655425.7357573628
155506,2022-01-31,658815.2118631426
155506,2022-02-28,666410.1962845434
155506,2022-03-31,676640.2636886752
155506,2022-04-30,685966.0018607408
155506,2022-05-31,693529.3923622622
155506,2022-06-30,698608.267566396
155506,2022-07-31,699181.4469614964
155506,2022-08-31,693992.1324145491
155506,2022-09-30,685065.1429682764
155506,2022-10-31,677246.3797047607
155506,2022-11-30,672188.2857901059
155506,2022-12-31,669176.5900723912
155506,2023-01-31,665966.4661900284
155506,2023-02-28,662697.2217787894
155506,2023-03-31,661185.774001303
155506,2023-04-30,663347.8657146388
155506,2023-05-31,668169.2446584931
155506,2023-06-30,673737.0274090697
155506,2023-07-31,679234.970773524
155506,2023-08-31,684705.7853009135
155506,2023-09-30,689409.9225346859
155506,2023-10-31,692761.944423911
155506,2023-11-30,695007.0033380027
155506,2023-12-31,697665.2593611433
155506,2024-01-31,701567.3776367479
155506,2024-02-29,707039.5120257962
155506,2024-03-31,714143.324650382
155506,2024-04-30,721208.7909750706
155506,2024-05-31,726116.7562997869
155506,2024-06-30,728072.0743408576
155506,2024-07-31,729288.5507193329
155506,2024-08-31,731109.3487566487
155506,2024-09-30,733186.6730437981
155506,2024-10-31,734312.9380214041
155506,2024-11-30,735365.6112554426
155506,2024-12-31,737514.3184387814
155506,2025-01-31,739761.3806264246
155506,2025-02-28,741612.2307471064
155506,2025-03-31,741757.5652413489
155506,2025-04-30,741022.6989714807
155506,2025-05-31,738430.0804427447
155506,2025-06-30,734993.0660854344
155506,2025-07-31,731135.8456916768
155506,2025-08-31,728248.3373101024
155506,2025-09-30,727445.6344392756
155506,2025-10-31,728409.4509907201
155506,2025-11-30,730332.731903092
155506,2025-12-31,731876.2856600172
155506,2026-01-31,733678.2290187116
155506,2026-02-28,734267.0219869345
155506,2026-03-31,734077.4836332542
155506,2026-04-30,730964.575092171
155506,2026-05-31,727455.5868654242
155506,2026-06-30,723698.7349739103
155506,2026-07-31,722102.1308527146
155506,2026-08-31,721378.1638295533
155633,2016-09-30,654752.5409889147
155633,2016-10-31,658006.0736781494
155633,2016-11-30,663142.1465401397
155633,2016-12-31,668939.1169439686
155633,2017-01-31,673331.0401428927
155633,2017-02-28,676704.7515640237
155633,2017-03-31,681510.7471953915
155633,2017-04-30,688882.3938394418
155633,2017-05-31,696444.6271958308
155633,2017-06-30,704559.0677172226
155633,2017-07-31,711888.4466958862
155633,2017-08-31,717994.4421729521
155633,2017-09-30,722448.0874192406
155633,2017-10-31,724972.2080899071
155633,2017-11-30,727195.7932868669
155633,2017-12-31,729688.2168639656
155633,2018-01-31,733198.6434086459
155633,2018-02-28,737382.6502840174
155633,2018-03-31,743150.0333584701
155633,2018-04-30,750835.0118524889
155633,2018-05-31,760180.7080441155
155633,2018-06-30,767101.9785083327
155633,2018-07-31,772030.4727435685
155633,2018-08-31,774901.2439806847
155633,2018-09-30,777916.2021009312
155633,2018-10-31,779951.6113458158
155633,2018-11-30,782357.0561128935
155633,2018-12-31,783372.2579063048
155633,2019-01-31,784307.3205482229
155633,2019-02-28,783561.210980967
155633,2019-03-31,783811.2208583642
155633,2019-04-30,785327.8027680283
155633,2019-05-31,786346.937753525
155633,2019-06-30,787350.2763205068
155633,2019-07-31,786874.9049240552
155633,2019-08-31,786564.3574531762
155633,2019-09-30,785269.955389062
155633,2019-10-31,785422.2842807784
155633,2019-11-30,785987.6495907678
155633,2019-12-31,786055.5723466842
155633,2020-01-31,786786.75335513
155633,2020-02-29,788589.1994906925
155633,2020-03-31,791779.4784019738
155633,2020-04-30,794200.9035175457
155633,2020-05-31,796860.9720656682
155633,2020-06-30,798544.7884959895
155633,2020-07-31,799147.719771564
155633,2020-08-31,798695.220093423
155633,2020-09-30,799582.6917658172
155633,2020-10-31,801759.786104402
155633,2020-11-30,805257.2736641908
155633,2020-12-31,808611.375854194
155633,2021-01-31,811660.5161485216
155633,2021-02-28,815412.9990244413
155633,2021-03-31,818766.9908800946
155633,2021-04-30,821316.3411121218
155633,2021-05-31,823513.4285259307
155633,2021-06-30,825670.9830516918
155633,2021-07-31,830619.8695105988
155633,2021-08-31,838092.7229306394
155633,2021-09-30,846810.3795970784
155633,2021-10-31,855009.0233955829
155633,2021-11-30,862069.8718369048
155633,2021-12-31,868687.6711072394
155633,2022-01-31,871881.1249002985
155633,2022-02-28,873975.3554636709
155633,2022-03-31,876644.0152792336
155633,2022-04-30,882107.0937054316
155633,2022-05-31,887989.3212804142
155633,2022-06-30,892556.6557757034
155633,2022-07-31,892012.0110608223
155633,2022-08-31,885606.1441816614
155633,2022-09-30,874400.6121545521
155633,2022-10-31,865049.7972771772
155633,2022-11-30,859682.5663740722
155633,2022-12-31,857490.9750637511
155633,2023-01-31,855481.9242413052
155633,2023-02-28,853792.9557210113
155633,2023-03-31,853685.6647764076
155633,2023-04-30,856624.1561331925
155633,2023-05-31,860815.2141452612
155633,2023-06-30,865361.8262644885
155633,2023-07-31,869005.7493989664
155633,2023-08-31,871393.0663334195
155633,2023-09-30,872320.8307847282
155633,2023-10-31,872111.3139940012
155633,2023-11-30,871015.034869243
155633,2023-12-31,869419.4157403816
155633,2024-01-31,869711.5791380793
155633,2024-02-29,872879.1409210544
155633,2024-03-31,880665.42558975
155633,2024-04-30,888998.5957111764
155633,2024-05-31,894781.4792657819
155633,2024-06-30,895626.4790046577
155633,2024-07-31,894722.257526841
155633,2024-08-31,893692.6751987891
155633,2024-09-30,893829.7755768931
155633,2024-10-31,893085.2488263124
155633,2024-11-30,892496.238180709
155633,2024-12-31,893023.409704184
155633,2025-01-31,894819.9018130327
155633,2025-02-28,898019.0510432478
155633,2025-03-31,899925.8656536242
155633,2025-04-30,900139.0117434609
155633,2025-05-31,897530.0932177138
155633,2025-06-30,893683.2256059948
155633,2025-07-31,889837.7407416478
155633,2025-08-31,887076.2580704094
155633,2025-09-30,886934.7796612744
155633,2025-10-31,889219.8508339523
155633,2025-11-30,891412.9895171124
155633,2025-12-31,892220.4904533831
155633,2026-01-31,892507.4830680891
155633,2026-02-28,894496.6661185477
155633,2026-03-31,897457.2930055042
155633,2026-04-30,898039.0596117991
155633,2026-05-31,895255.5923675724
155633,2026-06-30,891235.0567744946
155633,2026-07-31,888978.3045919692
155633,2026-08-31,888266.616151411
155995,2016-09-30,497974.0791838381
155995,2016-10-31,499602.2455492455
155995,2016-11-30,502909.68727266206
155995,2016-12-31,506557.7952319544
155995,2017-01-31,509665.9761682866
155995,2017-02-28,511896.0242868155
155995,2017-03-31,515706.1853690001
155995,2017-04-30,521146.9822153612
155995,2017-05-31,526974.1773600451
155995,2017-06-30,531995.3464198663
155995,2017-07-31,535889.682544292
155995,2017-08-31,539110.5124890045
155995,2017-09-30,541901.0288843773
155995,2017-10-31,543893.0285185272
155995,2017-11-30,545623.1421194901
155995,2017-12-31,547014.0099400377
155995,2018-01-31,549210.1746887282
155995,2018-02-28,552484.8403913238
155995,2018-03-31,556388.8040465176
155995,2018-04-30,559930.5111194405
155995,2018-05-31,563275.6132655416
155995,2018-06-30,565627.3284100528
155995,2018-07-31,568286.7473952539
155995,2018-08-31,570597.1933915624
155995,2018-09-30,572579.403190879
155995,2018-10-31,573511.9011373649
155995,2018-11-30,573929.7325545048
155995,2018-12-31,573852.0527960764
155995,2019-01-31,573375.6738373992
155995,2019-02-28,572397.5427345278
155995,2019-03-31,572293.849960599
155995,2019-04-30,573735.1835326175
155995,2019-05-31,575247.4621299141
155995,2019-06-30,576911.7125520239
155995,2019-07-31,577814.0229304734
155995,2019-08-31,578600.1110504458
155995,2019-09-30,578972.2215938306
155995,2019-10-31,580162.1505861159
155995,2019-11-30,581625.2738358314
155995,2019-12-31,583019.4805098969
155995,2020-01-31,584734.1540491814
155995,2020-02-29,587096.8045484336
155995,2020-03-31,590306.5709492782
155995,2020-04-30,592797.4235764015
155995,2020-05-31,595828.4609032458
155995,2020-06-30,597976.118908693
155995,2020-07-31,600909.7764582117
155995,2020-08-31,604966.3857169073
155995,2020-09-30,611840.9915503304
155995,2020-10-31,620389.5802825544
155995,2020-11-30,629643.5723489467
155995,2020-12-31,637989.7275717491
155995,2021-01-31,644262.1132597692
155995,2021-02-28,649776.5275674234
155995,2021-03-31,655660.7428266524
155995,2021-04-30,662813.7292049153
155995,2021-05-31,669968.8246900019
155995,2021-06-30,675780.7181871022
155995,2021-07-31,679428.117959309
155995,2021-08-31,680027.6891959092
155995,2021-09-30,678061.5742214614
155995,2021-10-31,675844.1148185068
155995,2021-11-30,674236.7860433968
155995,2021-12-31,673936.3011236964
155995,2022-01-31,677004.2983711847
155995,2022-02-28,684768.6662714077
155995,2022-03-31,697104.1950357003
155995,2022-04-30,708739.4170136884
155995,2022-05-31,718777.184334375
155995,2022-06-30,725199.0052942466
155995,2022-07-31,726247.3168468788
155995,2022-08-31,720747.7790474184
155995,2022-09-30,710758.9447574989
155995,2022-10-31,702283.2582691703
155995,2022-11-30,696610.6347689658
155995,2022-12-31,693798.2823836063
155995,2023-01-31,690526.6246857367
155995,2023-02-28,687472.0599929576
155995,2023-03-31,686958.3719883199
155995,2023-04-30,691570.5143510186
155995,2023-05-31,699549.5872764165
155995,2023-06-30,707687.2106925827
155995,2023-07-31,714612.5599459107
155995,2023-08-31,720963.9208548963
155995,2023-09-30,726080.4284214453
155995,2023-10-31,730178.5754139625
155995,2023-11-30,732728.1585315163
155995,2023-12-31,735179.7749888021
155995,2024-01-31,737426.1385782914
155995,2024-02-29,741662.7282205677
155995,2024-03-31,749037.781456504
155995,2024-04-30,757119.1457873889
155995,2024-05-31,763091.2977893649
155995,2024-06-30,765141.1382913917
155995,2024-07-31,766790.4606871667
155995,2024-08-31,768683.9653910779
155995,2024-09-30,770854.1534370132
155995,2024-10-31,772307.4092211146
155995,2024-11-30,773841.8681410593
155995,2024-12-31,776400.304735147
155995,2025-01-31,779367.4238215579
155995,2025-02-28,782886.2463288464
155995,2025-03-31,785616.1202412198
155995,2025-04-30,787676.105561832
155995,2025-05-31,786477.1271755331
155995,2025-06-30,783554.9314365713
155995,2025-07-31,780418.4430010882
155995,2025-08-31,779231.8526602812
155995,2025-09-30,780781.5980553761
155995,2025-10-31,783558.7084428646
155995,2025-11-30,786926.8479166711
155995,2025-12-31,789027.9278828207
155995,2026-01-31,790515.967127822
155995,2026-02-28,791016.6255436395
155995,2026-03-31,792045.1323203053
155995,2026-04-30,791756.8400101982
155995,2026-05-31,791344.9061681781
155995,2026-06-30,790012.9885701829
155995,2026-07-31,789763.8635760533
155995,2026-08-31,789728.5325931049
193406,2016-09-30,926679.6669430606
193406,2016-10-31,926935.896853278
193406,2016-11-30,930669.339434421
193406,2016-12-31,940418.742788672
193406,2017-01-31,949207.3789924522
193406,2017-02-28,957218.8263645368
193406,2017-03-31,965798.3218807756
193406,2017-04-30,976012.7271446288
193406,2017-05-31,986076.6320511724
193406,2017-06-30,991930.4555672724
193406,2017-07-31,997699.4199214922
193406,2017-08-31,1005123.8689430428
193406,2017-09-30,1013645.0328983112
193406,2017-10-31,1022830.6905288636
193406,2017-11-30,1028279.483338736
193406,2017-12-31,1034617.5830225204
193406,2018-01-31,1038648.1753220224
193406,2018-02-28,1043724.6844886094
193406,2018-03-31,1047537.0087835216
193406,2018-04-30,1050594.0870408504
193406,2018-05-31,1055079.0489062583
193406,2018-06-30,1058744.176403362
193406,2018-07-31,1065849.005120727
193406,2018-08-31,1074468.8193687676
193406,2018-09-30,1085485.60897043
193406,2018-10-31,1092650.1494683668
193406,2018-11-30,1097051.6580701794
193406,2018-12-31,1100479.3470463024
193406,2019-01-31,1107042.7790240496
193406,2019-02-28,1113956.6798012992
193406,2019-03-31,1117293.6681539014
193406,2019-04-30,1114240.7214776685
193406,2019-05-31,1109220.4562267514
193406,2019-06-30,1107832.395056849
193406,2019-07-31,1106759.7904349568
193406,2019-08-31,1102171.166157014
193406,2019-09-30,1093839.3893490552
193406,2019-10-31,1086819.2494294457
193406,2019-11-30,1085852.9918209289
193406,2019-12-31,1084831.785147479
193406,2020-01-31,1083384.6976900296
193406,2020-02-29,1076374.5326982774
193406,2020-03-31,1067401.7263178937
193406,2020-04-30,1060252.8981289754
193406,2020-05-31,1055606.655742626
193406,2020-06-30,1051355.877730005
193406,2020-07-31,1045109.4753590024
193406,2020-08-31,1038944.6783971154
193406,2020-09-30,1035687.2224386806
193406,2020-10-31,1032526.531354282
193406,2020-11-30,1031493.5461052386
193406,2020-12-31,1031462.9810283112
193406,2021-01-31,1033285.1913300392
193406,2021-02-28,1035704.4099942384
193406,2021-03-31,1038795.6392833672
193406,2021-04-30,1045134.6297363312
193406,2021-05-31,1053638.8795501546
193406,2021-06-30,1061086.214494339
193406,2021-07-31,1064512.1115712088
193406,2021-08-31,1065260.6994760947
193406,2021-09-30,1068003.425598391
193406,2021-10-31,1075685.473689498
193406,2021-11-30,1084759.9321195784
193406,2021-12-31,1091540.7171103817
193406,2022-01-31,1095235.013249094
193406,2022-02-28,1098903.124564117
193406,2022-03-31,1107716.9434934063
193406,2022-04-30,1119000.836056601
193406,2022-05-31,1129770.4634010294
193406,2022-06-30,1139848.8623226662
193406,2022-07-31,1146556.825975837
193406,2022-08-31,1150610.3442646607
193406,2022-09-30,1148013.7871857863
193406,2022-10-31,1145943.0874446046
193406,2022-11-30,1145110.4104565354
193406,2022-12-31,1147120.361904015
193406,2023-01-31,1142457.6889681623
193406,2023-02-28,1130714.207908971
193406,2023-03-31,1114265.572299191
193406,2023-04-30,1111193.6181214354
193406,2023-05-31,1119325.8518420693
193406,2023-06-30,1133481.3994984964
193406,2023-07-31,1144974.9795457202
193406,2023-08-31,1153226.1886588468
193406,2023-09-30,1157270.5785903672
193406,2023-10-31,1155112.5732283415
193406,2023-11-30,1149394.2199613517
193406,2023-12-31,1146869.6481929468
193406,2024-01-31,1148818.708846355
193406,2024-02-29,1156043.7857281552
193406,2024-03-31,1171224.290853671
193406,2024-04-30,1188774.4597849925
193406,2024-05-31,1201842.1015490622
193406,2024-06-30,1203609.2455291888
193406,2024-07-31,1204271.1276871848
193406,2024-08-31,1207052.1709230302
193406,2024-09-30,1213806.4329526955
193406,2024-10-31,1219562.7395081804
193406,2024-11-30,1224913.2745473988
193406,2024-12-31,1232000.4688986682
193406,2025-01-31,1240202.1098431798
193406,2025-02-28,1250385.011896833
193406,2025-03-31,1263006.4849868317
193406,2025-04-30,1276389.7097488537
193406,2025-05-31,1290559.1404058028
193406,2025-06-30,1302804.1879350275
193406,2025-07-31,1308643.2320218054
193406,2025-08-31,1308763.8347555145
193406,2025-09-30,1303730.691403336
193406,2025-10-31,1300563.4491136866
193406,2025-11-30,1301884.1437919792
193406,2025-12-31,1308687.1460934307
193406,2026-01-31,1323883.2224790475
193406,2026-02-28,1343782.7517353192
193406,2026-03-31,1367146.9501898957
193406,2026-04-30,1383310.2331635226
193406,2026-05-31,1394490.9740971655
193406,2026-06-30,1403629.7885509052
193406,2026-07-31,1421680.952405797
193406,2026-08-31,1448405.787038612
194430,2016-09-30,414551.3392412861
194430,2016-10-31,415998.6590088224
194430,2016-11-30,419594.5640204296
194430,2016-12-31,425648.3696111773
194430,2017-01-31,431276.20957233926
194430,2017-02-28,435044.1183372212
194430,2017-03-31,438247.15796062886
194430,2017-04-30,441008.843768625
194430,2017-05-31,443212.1468276778
194430,2017-06-30,444009.4327182427
194430,2017-07-31,444444.911604171
194430,2017-08-31,445803.28491700767
194430,2017-09-30,448095.86908888974
194430,2017-10-31,450809.5725981058
194430,2017-11-30,452198.3308931571
194430,2017-12-31,453400.158771896
194430,2018-01-31,455404.9129229232
194430,2018-02-28,458366.2913879103
194430,2018-03-31,461708.0054392339
194430,2018-04-30,463785.73949703615
194430,2018-05-31,466077.1788439001
194430,2018-06-30,466973.90630290005
194430,2018-07-31,469816.0398609602
194430,2018-08-31,473009.9861647468
194430,2018-09-30,476986.71942152624
194430,2018-10-31,479666.3340610597
194430,2018-11-30,482451.92999295983
194430,2018-12-31,485363.32419940975
194430,2019-01-31,491859.0658766699
194430,2019-02-28,500627.69394682784
194430,2019-03-31,511135.54670618847
194430,2019-04-30,519286.7016082885
194430,2019-05-31,524946.0173894501
194430,2019-06-30,530997.88591491
194430,2019-07-31,536655.2998748379
194430,2019-08-31,542250.0513033984
194430,2019-09-30,546196.9037521387
194430,2019-10-31,550888.6734097041
194430,2019-11-30,557055.6281948551
194430,2019-12-31,562461.7932848488
194430,2020-01-31,565318.854525431
194430,2020-02-29,565200.653882519
194430,2020-03-31,565971.4245584897
194430,2020-04-30,567807.2571699888
194430,2020-05-31,571143.481403381
194430,2020-06-30,572472.7426365184
194430,2020-07-31,570569.7537333262
194430,2020-08-31,566323.0278955952
194430,2020-09-30,562521.2153061851
194430,2020-10-31,560818.7728940259
194430,2020-11-30,560905.9648110522
194430,2020-12-31,562490.9557521772
194430,2021-01-31,564742.0230085304
194430,2021-02-28,567777.7564641647
194430,2021-03-31,571201.9724399867
194430,2021-04-30,575466.1238843215
194430,2021-05-31,579605.483214969
194430,2021-06-30,581760.818030421
194430,2021-07-31,583871.2228525939
194430,2021-08-31,585575.1709000104
194430,2021-09-30,588440.1078135563
194430,2021-10-31,592030.435379078
194430,2021-11-30,596532.570181548
194430,2021-12-31,600577.6365144863
194430,2022-01-31,603540.4984141391
194430,2022-02-28,605958.7314199153
194430,2022-03-31,608375.8592867291
194430,2022-04-30,610870.2992014616
194430,2022-05-31,614126.7172070836
194430,2022-06-30,618259.8818289703
194430,2022-07-31,621365.5753032496
194430,2022-08-31,622692.3444991094
194430,2022-09-30,621393.7613088979
194430,2022-10-31,619994.1817833729
194430,2022-11-30,617995.8734236496
194430,2022-12-31,616705.6581038812
194430,2023-01-31,614115.3455113374
194430,2023-02-28,610475.0429067027
194430,2023-03-31,607711.3686939492
194430,2023-04-30,611357.3710593648
194430,2023-05-31,618778.8610105697
194430,2023-06-30,624722.3910291055
194430,2023-07-31,627509.9725122274
194430,2023-08-31,628559.2483010284
194430,2023-09-30,630075.9886775018
194430,2023-10-31,630661.7299217274
194430,2023-11-30,630856.0351739846
194430,2023-12-31,632364.0941217298
194430,2024-01-31,634864.8774957452
194430,2024-02-29,637883.2587672443
194430,2024-03-31,641826.5492894422
194430,2024-04-30,645254.2317634706
194430,2024-05-31,647547.4219998213
194430,2024-06-30,647692.5777950232
194430,2024-07-31,647639.8104716485
194430,2024-08-31,648676.4169781933
194430,2024-09-30,650862.7851806126
194430,2024-10-31,653258.9780803666
194430,2024-11-30,654892.6162637813
194430,2024-12-31,655540.2811472256
194430,2025-01-31,654696.0988141493
194430,2025-02-28,653596.9925803844
194430,2025-03-31,652488.2888610694
194430,2025-04-30,653812.1544781922
194430,2025-05-31,655426.9526819838
194430,2025-06-30,657364.3516077128
194430,2025-07-31,658111.7301269174
194430,2025-08-31,659047.5210547082
194430,2025-09-30,660905.0252691658
194430,2025-10-31,662547.4219789853
194430,2025-11-30,664184.3756232212
194430,2025-12-31,665703.1173773842
194430,2026-01-31,668689.4421660741
194430,2026-02-28,673386.6386496233
194430,2026-03-31,677389.419067815
194430,2026-04-30,677625.1700962033
194430,2026-05-31,674671.19107594
194430,2026-06-30,671130.242252104
194430,2026-07-31,671414.0338417763
194430,2026-08-31,675377.7723841583
195267,2016-09-30,856729.9207243555
195267,2016-10-31,858226.4138556806
195267,2016-11-30,864038.0828983734
195267,2016-12-31,871842.8053901197
195267,2017-01-31,879459.8032236631
195267,2017-02-28,892186.2727601286
195267,2017-03-31,903578.3182031686
195267,2017-04-30,918126.453293541
195267,2017-05-31,926195.2738241784
195267,2017-06-30,933588.9133001936
195267,2017-07-31,932866.5015431412
195267,2017-08-31,929804.9470509724
195267,2017-09-30,921586.5630041432
195267,2017-10-31,919832.9549482726
195267,2017-11-30,919709.6167432992
195267,2017-12-31,926503.2684105856
195267,2018-01-31,936901.7795648752
195267,2018-02-28,950890.849178217
195267,2018-03-31,963690.4378709532
195267,2018-04-30,973840.7181641618
195267,2018-05-31,981529.0374979356
195267,2018-06-30,984751.7154919124
195267,2018-07-31,984542.2818040143
195267,2018-08-31,983568.6183926596
195267,2018-09-30,988546.7181963938
195267,2018-10-31,993599.636090666
195267,2018-11-30,995387.901022254
195267,2018-12-31,990723.9913460936
195267,2019-01-31,981871.0953055728
195267,2019-02-28,973787.0663458884
195267,2019-03-31,965073.319693836
195267,2019-04-30,958367.8868025444
195267,2019-05-31,954498.8113635018
195267,2019-06-30,957916.9888343308
195267,2019-07-31,970813.6229676153
195267,2019-08-31,983477.3267859844
195267,2019-09-30,989420.722760853
195267,2019-10-31,983112.828446145
195267,2019-11-30,979462.3235468136
195267,2019-12-31,981395.5444156184
195267,2020-01-31,980018.9233179376
195267,2020-02-29,962674.3560317778
195267,2020-03-31,935342.5951143814
195267,2020-04-30,910190.3607766244
195267,2020-05-31,894916.5714665406
195267,2020-06-30,879190.142698204
195267,2020-07-31,862814.9460527542
195267,2020-08-31,845339.207504352
195267,2020-09-30,836827.532575841
195267,2020-10-31,834110.206393754
195267,2020-11-30,833776.2293859044
195267,2020-12-31,832266.2396083915
195267,2021-01-31,836169.489238062
195267,2021-02-28,843732.6479124214
195267,2021-03-31,857368.5037208353
195267,2021-04-30,862360.5316431118
195267,2021-05-31,870115.2722713094
195267,2021-06-30,872820.9360406987
195267,2021-07-31,880038.2981439466
195267,2021-08-31,883457.6447583232
195267,2021-09-30,887236.6916022246
195267,2021-10-31,893109.8133030981
195267,2021-11-30,898742.908374934
195267,2021-12-31,899868.3596902061
195267,2022-01-31,895466.706671408
195267,2022-02-28,892825.9575555157
195267,2022-03-31,898108.5871470916
195267,2022-04-30,904362.9801180916
195267,2022-05-31,907677.6083492704
195267,2022-06-30,907331.2248587512
195267,2022-07-31,904252.2521454432
195267,2022-08-31,896758.2550842875
195267,2022-09-30,881501.5684897657
195267,2022-10-31,869274.9009572085
195267,2022-11-30,859380.5829069404
195267,2022-12-31,854167.9744100696
195267,2023-01-31,845900.3796777303
195267,2023-02-28,834551.8853494044
195267,2023-03-31,821770.7921182691
195267,2023-04-30,813985.3181264242
195267,2023-05-31,811692.8259638696
195267,2023-06-30,811759.2796709379
195267,2023-07-31,809825.0252773566
195267,2023-08-31,805426.0342899086
195267,2023-09-30,799576.9420844718
195267,2023-10-31,792568.7058069321
195267,2023-11-30,786134.97281589
195267,2023-12-31,781856.1779163539
195267,2024-01-31,780447.4385631016
195267,2024-02-29,780927.5187967614
195267,2024-03-31,784410.0538582547
195267,2024-04-30,788095.5022309875
195267,2024-05-31,788520.5739623196
195267,2024-06-30,784641.5670087362
195267,2024-07-31,783572.5546200663
195267,2024-08-31,784792.8410632149
195267,2024-09-30,785693.6338257082
195267,2024-10-31,783655.0022266317
195267,2024-11-30,783787.5080963484
195267,2024-12-31,788210.1535732072
195267,2025-01-31,793851.9281529017
195267,2025-02-28,800530.5319907047
195267,2025-03-31,805326.3448500648
195267,2025-04-30,806583.558240292
195267,2025-05-31,804573.2408158105
195267,2025-06-30,800354.133559516
195267,2025-07-31,796311.5348619971
195267,2025-08-31,791404.546802062
195267,2025-09-30,788257.6733306572
195267,2025-10-31,785599.8262970169
195267,2025-11-30,783709.4857200091
195267,2025-12-31,780442.2694856884
195267,2026-01-31,780529.6382044334
195267,2026-02-28,784036.4144134313
195267,2026-03-31,791726.6787630996
195267,2026-04-30,796526.3106382377
195267,2026-05-31,796522.8469768697
195267,2026-06-30,793135.337895962
195267,2026-07-31,794953.4720885423
195267,2026-08-31,798784.8808030967
198687,2016-09-30,505733.06091152434
198687,2016-10-31,508674.44021116896
198687,2016-11-30,510664.5733800656
198687,2016-12-31,514057.3472809519
198687,2017-01-31,518649.3380582252
198687,2017-02-28,525676.1794782736
198687,2017-03-31,531802.568228063
198687,2017-04-30,537571.66690457
198687,2017-05-31,541158.7583266429
198687,2017-06-30,543073.7123753462
198687,2017-07-31,542791.533774553
198687,2017-08-31,542409.0976675488
198687,2017-09-30,542101.7637666725
198687,2017-10-31,545436.1206252661
198687,2017-11-30,546969.2673495538
198687,2017-12-31,551994.2117859005
198687,2018-01-31,560344.838553463
198687,2018-02-28,570210.1706191933
198687,2018-03-31,578554.1860813905
198687,2018-04-30,586353.0572040869
198687,2018-05-31,596830.5083682948
198687,2018-06-30,603784.3133230055
198687,2018-07-31,607415.4037567773
198687,2018-08-31,605691.3161818389
198687,2018-09-30,608675.1124892733
198687,2018-10-31,609043.207161018
198687,2018-11-30,609560.8484212981
198687,2018-12-31,604558.0233944857
198687,2019-01-31,597815.0768599049
198687,2019-02-28,592170.2661288878
198687,2019-03-31,584224.7097258889
198687,2019-04-30,578557.7210844262
198687,2019-05-31,574795.332750891
198687,2019-06-30,575200.279108629
198687,2019-07-31,580021.040561404
198687,2019-08-31,584342.4351623732
198687,2019-09-30,586011.4497034814
198687,2019-10-31,583766.235620385
198687,2019-11-30,587361.9780371827
198687,2019-12-31,593416.0980924215
198687,2020-01-31,601279.8108334069
198687,2020-02-29,600822.0521867684
198687,2020-03-31,600705.4738078349
198687,2020-04-30,600860.5987303247
198687,2020-05-31,604944.2084959373
198687,2020-06-30,608397.7697364913
198687,2020-07-31,608457.8255522397
198687,2020-08-31,607080.9826373339
198687,2020-09-30,609353.8963913448
198687,2020-10-31,614725.2896267908
198687,2020-11-30,619106.3756109354
198687,2020-12-31,620893.431332277
198687,2021-01-31,620676.555077965
198687,2021-02-28,624888.3050071849
198687,2021-03-31,631255.3900028003
198687,2021-04-30,636174.1200634345
198687,2021-05-31,640784.2869899312
198687,2021-06-30,642570.5804250558
198687,2021-07-31,645356.6560928092
198687,2021-08-31,645235.5505298646
198687,2021-09-30,643834.4170797766
198687,2021-10-31,646398.8507191328
198687,2021-11-30,650012.2737368253
198687,2021-12-31,653967.0141885312
198687,2022-01-31,657889.3381302593
198687,2022-02-28,666329.8739027851
198687,2022-03-31,681429.1225038351
198687,2022-04-30,692996.1415130821
198687,2022-05-31,700813.626904862
198687,2022-06-30,703106.6348785502
198687,2022-07-31,701561.5763024833
198687,2022-08-31,694177.4866902911
198687,2022-09-30,682006.6725463783
198687,2022-10-31,672513.0670135546
198687,2022-11-30,660333.5996087925
198687,2022-12-31,645981.5765170343
198687,2023-01-31,628609.9630684732
198687,2023-02-28,610656.3930281106
198687,2023-03-31,595437.5796300581
198687,2023-04-30,583149.6767202673
198687,2023-05-31,575470.9057877302
198687,2023-06-30,569169.4587436024
198687,2023-07-31,563323.5850043761
198687,2023-08-31,558267.7056792421
198687,2023-09-30,555544.9525222816
198687,2023-10-31,552365.8002194873
198687,2023-11-30,548999.5287838182
198687,2023-12-31,546121.5469949109
198687,2024-01-31,544767.1790850962
198687,2024-02-29,543805.2876694483
198687,2024-03-31,543481.6534791165
198687,2024-04-30,544204.7980002951
198687,2024-05-31,545553.5835370732
198687,2024-06-30,546484.1243805635
198687,2024-07-31,548133.7216370384
198687,2024-08-31,551979.2291302276
198687,2024-09-30,553594.9171769216
198687,2024-10-31,553920.936289716
198687,2024-11-30,556229.2734987006
198687,2024-12-31,563231.0923276013
198687,2025-01-31,569423.3269537134
198687,2025-02-28,572990.6607548526
198687,2025-03-31,572611.0941600759
198687,2025-04-30,569885.0917803574
198687,2025-05-31,564158.7395061967
198687,2025-06-30,560749.3252146448
198687,2025-07-31,559316.0149645839
198687,2025-08-31,559888.2997249454
198687,2025-09-30,560241.9958682418
198687,2025-10-31,560249.9296684838
198687,2025-11-30,559566.3714873063
198687,2025-12-31,557982.378464169
198687,2026-01-31,559422.933430246
198687,2026-02-28,561632.1481370399
198687,2026-03-31,564296.7074530356
198687,2026-04-30,564668.8553529253
198687,2026-05-31,561925.7745770187
198687,2026-06-30,556601.0046898477
198687,2026-07-31,553084.9903792014
198687,2026-08-31,553557.7477251702
199001,2016-09-30,988279.5326957356
199001,2016-10-31,986728.3074085476
199001,2016-11-30,990887.0110163122
199001,2016-12-31,1000268.3305525417
199001,2017-01-31,1008198.8456566442
199001,2017-02-28,1012514.367638804
199001,2017-03-31,1016395.3504166884
199001,2017-04-30,1025104.9634900304
199001,2017-05-31,1033180.7247867972
199001,2017-06-30,1036891.1075021876
199001,2017-07-31,1036541.479407715
199001,2017-08-31,1038168.472346014
199001,2017-09-30,1040250.4657259892
199001,2017-10-31,1042719.6405578756
199001,2017-11-30,1042400.1474236676
199001,2017-12-31,1045368.4277366176
199001,2018-01-31,1050939.2756005472
199001,2018-02-28,1061231.1213100147
199001,2018-03-31,1072068.6488274557
199001,2018-04-30,1081454.4626787524
199001,2018-05-31,1090107.6199078811
199001,2018-06-30,1097274.1427895466
199001,2018-07-31,1102380.0612795786
199001,2018-08-31,1105615.124253638
199001,2018-09-30,1108211.823414971
199001,2018-10-31,1108589.2471563746
199001,2018-11-30,1107655.52981667
199001,2018-12-31,1108601.508479306
199001,2019-01-31,1111315.2163693742
199001,2019-02-28,1111586.4521003575
199001,2019-03-31,1108353.701069741
199001,2019-04-30,1105716.8266127177
199001,2019-05-31,1108626.2636946216
199001,2019-06-30,1117860.9185046924
199001,2019-07-31,1130443.3800480722
199001,2019-08-31,1140304.3097132302
199001,2019-09-30,1142307.1298047716
199001,2019-10-31,1139921.9813688842
199001,2019-11-30,1137114.4929929306
199001,2019-12-31,1136578.9560553944
199001,2020-01-31,1129556.327094756
199001,2020-02-29,1116749.8933864916
199001,2020-03-31,1101536.7316448626
199001,2020-04-30,1093700.518124232
199001,2020-05-31,1090668.169555948
199001,2020-06-30,1088007.5483269738
199001,2020-07-31,1086429.1874636866
199001,2020-08-31,1086068.0288459964
199001,2020-09-30,1088678.1515268178
199001,2020-10-31,1091056.9389220004
199001,2020-11-30,1093159.0975112151
199001,2020-12-31,1094711.0630945216
199001,2021-01-31,1095494.4127620736
199001,2021-02-28,1099074.5642312495
199001,2021-03-31,1105803.8614509783
199001,2021-04-30,1113011.2472429716
199001,2021-05-31,1121817.7938029224
199001,2021-06-30,1130511.301189605
199001,2021-07-31,1140993.9983929645
199001,2021-08-31,1150543.4373359522
199001,2021-09-30,1161604.6832888664
199001,2021-10-31,1178043.256742349
199001,2021-11-30,1197769.059081815
199001,2021-12-31,1214540.3199189084
199001,2022-01-31,1222742.7687867272
199001,2022-02-28,1226270.4857507474
199001,2022-03-31,1228919.5323229835
199001,2022-04-30,1232607.73556531
199001,2022-05-31,1234570.3244370671
199001,2022-06-30,1237659.3612553005
199001,2022-07-31,1237681.934598201
199001,2022-08-31,1234869.9819341209
199001,2022-09-30,1227497.303869905
199001,2022-10-31,1224627.4466751956
199001,2022-11-30,1225197.900387585
199001,2022-12-31,1226110.983518457
199001,2023-01-31,1220755.2876256227
199001,2023-02-28,1211050.3487141663
199001,2023-03-31,1198191.1781505612
199001,2023-04-30,1194391.231134381
199001,2023-05-31,1199004.6554195732
199001,2023-06-30,1211825.226665111
199001,2023-07-31,1224088.4530508667
199001,2023-08-31,1232867.0268869826
199001,2023-09-30,1239277.2014244136
199001,2023-10-31,1237248.015340015
199001,2023-11-30,1232464.3709148644
199001,2023-12-31,1227602.4644299073
199001,2024-01-31,1232828.0548468328
199001,2024-02-29,1243225.6118095329
199001,2024-03-31,1258911.6766623112
199001,2024-04-30,1267966.3537066283
199001,2024-05-31,1267630.065913561
199001,2024-06-30,1260930.423080486
199001,2024-07-31,1258817.582537831
199001,2024-08-31,1261602.9890956334
199001,2024-09-30,1262837.6603504245
199001,2024-10-31,1263694.9185778643
199001,2024-11-30,1270449.792772633
199001,2024-12-31,1283576.476769803
199001,2025-01-31,1294087.2622181724
199001,2025-02-28,1298110.2474411896
199001,2025-03-31,1298161.2043549856
199001,2025-04-30,1299213.4603199223
199001,2025-05-31,1303061.9825447944
199001,2025-06-30,1311152.754237877
199001,2025-07-31,1317448.0794219451
199001,2025-08-31,1324587.1503626734
199001,2025-09-30,1333112.3915666514
199001,2025-10-31,1342261.8504675776
199001,2025-11-30,1344326.113416485
199001,2025-12-31,1340344.2611010498
199001,2026-01-31,1340602.8108226506
199001,2026-02-28,1351507.072752108
199001,2026-03-31,1370189.2627360232
199001,2026-04-30,1380650.9706395848
199001,2026-05-31,1383652.845344656
199001,2026-06-30,1382516.027486954
199001,2026-07-31,1390897.1322610436
199001,2026-08-31,1404351.19414625
208850,2016-09-30,226468.14567779997
208850,2016-10-31,227225.7336661497
208850,2016-11-30,228042.7147655564
208850,2016-12-31,229246.17522599144
208850,2017-01-31,230167.18294921704
208850,2017-02-28,230913.1758333724
208850,2017-03-31,231612.2618354021
208850,2017-04-30,232773.33099828355
208850,2017-05-31,234515.07082941345
208850,2017-06-30,236259.72750987
208850,2017-07-31,237620.37217958167
208850,2017-08-31,238490.3619756417
208850,2017-09-30,239306.32001779455
208850,2017-10-31,240607.47075877155
208850,2017-11-30,242425.24427278468
208850,2017-12-31,244462.96625353003
208850,2018-01-31,245785.15531945252
208850,2018-02-28,246914.1099626716
208850,2018-03-31,247964.48746080705
208850,2018-04-30,249147.3778698356
208850,2018-05-31,250066.7707367461
208850,2018-06-30,250491.54895234515
208850,2018-07-31,251090.4124123717
208850,2018-08-31,251714.21718263745
208850,2018-09-30,252840.89057566263
208850,2018-10-31,254292.24363764608
208850,2018-11-30,255973.318936663
208850,2018-12-31,258006.76346453384
208850,2019-01-31,259836.0543427952
208850,2019-02-28,261843.8857004384
208850,2019-03-31,263406.8314857053
208850,2019-04-30,265021.109712847
208850,2019-05-31,266523.6579193594
208850,2019-06-30,268114.6055873232
208850,2019-07-31,269657.4853626789
208850,2019-08-31,271109.8470163905
208850,2019-09-30,272214.1368760812
208850,2019-10-31,273200.6474365899
208850,2019-11-30,274564.5648833969
208850,2019-12-31,276269.7152702231
208850,2020-01-31,278193.9880570422
208850,2020-02-29,279912.2153279243
208850,2020-03-31,282016.99426804425
208850,2020-04-30,284370.72066474863
208850,2020-05-31,285865.3372377934
208850,2020-06-30,286356.4299910601
208850,2020-07-31,286628.7250823909
208850,2020-08-31,287860.27115454
208850,2020-09-30,290499.3101074908
208850,2020-10-31,293686.4133512418
208850,2020-11-30,297333.1422294614
208850,2020-12-31,300886.17154297576
208850,2021-01-31,304442.6755301981
208850,2021-02-28,308085.067257849
208850,2021-03-31,311700.7295181255
208850,2021-04-30,314835.49635747983
208850,2021-05-31,317847.0690848329
208850,2021-06-30,320654.47312821995
208850,2021-07-31,323271.38017738395
208850,2021-08-31,325369.507669237
208850,2021-09-30,326206.5676906617
208850,2021-10-31,326584.5922491767
208850,2021-11-30,326955.00031356845
208850,2021-12-31,328393.7067211674
208850,2022-01-31,330914.9641706737
208850,2022-02-28,334397.95861562726
208850,2022-03-31,338675.19003948965
208850,2022-04-30,343738.9674799904
208850,2022-05-31,348658.66843594285
208850,2022-06-30,352891.86999491253
208850,2022-07-31,354837.52752808394
208850,2022-08-31,354461.3483730702
208850,2022-09-30,352534.2020440776
208850,2022-10-31,351082.9631662248
208850,2022-11-30,350260.27515812474
208850,2022-12-31,349422.3075334208
208850,2023-01-31,348828.49328276183
208850,2023-02-28,348105.8568651169
208850,2023-03-31,348927.3648904517
208850,2023-04-30,350221.1858981722
208850,2023-05-31,352660.63073746563
208850,2023-06-30,354952.7751796646
208850,2023-07-31,357008.7771632646
208850,2023-08-31,358916.8742449747
208850,2023-09-30,359935.91061545955
208850,2023-10-31,360020.9076481618
208850,2023-11-30,359315.4951217927
208850,2023-12-31,358639.99975903984
208850,2024-01-31,358898.2053962194
208850,2024-02-29,360459.1629734841
208850,2024-03-31,362825.58054883307
208850,2024-04-30,365537.9333796916
208850,2024-05-31,367119.2418821004
208850,2024-06-30,367830.3429169992
208850,2024-07-31,367794.23923473904
208850,2024-08-31,368250.0409342993
208850,2024-09-30,368866.23315407545
208850,2024-10-31,369875.7859610751
208850,2024-11-30,370793.6716068075
208850,2024-12-31,371862.1343318932
208850,2025-01-31,372647.0731714189
208850,2025-02-28,373356.49582021846
208850,2025-03-31,374361.20806385385
208850,2025-04-30,376077.1065821273
208850,2025-05-31,378033.6096908664
208850,2025-06-30,379774.75191375386
208850,2025-07-31,380943.4369135041
208850,2025-08-31,381664.18102946127
208850,2025-09-30,382266.76083401166
208850,2025-10-31,382430.5648635489
208850,2025-11-30,382788.794931364
208850,2025-12-31,383673.627569854
208850,2026-01-31,385091.8651355988
208850,2026-02-28,386870.0597993679
208850,2026-03-31,388582.69636911695
208850,2026-04-30,389595.6505149365
208850,2026-05-31,389473.984494268
208850,2026-06-30,388490.48550650704
208850,2026-07-31,387813.5382813662
208850,2026-08-31,387846.084529394
214146,2016-09-30,89914.86625015498
214146,2016-10-31,91432.8118565327
214146,2016-11-30,93085.56149276393
214146,2016-12-31,94470.37252818218
214146,2017-01-31,95616.4699680138
214146,2017-02-28,96431.60461039696
214146,2017-03-31,97059.70800544364
214146,2017-04-30,97560.96833905176
214146,2017-05-31,97957.24217470754
214146,2017-06-30,98581.20642649556
214146,2017-07-31,99506.25395242794
214146,2017-08-31,100853.83561108484
214146,2017-09-30,102417.5319659559
214146,2017-10-31,104141.36824081789
214146,2017-11-30,105778.98174480442
214146,2017-12-31,107359.0334534258
214146,2018-01-31,108566.49281443922
214146,2018-02-28,109693.47905961942
214146,2018-03-31,110572.45940085046
214146,2018-04-30,111262.89876344532
214146,2018-05-31,111437.41894939676
214146,2018-06-30,111139.07821256756
214146,2018-07-31,110934.3981023724
214146,2018-08-31,110885.9770787013
214146,2018-09-30,111184.29808298584
214146,2018-10-31,111722.0316145486
214146,2018-11-30,112545.870429619
214146,2018-12-31,113629.05976105726
214146,2019-01-31,114983.9084547368
214146,2019-02-28,116598.57650193028
214146,2019-03-31,118098.03569658402
214146,2019-04-30,119102.97447748065
214146,2019-05-31,119861.29151741062
214146,2019-06-30,120936.4445487336
214146,2019-07-31,122168.35759594508
214146,2019-08-31,123697.75647003048
214146,2019-09-30,125258.07751013715
214146,2019-10-31,126949.071638602
214146,2019-11-30,128604.2072685422
214146,2019-12-31,130042.89264068595
214146,2020-01-31,131547.50942884103
214146,2020-02-29,133215.4070039272
214146,2020-03-31,134774.75222049444
214146,2020-04-30,136210.40261385214
214146,2020-05-31,136993.66402013935
214146,2020-06-30,137063.04661115268
214146,2020-07-31,136869.07180814858
214146,2020-08-31,137126.40191781186
214146,2020-09-30,138606.6803844541
214146,2020-10-31,140898.71848450872
214146,2020-11-30,144025.3976734927
214146,2020-12-31,147060.08720529848
214146,2021-01-31,149818.36477340476
214146,2021-02-28,152034.94964049297
214146,2021-03-31,154320.82518015956
214146,2021-04-30,156386.10535664196
214146,2021-05-31,158651.14901869206
214146,2021-06-30,160541.286465532
214146,2021-07-31,161253.91615291542
214146,2021-08-31,160115.3932280171
214146,2021-09-30,157237.69253957842
214146,2021-10-31,154510.48825240057
214146,2021-11-30,152259.7092509794
214146,2021-12-31,151019.55939663682
214146,2022-01-31,151638.04885757994
214146,2022-02-28,154445.5297445808
214146,2022-03-31,158795.68910537602
214146,2022-04-30,162640.93082720783
214146,2022-05-31,165545.00842865932
214146,2022-06-30,167686.75456457285
214146,2022-07-31,168881.28551818788
214146,2022-08-31,168886.62135237368
214146,2022-09-30,168411.46039088795
214146,2022-10-31,167997.80111051787
214146,2022-11-30,167603.36093188307
214146,2022-12-31,166047.82680573073
214146,2023-01-31,163077.72700805054
214146,2023-02-28,159519.79348333657
214146,2023-03-31,156625.13287454835
214146,2023-04-30,155559.7167686615
214146,2023-05-31,156314.66316840678
214146,2023-06-30,158177.40992475647
214146,2023-07-31,159917.90209180652
214146,2023-08-31,160554.13093289186
214146,2023-09-30,160155.34582905108
214146,2023-10-31,159194.6350888491
214146,2023-11-30,157945.86724834645
214146,2023-12-31,157036.52687859765
214146,2024-01-31,156424.03407907902
214146,2024-02-29,156636.78794421858
214146,2024-03-31,157334.33117353063
214146,2024-04-30,158719.6946168238
214146,2024-05-31,160526.68762580628
214146,2024-06-30,162380.9919584386
214146,2024-07-31,163847.00987278763
214146,2024-08-31,164846.28792297092
214146,2024-09-30,165395.76500475293
214146,2024-10-31,165820.3417283058
214146,2024-11-30,165797.08832696476
214146,2024-12-31,166221.29642577068
214146,2025-01-31,166366.17297964115
214146,2025-02-28,166149.11015654172
214146,2025-03-31,165738.4072535939
214146,2025-04-30,165840.13689663564
214146,2025-05-31,166222.46466489634
214146,2025-06-30,166025.91495600404
214146,2025-07-31,165738.2610946724
214146,2025-08-31,165787.6975650876
214146,2025-09-30,166482.96184650564
214146,2025-10-31,167177.71300726905
214146,2025-11-30,167783.71448327586
214146,2025-12-31,168007.289864302
214146,2026-01-31,168231.97838398287
214146,2026-02-28,168435.6608263671
214146,2026-03-31,168617.18208904148
214146,2026-04-30,167902.09571983697
214146,2026-05-31,166942.58440828611
214146,2026-06-30,165513.5549465071
214146,2026-07-31,164190.1095036021
214146,2026-08-31,163015.77456306492
214232,2016-09-30,125601.26369007996
214232,2016-10-31,126993.59200597373
214232,2016-11-30,128506.86923562594
214232,2016-12-31,130070.77346301412
214232,2017-01-31,131280.6247039278
214232,2017-02-28,132435.87459051507
214232,2017-03-31,133370.7297473018
214232,2017-04-30,134217.32605842638
214232,2017-05-31,134738.2703396529
214232,2017-06-30,135320.0338998173
214232,2017-07-31,135916.97984573548
214232,2017-08-31,136708.69380571376
214232,2017-09-30,137580.65035656348
214232,2017-10-31,138938.86483371808
214232,2017-11-30,140583.4393450802
214232,2017-12-31,142291.2878465963
214232,2018-01-31,143454.0087392968
214232,2018-02-28,144325.8772567249
214232,2018-03-31,145295.88608409927
214232,2018-04-30,146427.623914096
214232,2018-05-31,147345.3290772165
214232,2018-06-30,147857.6043050868
214232,2018-07-31,148286.26853418208
214232,2018-08-31,149158.96568210298
214232,2018-09-30,150685.38980473691
214232,2018-10-31,152680.43095851628
214232,2018-11-30,154938.40206022115
214232,2018-12-31,156937.05060519686
214232,2019-01-31,158897.06945578507
214232,2019-02-28,160575.11410323286
214232,2019-03-31,162028.65770312634
214232,2019-04-30,163005.6464961882
214232,2019-05-31,163749.62406450568
214232,2019-06-30,164511.34370080646
214232,2019-07-31,165477.00806382776
214232,2019-08-31,166319.79238337566
214232,2019-09-30,167131.25583615815
214232,2019-10-31,168029.41696994542
214232,2019-11-30,169382.41122571446
214232,2019-12-31,170966.14878020552
214232,2020-01-31,172767.93827292594
214232,2020-02-29,174628.3673947214
214232,2020-03-31,176420.62310768795
214232,2020-04-30,177701.26483216658
214232,2020-05-31,178312.88319595388
214232,2020-06-30,178409.4311296891
214232,2020-07-31,178627.8431596486
214232,2020-08-31,179225.8198423883
214232,2020-09-30,180654.9695948312
214232,2020-10-31,182452.9211504364
214232,2020-11-30,185080.2930527907
214232,2020-12-31,187714.82951152604
214232,2021-01-31,190586.35255065167
214232,2021-02-28,192970.2113761673
214232,2021-03-31,195530.9711896243
214232,2021-04-30,197955.9503143901
214232,2021-05-31,200926.02230508663
214232,2021-06-30,203946.9751220263
214232,2021-07-31,206320.5196152963
214232,2021-08-31,207233.48824355667
214232,2021-09-30,206499.23185012236
214232,2021-10-31,205860.62300229177
214232,2021-11-30,205874.91623422975
214232,2021-12-31,207096.77777210684
214232,2022-01-31,209410.66483572952
214232,2022-02-28,212691.20074140377
214232,2022-03-31,216566.8726163736
214232,2022-04-30,220201.30478060595
214232,2022-05-31,223174.8800162636
214232,2022-06-30,225161.94093143684
214232,2022-07-31,225681.8991297164
214232,2022-08-31,224882.9780323165
214232,2022-09-30,223515.17042806608
214232,2022-10-31,222252.2651788788
214232,2022-11-30,221287.98310268205
214232,2022-12-31,220019.4363945713
214232,2023-01-31,218100.29474483628
214232,2023-02-28,215920.9266824799
214232,2023-03-31,214486.86170051523
214232,2023-04-30,214236.7531817531
214232,2023-05-31,215134.54997761335
214232,2023-06-30,216284.1004182901
214232,2023-07-31,217481.98909052773
214232,2023-08-31,218588.0529273769
214232,2023-09-30,219307.27357664504
214232,2023-10-31,219815.04264743088
214232,2023-11-30,219436.3321058956
214232,2023-12-31,219137.831579168
214232,2024-01-31,218756.44249509377
214232,2024-02-29,218933.49244233817
214232,2024-03-31,219339.25300078632
214232,2024-04-30,220400.1173437539
214232,2024-05-31,221442.70412627968
214232,2024-06-30,222495.11645626547
214232,2024-07-31,223173.2833849174
214232,2024-08-31,223819.16025361232
214232,2024-09-30,224303.56804726284
214232,2024-10-31,224595.2254986276
214232,2024-11-30,224600.75928332747
214232,2024-12-31,224687.2783620971
214232,2025-01-31,224794.93459438803
214232,2025-02-28,224973.05505757127
214232,2025-03-31,225325.4851940684
214232,2025-04-30,226254.51112064105
214232,2025-05-31,227959.0663329412
214232,2025-06-30,229217.24779013704
214232,2025-07-31,230059.94117543168
214232,2025-08-31,230184.52350925424
214232,2025-09-30,230350.3154721869
214232,2025-10-31,230350.0380171767
214232,2025-11-30,229933.05315576855
214232,2025-12-31,229572.2868395124
214232,2026-01-31,229625.51068218003
214232,2026-02-28,230238.09739765732
214232,2026-03-31,230808.1071721604
214232,2026-04-30,230594.85081147
214232,2026-05-31,230330.8473866818
214232,2026-06-30,230210.1843780383
214232,2026-07-31,230373.494995996
214232,2026-08-31,230458.3313015565
214954,2016-09-30,179322.49174921738
214954,2016-10-31,180625.59861545125
214954,2016-11-30,181945.26236787144
214954,2016-12-31,183437.37733346075
214954,2017-01-31,184729.3090394951
214954,2017-02-28,185974.85944435105
214954,2017-03-31,187190.28193248776
214954,2017-04-30,188427.3581549225
214954,2017-05-31,189486.78259985
214954,2017-06-30,190546.45908351045
214954,2017-07-31,191674.6230628875
214954,2017-08-31,192780.2203064687
214954,2017-09-30,193885.63037844852
214954,2017-10-31,195378.6673855841
214954,2017-11-30,197559.91131632085
214954,2017-12-31,199853.8471070488
214954,2018-01-31,201657.93924368
214954,2018-02-28,203274.1914850388
214954,2018-03-31,204925.53665435352
214954,2018-04-30,206748.5102878869
214954,2018-05-31,208300.36549792587
214954,2018-06-30,209533.0722007132
214954,2018-07-31,210651.95838492457
214954,2018-08-31,211823.18672098836
214954,2018-09-30,213576.4528201232
214954,2018-10-31,215890.4180640118
214954,2018-11-30,218292.8052894509
214954,2018-12-31,220527.02650524027
214954,2019-01-31,222550.0983608309
214954,2019-02-28,224675.10379884296
214954,2019-03-31,226708.79334492795
214954,2019-04-30,228446.77193854097
214954,2019-05-31,229992.1037723435
214954,2019-06-30,231174.55220286947
214954,2019-07-31,232104.63521957284
214954,2019-08-31,232819.3517729137
214954,2019-09-30,233641.08465637628
214954,2019-10-31,234610.9705561915
214954,2019-11-30,236221.12354816703
214954,2019-12-31,238086.99105739692
214954,2020-01-31,240201.4210191124
214954,2020-02-29,242178.34898699145
214954,2020-03-31,244309.34674619703
214954,2020-04-30,246593.4823662916
214954,2020-05-31,247971.12862933427
214954,2020-06-30,248357.8318093205
214954,2020-07-31,248425.05146846324
214954,2020-08-31,249052.2241169696
214954,2020-09-30,251121.52563935285
214954,2020-10-31,253913.19069868827
214954,2020-11-30,257482.113940666
214954,2020-12-31,260730.46396237184
214954,2021-01-31,263932.22352233104
214954,2021-02-28,267215.3624976667
214954,2021-03-31,270875.099505187
214954,2021-04-30,273945.5746823714
214954,2021-05-31,276916.9548542696
214954,2021-06-30,279592.726055979
214954,2021-07-31,282197.6114510559
214954,2021-08-31,283634.82917670225
214954,2021-09-30,283757.3377788493
214954,2021-10-31,283364.6302233425
214954,2021-11-30,283313.4747731142
214954,2021-12-31,284176.927438627
214954,2022-01-31,286701.5918374543
214954,2022-02-28,290611.3988187635
214954,2022-03-31,295314.4295985587
214954,2022-04-30,300164.6427077119
214954,2022-05-31,304714.2105737274
214954,2022-06-30,308427.56327618443
214954,2022-07-31,310039.7629742853
214954,2022-08-31,309429.09303335374
214954,2022-09-30,307687.7928886027
214954,2022-10-31,305895.8473993979
214954,2022-11-30,304535.472574659
214954,2022-12-31,302724.9732524701
214954,2023-01-31,301292.7981742842
214954,2023-02-28,299208.11261250835
214954,2023-03-31,298379.0526265954
214954,2023-04-30,298141.73978962546
214954,2023-05-31,299748.4791047953
214954,2023-06-30,301711.10309317807
214954,2023-07-31,303599.46082437184
214954,2023-08-31,305166.8134474382
214954,2023-09-30,305678.2404897395
214954,2023-10-31,304932.8727688547
214954,2023-11-30,303239.10194092395
214954,2023-12-31,301930.60875166534
214954,2024-01-31,301724.185657244
214954,2024-02-29,302761.4002414221
214954,2024-03-31,304124.6126286271
214954,2024-04-30,306189.46267323726
214954,2024-05-31,307201.16354676627
214954,2024-06-30,307895.33171438606
214954,2024-07-31,307869.5830096544
214954,2024-08-31,308663.9498141624
214954,2024-09-30,309531.1645757336
214954,2024-10-31,310366.483441121
214954,2024-11-30,310738.1545654356
214954,2024-12-31,311088.7545060542
214954,2025-01-31,311247.9592171753
214954,2025-02-28,311526.2795624041
214954,2025-03-31,312159.0704526768
214954,2025-04-30,313617.9390810162
214954,2025-05-31,315150.34977288527
214954,2025-06-30,316222.8045246838
214954,2025-07-31,316601.3628400431
214954,2025-08-31,316797.27613354306
214954,2025-09-30,316942.020978169
214954,2025-10-31,316873.85094770486
214954,2025-11-30,316475.5037839499
214954,2025-12-31,316358.6396803824
214954,2026-01-31,316225.52191513305
214954,2026-02-28,316486.8819520319
214954,2026-03-31,316578.1391786766
214954,2026-04-30,316579.9829682877
214954,2026-05-31,316175.92747980385
214954,2026-06-30,315603.76549800386
214954,2026-07-31,314878.074922395
214954,2026-08-31,314239.2126420525
214976,2016-09-30,100956.70763185376
214976,2016-10-31,103520.71628768662
214976,2016-11-30,106040.60419650369
214976,2016-12-31,108020.83902656929
214976,2017-01-31,109171.76592666224
214976,2017-02-28,110053.24616156312
214976,2017-03-31,111091.92243616744
214976,2017-04-30,112667.1733541559
214976,2017-05-31,114303.93690854136
214976,2017-06-30,116181.4650151062
214976,2017-07-31,117481.73470248096
214976,2017-08-31,118769.68817190496
214976,2017-09-30,119757.57760742812
214976,2017-10-31,121272.73085411797
214976,2017-11-30,122963.34481891718
214976,2017-12-31,124986.36125460868
214976,2018-01-31,127001.24229823829
214976,2018-02-28,128901.41256524347
214976,2018-03-31,130690.85623458849
214976,2018-04-30,132492.59556298913
214976,2018-05-31,133731.83027462548
214976,2018-06-30,134251.55599253884
214976,2018-07-31,134452.0599781055
214976,2018-08-31,135065.83881919118
214976,2018-09-30,136137.8897292214
214976,2018-10-31,137304.640557488
214976,2018-11-30,138389.72044472254
214976,2018-12-31,139819.34308375852
214976,2019-01-31,141801.6004479728
214976,2019-02-28,143978.17108635724
214976,2019-03-31,145603.68818266058
214976,2019-04-30,146033.7770555756
214976,2019-05-31,145739.0901772234
214976,2019-06-30,145794.70941137293
214976,2019-07-31,146616.67592728618
214976,2019-08-31,148334.1017975648
214976,2019-09-30,150015.36642506576
214976,2019-10-31,151906.84739535
214976,2019-11-30,154282.79967720478
214976,2019-12-31,157064.00460384766
214976,2020-01-31,159792.39650924635
214976,2020-02-29,162258.50525215807
214976,2020-03-31,164602.6146822855
214976,2020-04-30,167003.81172845588
214976,2020-05-31,167951.94866887588
214976,2020-06-30,167139.11674960147
214976,2020-07-31,165883.9274702519
214976,2020-08-31,165582.84843980926
214976,2020-09-30,167059.4090326683
214976,2020-10-31,169269.6429271744
214976,2020-11-30,172065.33676412146
214976,2020-12-31,174638.7566908618
214976,2021-01-31,176526.39723831133
214976,2021-02-28,178280.1985150176
214976,2021-03-31,180104.71848756983
214976,2021-04-30,182220.11988940297
214976,2021-05-31,183924.6886880846
214976,2021-06-30,184525.8667459681
214976,2021-07-31,182381.23686080505
214976,2021-08-31,178383.56584881843
214976,2021-09-30,173102.19132580745
214976,2021-10-31,168868.7137813352
214976,2021-11-30,165172.41599887473
214976,2021-12-31,162876.48829269642
214976,2022-01-31,163333.1116862289
214976,2022-02-28,166610.3930361216
214976,2022-03-31,171247.31381987088
214976,2022-04-30,175566.1858548076
214976,2022-05-31,178590.97591556716
214976,2022-06-30,180605.91952663087
214976,2022-07-31,180696.5641757988
214976,2022-08-31,179497.42606703835
214976,2022-09-30,178240.20780148974
214976,2022-10-31,177875.61892781648
214976,2022-11-30,178163.66900444243
214976,2022-12-31,177237.88417532085
214976,2023-01-31,175153.08871127284
214976,2023-02-28,172369.9719405043
214976,2023-03-31,170129.229228864
214976,2023-04-30,168528.4711646001
214976,2023-05-31,167670.99412827683
214976,2023-06-30,167933.07598354554
214976,2023-07-31,168784.60278958498
214976,2023-08-31,170066.25312283885
214976,2023-09-30,170843.03577184465
214976,2023-10-31,171356.4333260474
214976,2023-11-30,171988.7708315947
214976,2023-12-31,172594.2081832869
214976,2024-01-31,172912.45195012403
214976,2024-02-29,172877.56780324402
214976,2024-03-31,172829.51923662398
214976,2024-04-30,173513.600314345
214976,2024-05-31,174587.38462443382
214976,2024-06-30,175650.77305359545
214976,2024-07-31,176228.21386188237
214976,2024-08-31,176045.97980316132
214976,2024-09-30,176212.28558930825
214976,2024-10-31,176257.26961316422
214976,2024-11-30,177086.1605151602
214976,2024-12-31,178237.2365450015
214976,2025-01-31,179716.28951049363
214976,2025-02-28,180674.80307335555
214976,2025-03-31,181269.9745994121
214976,2025-04-30,181379.6051101239
214976,2025-05-31,181295.0076452496
214976,2025-06-30,181043.51551350704
214976,2025-07-31,181491.86765739863
214976,2025-08-31,181936.6013052068
214976,2025-09-30,182719.3099324728
214976,2025-10-31,183101.99997857164
214976,2025-11-30,183685.5659182669
214976,2025-12-31,184365.055381478
214976,2026-01-31,185302.4494558049
214976,2026-02-28,186457.40004947115
214976,2026-03-31,186891.26017725724
214976,2026-04-30,186875.6943037304
214976,2026-05-31,186406.30982654012
214976,2026-06-30,186032.6415686028
214976,2026-07-31,185653.26052215105
214976,2026-08-31,185279.38030090823
215792,2016-09-30,224540.90322494437
215792,2016-10-31,225572.41445195628
215792,2016-11-30,226715.0661086746
215792,2016-12-31,228082.01153211575
215792,2017-01-31,228904.0963570437
215792,2017-02-28,229139.6858114201
215792,2017-03-31,228882.71405661904
215792,2017-04-30,228953.308340535
215792,2017-05-31,229701.22195667087
215792,2017-06-30,231011.10734344056
215792,2017-07-31,232355.03202230265
215792,2017-08-31,233657.68784545775
215792,2017-09-30,234836.6015189988
215792,2017-10-31,236383.4926427877
215792,2017-11-30,238109.072060811
215792,2017-12-31,239981.63664980067
215792,2018-01-31,241357.14629926885
215792,2018-02-28,242616.9778421129
215792,2018-03-31,243792.4854665696
215792,2018-04-30,244769.4386866521
215792,2018-05-31,245626.6547989848
215792,2018-06-30,246071.86574516585
215792,2018-07-31,246841.47574562
215792,2018-08-31,247805.45707779712
215792,2018-09-30,249382.43824813407
215792,2018-10-31,251373.6146804722
215792,2018-11-30,253765.6368444428
215792,2018-12-31,256564.85271039445
215792,2019-01-31,259375.8997457047
215792,2019-02-28,262267.5368390782
215792,2019-03-31,264895.300886753
215792,2019-04-30,267251.79443653004
215792,2019-05-31,268823.5833388871
215792,2019-06-30,270004.9461100769
215792,2019-07-31,271063.22958955244
215792,2019-08-31,272250.1677324049
215792,2019-09-30,273359.3050844627
215792,2019-10-31,274630.3312437144
215792,2019-11-30,276359.33799916337
215792,2019-12-31,278398.24189281766
215792,2020-01-31,280314.1610144072
215792,2020-02-29,281883.45473384944
215792,2020-03-31,283464.7984127232
215792,2020-04-30,285239.36939354584
215792,2020-05-31,286071.1619406032
215792,2020-06-30,285933.2005261348
215792,2020-07-31,285650.8676811379
215792,2020-08-31,286641.69498210115
215792,2020-09-30,289363.57242235134
215792,2020-10-31,292790.129396324
215792,2020-11-30,296624.32945159375
215792,2020-12-31,300238.77348058927
215792,2021-01-31,303739.4613014684
215792,2021-02-28,307505.1691234692
215792,2021-03-31,311402.1391030359
215792,2021-04-30,315058.58172828925
215792,2021-05-31,318473.255909832
215792,2021-06-30,321555.6440015501
215792,2021-07-31,324337.1101055872
215792,2021-08-31,326257.6544823549
215792,2021-09-30,326809.08706435346
215792,2021-10-31,326908.6440840436
215792,2021-11-30,327532.8036308471
215792,2021-12-31,329127.78795835417
215792,2022-01-31,331696.9899895903
215792,2022-02-28,334881.7807150543
215792,2022-03-31,338875.70949043747
215792,2022-04-30,343688.33177581825
215792,2022-05-31,348322.7523197438
215792,2022-06-30,352697.4155554566
215792,2022-07-31,355004.46759241266
215792,2022-08-31,355148.3750053121
215792,2022-09-30,353448.2473143104
215792,2022-10-31,351790.2175278173
215792,2022-11-30,350573.1082333399
215792,2022-12-31,349155.3035107047
215792,2023-01-31,348059.0939320489
215792,2023-02-28,347070.08565410186
215792,2023-03-31,347430.28908995126
215792,2023-04-30,348517.9482847669
215792,2023-05-31,350834.9790626547
215792,2023-06-30,353375.3055035397
215792,2023-07-31,355521.4956198732
215792,2023-08-31,357176.0049845323
215792,2023-09-30,357817.65718828625
215792,2023-10-31,357978.8182226128
215792,2023-11-30,357680.59264741914
215792,2023-12-31,357627.5371115832
215792,2024-01-31,358153.1249549018
215792,2024-02-29,359554.786797178
215792,2024-03-31,362067.2966421422
215792,2024-04-30,365204.03139643633
215792,2024-05-31,367747.9983089531
215792,2024-06-30,369167.04738024506
215792,2024-07-31,369695.8594771915
215792,2024-08-31,370313.948637168
215792,2024-09-30,371397.0517051586
215792,2024-10-31,372744.2659103756
215792,2024-11-30,374407.087463337
215792,2024-12-31,376035.266288964
215792,2025-01-31,377721.2813614092
215792,2025-02-28,379362.6746215236
215792,2025-03-31,381011.6336494425
215792,2025-04-30,382888.3964605978
215792,2025-05-31,384630.79481392686
215792,2025-06-30,386186.1712908256
215792,2025-07-31,387443.5493114085
215792,2025-08-31,388398.4453529376
215792,2025-09-30,389125.0502754324
215792,2025-10-31,389018.2958007813
215792,2025-11-30,388572.1467805316
215792,2025-12-31,388657.3473270883
215792,2026-01-31,389394.1468571665
215792,2026-02-28,390867.7818024381
215792,2026-03-31,392350.8888480228
215792,2026-04-30,393251.5322424932
215792,2026-05-31,393484.6360655799
215792,2026-06-30,392870.5669467829
215792,2026-07-31,392418.4566516928
215792,2026-08-31,392214.6331295764
220532,2016-09-30,161459.39961474217
220532,2016-10-31,163271.40518890208
220532,2016-11-30,164777.77852363372
220532,2016-12-31,165910.97587334164
220532,2017-01-31,167148.00068110737
220532,2017-02-28,169070.93524068702
220532,2017-03-31,171725.2004996874
220532,2017-04-30,174311.6475346226
220532,2017-05-31,176430.59209648232
220532,2017-06-30,178675.7847087099
220532,2017-07-31,181418.23053959257
220532,2017-08-31,184299.69602725876
220532,2017-09-30,186506.78263288265
220532,2017-10-31,188276.32771522205
220532,2017-11-30,189751.49379974496
220532,2017-12-31,191323.84138030777
220532,2018-01-31,192417.32727001025
220532,2018-02-28,193231.61918802583
220532,2018-03-31,194422.2262795244
220532,2018-04-30,195962.9731533448
220532,2018-05-31,198131.2149381657
220532,2018-06-30,200268.23183605575
220532,2018-07-31,202453.5713974669
220532,2018-08-31,204131.6881091228
220532,2018-09-30,205577.26372768544
220532,2018-10-31,207419.5992418304
220532,2018-11-30,210086.59310505152
220532,2018-12-31,212568.16828953876
220532,2019-01-31,214355.42477850945
220532,2019-02-28,215927.6142018893
220532,2019-03-31,217435.40408142927
220532,2019-04-30,218838.21104174716
220532,2019-05-31,219624.1691245418
220532,2019-06-30,220240.3855016493
220532,2019-07-31,221009.43447716688
220532,2019-08-31,221769.25752612491
220532,2019-09-30,222567.79592062056
220532,2019-10-31,223933.38061451857
220532,2019-11-30,226138.5058952481
220532,2019-12-31,228858.9475764765
220532,2020-01-31,231897.42664913577
220532,2020-02-29,235002.3886591353
220532,2020-03-31,237980.2996228187
220532,2020-04-30,240080.984870358
220532,2020-05-31,240736.18359801872
220532,2020-06-30,241199.22788259533
220532,2020-07-31,241831.8281388113
220532,2020-08-31,243356.43292663863
220532,2020-09-30,245485.9899127738
220532,2020-10-31,248122.06965968956
220532,2020-11-30,251505.8092400233
220532,2020-12-31,255062.59812058523
220532,2021-01-31,259156.5548025212
220532,2021-02-28,263575.33529566467
220532,2021-03-31,267845.0023590496
220532,2021-04-30,271525.88529253704
220532,2021-05-31,275387.510250496
220532,2021-06-30,279985.48692762275
220532,2021-07-31,284222.53512522345
220532,2021-08-31,286662.1978897871
220532,2021-09-30,287356.7906111499
220532,2021-10-31,287765.2449221098
220532,2021-11-30,289608.55709365685
220532,2021-12-31,292559.1396284781
220532,2022-01-31,300259.0354588889
220532,2022-02-28,311331.17597049015
220532,2022-03-31,324883.9605301083
220532,2022-04-30,336450.1615124638
220532,2022-05-31,345749.99023058434
220532,2022-06-30,353965.2651388529
220532,2022-07-31,360401.6106562727
220532,2022-08-31,364755.6495654399
220532,2022-09-30,367058.5846756546
220532,2022-10-31,368563.9268792882
220532,2022-11-30,369909.2289876808
220532,2022-12-31,371157.4301582317
220532,2023-01-31,372519.2414229543
220532,2023-02-28,373988.47544996295
220532,2023-03-31,376086.69589678384
220532,2023-04-30,378436.4809776286
220532,2023-05-31,380836.2747225239
220532,2023-06-30,384487.780632657
220532,2023-07-31,388690.7843023087
220532,2023-08-31,393507.1853391661
220532,2023-09-30,397426.9249351814
220532,2023-10-31,400785.7080031228
220532,2023-11-30,404230.6312954127
220532,2023-12-31,407269.6986666517
220532,2024-01-31,409797.5245920324
220532,2024-02-29,412182.4715974426
220532,2024-03-31,414798.53209783975
220532,2024-04-30,417921.4595969415
220532,2024-05-31,420640.4148431851
220532,2024-06-30,422796.5104257604
220532,2024-07-31,424570.2467952827
220532,2024-08-31,426189.5926858903
220532,2024-09-30,426951.2289301462
220532,2024-10-31,426725.7145309837
220532,2024-11-30,424479.47639521776
220532,2024-12-31,422506.2065314285
220532,2025-01-31,421207.4313221791
220532,2025-02-28,420751.4439649575
220532,2025-03-31,419235.4742976152
220532,2025-04-30,416851.98916097736
220532,2025-05-31,415358.6983163792
220532,2025-06-30,413684.12747339206
220532,2025-07-31,411588.5667872455
220532,2025-08-31,408764.7533744052
220532,2025-09-30,407381.2517976842
220532,2025-10-31,407515.001760769
220532,2025-11-30,408618.8829395215
220532,2025-12-31,410272.16943807295
220532,2026-01-31,412045.6170209918
220532,2026-02-28,412997.0756372924
220532,2026-03-31,412944.6551123001
220532,2026-04-30,412826.0559142388
220532,2026-05-31,413282.78513368376
220532,2026-06-30,414657.8967373376
220532,2026-07-31,416233.28071083775
220532,2026-08-31,418383.3583888668
232166,2016-09-30,211548.2910954502
232166,2016-10-31,212773.9801359481
232166,2016-11-30,214146.3164189644
232166,2016-12-31,215387.88409973084
232166,2017-01-31,216202.0938878362
232166,2017-02-28,216598.57866846552
232166,2017-03-31,217135.6969279
232166,2017-04-30,218043.7864299
232166,2017-05-31,219301.7086645232
232166,2017-06-30,220470.1325500206
232166,2017-07-31,221172.00233568755
232166,2017-08-31,221859.5097590605
232166,2017-09-30,222606.38226125247
232166,2017-10-31,223715.05495825375
232166,2017-11-30,224807.1586723743
232166,2017-12-31,225890.2558808924
232166,2018-01-31,226945.4329434624
232166,2018-02-28,227796.0768822798
232166,2018-03-31,228775.2669361117
232166,2018-04-30,229844.76759154824
232166,2018-05-31,231229.21925857515
232166,2018-06-30,232611.4763710877
232166,2018-07-31,234117.7917429641
232166,2018-08-31,235334.06205391957
232166,2018-09-30,236322.99083363105
232166,2018-10-31,236952.28546252305
232166,2018-11-30,237587.75230507413
232166,2018-12-31,238172.6476930496
232166,2019-01-31,238834.08239238051
232166,2019-02-28,239749.8898097546
232166,2019-03-31,240865.7373782191
232166,2019-04-30,241826.80725082965
232166,2019-05-31,242426.96886138548
232166,2019-06-30,242655.5767737997
232166,2019-07-31,242676.80339506903
232166,2019-08-31,242574.30557933767
232166,2019-09-30,242706.05854440227
232166,2019-10-31,243152.81767903944
232166,2019-11-30,243926.13307336127
232166,2019-12-31,244816.0467845962
232166,2020-01-31,245895.66504785023
232166,2020-02-29,246956.7866588131
232166,2020-03-31,247993.50824157856
232166,2020-04-30,248734.6458202278
232166,2020-05-31,249151.9071024469
232166,2020-06-30,249664.260456272
232166,2020-07-31,250417.5907369096
232166,2020-08-31,251864.4721795213
232166,2020-09-30,253832.26751740265
232166,2020-10-31,256178.3071447005
232166,2020-11-30,258808.56607126535
232166,2020-12-31,261301.3571528336
232166,2021-01-31,264053.93962689326
232166,2021-02-28,266864.7157287724
232166,2021-03-31,270119.2834716492
232166,2021-04-30,273441.1268721795
232166,2021-05-31,277433.89549044817
232166,2021-06-30,281610.5520931909
232166,2021-07-31,285265.2487894882
232166,2021-08-31,287526.2480152384
232166,2021-09-30,288557.07526779943
232166,2021-10-31,289757.31685358257
232166,2021-11-30,291816.5163931965
232166,2021-12-31,294727.01962909085
232166,2022-01-31,299010.9150623592
232166,2022-02-28,304332.7354296084
232166,2022-03-31,310646.8773076293
232166,2022-04-30,316368.1406277669
232166,2022-05-31,320886.13244413893
232166,2022-06-30,324344.07493677794
232166,2022-07-31,326487.3771747463
232166,2022-08-31,327549.12354163965
232166,2022-09-30,327422.5170573204
232166,2022-10-31,326970.34665954456
232166,2022-11-30,326434.1090068402
232166,2022-12-31,325715.20548940287
232166,2023-01-31,324645.47623771045
232166,2023-02-28,323672.3212125236
232166,2023-03-31,322942.48598526226
232166,2023-04-30,322665.7512569888
232166,2023-05-31,322950.5206567554
232166,2023-06-30,324123.6465876604
232166,2023-07-31,325727.35340848827
232166,2023-08-31,327608.19077392336
232166,2023-09-30,328906.0511014708
232166,2023-10-31,329722.3914153313
232166,2023-11-30,329995.1068009316
232166,2023-12-31,330165.52868617163
232166,2024-01-31,330890.09707388026
232166,2024-02-29,331737.02251019824
232166,2024-03-31,333187.242132183
232166,2024-04-30,334713.8191280909
232166,2024-05-31,335873.2533638955
232166,2024-06-30,336201.76415182167
232166,2024-07-31,336001.3476149103
232166,2024-08-31,335516.3719736517
232166,2024-09-30,335208.7062564828
232166,2024-10-31,334665.09221218555
232166,2024-11-30,334205.55686837574
232166,2024-12-31,333466.6481388697
232166,2025-01-31,332884.9097167836
232166,2025-02-28,332231.5569557404
232166,2025-03-31,331172.07272350386
232166,2025-04-30,329435.99421380606
232166,2025-05-31,327582.0977357892
232166,2025-06-30,325767.4995515188
232166,2025-07-31,324482.9337836861
232166,2025-08-31,323418.9637952912
232166,2025-09-30,322731.885040656
232166,2025-10-31,322467.05290758616
232166,2025-11-30,322406.5169896877
232166,2025-12-31,322833.92796330195
232166,2026-01-31,322858.5035012042
232166,2026-02-28,322935.1157417316
232166,2026-03-31,322599.61779347586
232166,2026-04-30,322534.23620392906
232166,2026-05-31,322630.13245669345
232166,2026-06-30,322894.87022474903
232166,2026-07-31,323355.8588394438
232166,2026-08-31,323992.35343194124
238122,2016-09-30,136597.7278562434
238122,2016-10-31,137819.90347196846
238122,2016-11-30,139232.7136779969
238122,2016-12-31,140504.8314972479
238122,2017-01-31,141504.64323680117
238122,2017-02-28,142028.84452850433
238122,2017-03-31,142568.27029809586
238122,2017-04-30,143222.19411133227
238122,2017-05-31,143963.09944874264
238122,2017-06-30,144744.17552692952
238122,2017-07-31,145274.69836515185
238122,2017-08-31,145832.06708897848
238122,2017-09-30,146360.25345985644
238122,2017-10-31,147123.33173218893
238122,2017-11-30,147911.03958429964
238122,2017-12-31,148522.7697350021
238122,2018-01-31,149004.9022856948
238122,2018-02-28,149356.69861326224
238122,2018-03-31,149897.45028043792
238122,2018-04-30,150504.53873674574
238122,2018-05-31,151382.47303837215
238122,2018-06-30,152235.30107017382
238122,2018-07-31,153055.94710411198
238122,2018-08-31,153594.669814727
238122,2018-09-30,154209.41760452316
238122,2018-10-31,154994.69207116662
238122,2018-11-30,155978.26503203393
238122,2018-12-31,157061.4119444492
238122,2019-01-31,158306.27818693945
238122,2019-02-28,159611.61069268538
238122,2019-03-31,160675.1869653959
238122,2019-04-30,161285.40377099355
238122,2019-05-31,161648.52395252456
238122,2019-06-30,161900.15939313886
238122,2019-07-31,162179.8836986534
238122,2019-08-31,162465.76977806818
238122,2019-09-30,162959.16245034084
238122,2019-10-31,163684.07416683692
238122,2019-11-30,164667.26730689622
238122,2019-12-31,165649.79598878665
238122,2020-01-31,166491.28679870756
238122,2020-02-29,167157.71664548482
238122,2020-03-31,167766.2061590605
238122,2020-04-30,168308.0811122808
238122,2020-05-31,168466.1862126655
238122,2020-06-30,168584.89264468834
238122,2020-07-31,168919.5517222732
238122,2020-08-31,169798.45693561257
238122,2020-09-30,171168.22975375663
238122,2020-10-31,172900.71432313372
238122,2020-11-30,175150.69487177196
238122,2020-12-31,177352.23171818224
238122,2021-01-31,179717.65809245236
238122,2021-02-28,182026.31820225145
238122,2021-03-31,184652.29946169516
238122,2021-04-30,187366.9205305676
238122,2021-05-31,190283.43985136223
238122,2021-06-30,193301.2027789975
238122,2021-07-31,195258.26716638272
238122,2021-08-31,196060.8483186437
238122,2021-09-30,195915.6175900948
238122,2021-10-31,196358.14910368016
238122,2021-11-30,197772.90094338384
238122,2021-12-31,199821.2038325287
238122,2022-01-31,203705.10216686036
238122,2022-02-28,208731.7375975588
238122,2022-03-31,214820.1212512157
238122,2022-04-30,220046.1015517833
238122,2022-05-31,224208.32112705449
238122,2022-06-30,227595.34222133504
238122,2022-07-31,230118.5368045758
238122,2022-08-31,231761.588676302
238122,2022-09-30,232562.30202983652
238122,2022-10-31,232964.1351946179
238122,2022-11-30,233277.81088893733
238122,2022-12-31,232956.06308527544
238122,2023-01-31,231996.16343892796
238122,2023-02-28,230661.02329990183
238122,2023-03-31,229902.73035194143
238122,2023-04-30,229865.95741024305
238122,2023-05-31,230707.1962469817
238122,2023-06-30,232026.46505153915
238122,2023-07-31,233366.00088174944
238122,2023-08-31,234855.34281160147
238122,2023-09-30,235910.5451028709
238122,2023-10-31,236831.4268439445
238122,2023-11-30,237331.6151434056
238122,2023-12-31,238063.201705366
238122,2024-01-31,239056.66366477543
238122,2024-02-29,240146.3121706998
238122,2024-03-31,241384.6219826699
238122,2024-04-30,242599.08891619896
238122,2024-05-31,243417.20358740192
238122,2024-06-30,243652.401069182
238122,2024-07-31,243547.54795629776
238122,2024-08-31,243266.45152420257
238122,2024-09-30,242715.6300977854
238122,2024-10-31,241916.21597570623
238122,2024-11-30,241622.88900194783
238122,2024-12-31,241946.14815651684
238122,2025-01-31,242376.80163973817
238122,2025-02-28,242383.24802931552
238122,2025-03-31,241807.30309353137
238122,2025-04-30,240810.56401455175
238122,2025-05-31,239762.88561091223
238122,2025-06-30,238770.45357364285
238122,2025-07-31,238273.5449412261
238122,2025-08-31,237615.5476682952
238122,2025-09-30,236652.2249640593
238122,2025-10-31,235444.9249113384
238122,2025-11-30,234933.6817621692
238122,2025-12-31,235255.12398498468
238122,2026-01-31,235819.4919441057
238122,2026-02-28,236150.51009897268
238122,2026-03-31,235959.3948022544
238122,2026-04-30,235147.26229089295
238122,2026-05-31,234126.23682693503
238122,2026-06-30,232945.3257475415
238122,2026-07-31,232270.47745565677
238122,2026-08-31,231764.6753193208
244509,2016-09-30,451449.4659814804
244509,2016-10-31,453006.74030865007
244509,2016-11-30,455150.4470971359
244509,2016-12-31,457507.74644928897
244509,2017-01-31,459411.5136815338
244509,2017-02-28,461133.2411808689
244509,2017-03-31,462773.63910112856
244509,2017-04-30,464182.3856884401
244509,2017-05-31,465000.5681577034
244509,2017-06-30,465403.3187891101
244509,2017-07-31,465581.7675529286
244509,2017-08-31,465951.5441484788
244509,2017-09-30,466293.3115408732
244509,2017-10-31,467015.6224861804
244509,2017-11-30,467978.8329640101
244509,2017-12-31,469685.0226833583
244509,2018-01-31,471885.6449542626
244509,2018-02-28,473915.0028788674
244509,2018-03-31,475954.4131805901
244509,2018-04-30,476954.903298976
244509,2018-05-31,477994.7382728084
244509,2018-06-30,478043.74898349744
244509,2018-07-31,479133.5224823879
244509,2018-08-31,479805.0000221516
244509,2018-09-30,480445.22987771145
244509,2018-10-31,480002.7784235316
244509,2018-11-30,479969.4106034641
244509,2018-12-31,480767.6094254446
244509,2019-01-31,481880.9891156133
244509,2019-02-28,483842.82791736646
244509,2019-03-31,486389.9633086731
244509,2019-04-30,489628.2815674721
244509,2019-05-31,492167.9869011228
244509,2019-06-30,494114.4600914854
244509,2019-07-31,495135.5144113991
244509,2019-08-31,496176.47703191545
244509,2019-09-30,496982.8420710783
244509,2019-10-31,498270.2953069749
244509,2019-11-30,500076.7256425881
244509,2019-12-31,502747.5279379626
244509,2020-01-31,506121.9645287367
244509,2020-02-29,509454.4291181757
244509,2020-03-31,512866.4859394203
244509,2020-04-30,516140.7748430771
244509,2020-05-31,518161.5517286852
244509,2020-06-30,518724.2925215949
244509,2020-07-31,519026.6524136784
244509,2020-08-31,521700.1444817821
244509,2020-09-30,527076.20147711
244509,2020-10-31,534179.1626757068
244509,2020-11-30,541599.1247749849
244509,2020-12-31,548361.8211880259
244509,2021-01-31,554272.6113153129
244509,2021-02-28,559936.2106190319
244509,2021-03-31,565741.2898237947
244509,2021-04-30,571772.1776872525
244509,2021-05-31,577940.4319044924
244509,2021-06-30,583179.236188578
244509,2021-07-31,585394.0753874624
244509,2021-08-31,584624.1930463441
244509,2021-09-30,581903.805309293
244509,2021-10-31,580147.288932112
244509,2021-11-30,579635.4988720025
244509,2021-12-31,581158.3318763777
244509,2022-01-31,585521.8053911417
244509,2022-02-28,592700.175956437
244509,2022-03-31,602387.3305918678
244509,2022-04-30,611770.4428092958
244509,2022-05-31,620071.6793531267
244509,2022-06-30,624863.0493914286
244509,2022-07-31,625127.036104715
244509,2022-08-31,621106.4247445731
244509,2022-09-30,615589.9813411143
244509,2022-10-31,612429.5576333575
244509,2022-11-30,611004.7234003148
244509,2022-12-31,610228.3697924205
244509,2023-01-31,607136.4998697974
244509,2023-02-28,604327.7300879165
244509,2023-03-31,602274.5436451002
244509,2023-04-30,603914.966254562
244509,2023-05-31,607989.2076648269
244509,2023-06-30,613714.8180071786
244509,2023-07-31,619078.9635380626
244509,2023-08-31,622986.7014465041
244509,2023-09-30,625514.4659146388
244509,2023-10-31,627291.6102321878
244509,2023-11-30,629219.5732413195
244509,2023-12-31,631312.9164964505
244509,2024-01-31,633240.604905045
244509,2024-02-29,635439.0721591507
244509,2024-03-31,639532.9729921914
244509,2024-04-30,644484.1490945971
244509,2024-05-31,648427.9648453542
244509,2024-06-30,649926.939682794
244509,2024-07-31,650695.1958531655
244509,2024-08-31,651540.1809720467
244509,2024-09-30,653175.0329721543
244509,2024-10-31,655313.3367186099
244509,2024-11-30,658093.4872182765
244509,2024-12-31,660876.6115821216
244509,2025-01-31,662895.5380825967
244509,2025-02-28,664450.3161491492
244509,2025-03-31,664625.6469856406
244509,2025-04-30,663747.1841298486
244509,2025-05-31,660425.0741324144
244509,2025-06-30,656924.2941772332
244509,2025-07-31,654350.8539653503
244509,2025-08-31,653812.362413997
244509,2025-09-30,654554.5572154518
244509,2025-10-31,656260.0387201005
244509,2025-11-30,658153.5649781114
244509,2025-12-31,659940.8408710152
244509,2026-01-31,660777.2781691488
244509,2026-02-28,660982.1573691947
244509,2026-03-31,660173.2628078049
244509,2026-04-30,658363.783144671
244509,2026-05-31,656087.8777463216
244509,2026-06-30,655355.301599552
244509,2026-07-31,656701.7558219553
244509,2026-08-31,659575.2701574486
250206,2016-09-30,634398.8149615538
250206,2016-10-31,637037.7561118696
250206,2016-11-30,640638.6340907528
250206,2016-12-31,646570.7356167368
250206,2017-01-31,653669.5609080204
250206,2017-02-28,662832.7342026267
250206,2017-03-31,673474.540412313
250206,2017-04-30,684066.3426950414
250206,2017-05-31,693348.9685829523
250206,2017-06-30,701959.5422696909
250206,2017-07-31,710469.6908436725
250206,2017-08-31,718629.526818903
250206,2017-09-30,725877.5509916026
250206,2017-10-31,732544.9511643657
250206,2017-11-30,739681.6540861815
250206,2017-12-31,748620.9265807957
250206,2018-01-31,759512.5148715932
250206,2018-02-28,771969.7567292983
250206,2018-03-31,785635.2219169106
250206,2018-04-30,797936.4629770083
250206,2018-05-31,808658.6030431887
250206,2018-06-30,813726.1305591767
250206,2018-07-31,817730.5356461542
250206,2018-08-31,818033.2990914984
250206,2018-09-30,815971.493876821
250206,2018-10-31,810436.8407431543
250206,2018-11-30,804565.7094784396
250206,2018-12-31,798961.1034299697
250206,2019-01-31,792413.5347813613
250206,2019-02-28,784170.7186259901
250206,2019-03-31,776517.5260907086
250206,2019-04-30,770211.0827032131
250206,2019-05-31,766097.05804535
250206,2019-06-30,762693.8604797088
250206,2019-07-31,758875.6732705397
250206,2019-08-31,754720.8024585274
250206,2019-09-30,750392.9646777547
250206,2019-10-31,747286.1420547217
250206,2019-11-30,745362.4982740401
250206,2019-12-31,745716.9029610939
250206,2020-01-31,746397.5548326002
250206,2020-02-29,747490.771294648
250206,2020-03-31,748985.9149943003
250206,2020-04-30,751239.9340234183
250206,2020-05-31,751812.5325310016
250206,2020-06-30,749978.0697020158
250206,2020-07-31,748085.8763439041
250206,2020-08-31,747433.1209062611
250206,2020-09-30,749338.5709526999
250206,2020-10-31,750728.1865250516
250206,2020-11-30,753262.4355509039
250206,2020-12-31,754621.2732662911
250206,2021-01-31,755066.5671886174
250206,2021-02-28,754418.6760043106
250206,2021-03-31,753085.3711440145
250206,2021-04-30,752533.7999406572
250206,2021-05-31,751496.7069100887
250206,2021-06-30,749358.9682029606
250206,2021-07-31,747956.3076026117
250206,2021-08-31,746636.1344100126
250206,2021-09-30,747423.4633806326
250206,2021-10-31,749781.1538007553
250206,2021-11-30,754821.4992984398
250206,2021-12-31,761591.0063101231
250206,2022-01-31,769189.7227940621
250206,2022-02-28,777970.765292977
250206,2022-03-31,789034.4169093234
250206,2022-04-30,800884.778780275
250206,2022-05-31,809570.0692870963
250206,2022-06-30,810902.2932767965
250206,2022-07-31,804073.4999862318
250206,2022-08-31,792746.1822262839
250206,2022-09-30,779900.6414960468
250206,2022-10-31,770517.3650170836
250206,2022-11-30,764376.5205587362
250206,2022-12-31,759648.0477194805
250206,2023-01-31,753943.2315620775
250206,2023-02-28,748166.1280261949
250206,2023-03-31,743049.4593745364
250206,2023-04-30,739390.1228938894
250206,2023-05-31,736243.3271830198
250206,2023-06-30,734133.7025599318
250206,2023-07-31,731645.8551904712
250206,2023-08-31,730837.1682509836
250206,2023-09-30,730740.4574918364
250206,2023-10-31,731371.1733936062
250206,2023-11-30,730593.4482359482
250206,2023-12-31,728776.1009183018
250206,2024-01-31,727215.2961462907
250206,2024-02-29,726383.6218102057
250206,2024-03-31,727534.8116981938
250206,2024-04-30,728250.594816744
250206,2024-05-31,728007.214025267
250206,2024-06-30,725828.67090127
250206,2024-07-31,723689.7496384648
250206,2024-08-31,722097.7529105615
250206,2024-09-30,722086.7673794549
250206,2024-10-31,722585.6153465282
250206,2024-11-30,722403.8425848399
250206,2024-12-31,721863.6957744904
250206,2025-01-31,721756.6889580609
250206,2025-02-28,721854.4116725769
250206,2025-03-31,719293.6848031956
250206,2025-04-30,713713.452742044
250206,2025-05-31,706128.1989854691
250206,2025-06-30,699472.1649317914
250206,2025-07-31,693784.9609966832
250206,2025-08-31,690692.6517937122
250206,2025-09-30,690000.5113355011
250206,2025-10-31,692293.9598299118
250206,2025-11-30,694322.9406660915
250206,2025-12-31,694240.0901434007
250206,2026-01-31,693493.1204953504
250206,2026-02-28,691667.1815921988
250206,2026-03-31,688718.0085900632
250206,2026-04-30,682703.8264957845
250206,2026-05-31,676825.7334731981
250206,2026-06-30,672695.0987952775
250206,2026-07-31,670895.0104621573
250206,2026-08-31,669854.8041111062
251975,2016-09-30,185037.41536109344
251975,2016-10-31,187980.6705291801
251975,2016-11-30,191294.45061091665
251975,2016-12-31,194388.44736760863
251975,2017-01-31,197176.91228183848
251975,2017-02-28,200141.0674981269
251975,2017-03-31,203561.94952625636
251975,2017-04-30,207109.0884658229
251975,2017-05-31,210066.1575621697
251975,2017-06-30,212879.8057211515
251975,2017-07-31,215698.910562174
251975,2017-08-31,218381.20831495183
251975,2017-09-30,220435.48588096933
251975,2017-10-31,222226.46302673823
251975,2017-11-30,224537.55012998957
251975,2017-12-31,227447.72310669677
251975,2018-01-31,230596.0172657524
251975,2018-02-28,234019.0349536932
251975,2018-03-31,237611.25489643883
251975,2018-04-30,241430.42540415507
251975,2018-05-31,244903.6411338389
251975,2018-06-30,248186.14852854167
251975,2018-07-31,251642.35832259356
251975,2018-08-31,254856.27396399985
251975,2018-09-30,257472.81892047133
251975,2018-10-31,259488.15771142396
251975,2018-11-30,261360.49806588932
251975,2018-12-31,263386.46295467386
251975,2019-01-31,265972.21886436926
251975,2019-02-28,268814.67721779965
251975,2019-03-31,271761.3357898435
251975,2019-04-30,273708.8646679084
251975,2019-05-31,275289.0518831577
251975,2019-06-30,276385.81220563635
251975,2019-07-31,277466.20469584496
251975,2019-08-31,278423.3608530021
251975,2019-09-30,279596.46582258213
251975,2019-10-31,281330.6922366205
251975,2019-11-30,284061.2803260981
251975,2019-12-31,287691.93121227383
251975,2020-01-31,292050.14238195674
251975,2020-02-29,296786.16485073225
251975,2020-03-31,301590.97859130264
251975,2020-04-30,306098.0046128529
251975,2020-05-31,309039.8622266147
251975,2020-06-30,310903.004471996
251975,2020-07-31,312299.8679896938
251975,2020-08-31,315060.6703408111
251975,2020-09-30,319846.5699691438
251975,2020-10-31,326134.5239226106
251975,2020-11-30,333658.01821769384
251975,2020-12-31,341253.3860793331
251975,2021-01-31,349192.01784587774
251975,2021-02-28,357547.1426893322
251975,2021-03-31,366097.6542505187
251975,2021-04-30,374108.6989106202
251975,2021-05-31,380953.3017426771
251975,2021-06-30,386707.85105053714
251975,2021-07-31,391101.2783691303
251975,2021-08-31,392824.77055276727
251975,2021-09-30,392331.9425714114
251975,2021-10-31,391521.48500917264
251975,2021-11-30,392640.2301569533
251975,2021-12-31,395759.8706569537
251975,2022-01-31,401635.1132683308
251975,2022-02-28,408878.5762597351
251975,2022-03-31,417667.8725925224
251975,2022-04-30,425292.7842179844
251975,2022-05-31,431073.9344686576
251975,2022-06-30,433375.88206679054
251975,2022-07-31,431684.69752339454
251975,2022-08-31,426889.5526135368
251975,2022-09-30,420944.3711603234
251975,2022-10-31,416352.857210898
251975,2022-11-30,412996.98167633504
251975,2022-12-31,410248.91584463214
251975,2023-01-31,407427.6840065848
251975,2023-02-28,405437.1606795401
251975,2023-03-31,404386.7755429034
251975,2023-04-30,404121.6127383137
251975,2023-05-31,403989.52490421344
251975,2023-06-30,404583.8212904407
251975,2023-07-31,405934.47884058
251975,2023-08-31,408238.3809562898
251975,2023-09-30,410113.9779211583
251975,2023-10-31,411551.80129838194
251975,2023-11-30,412641.9226979613
251975,2023-12-31,413781.26382061694
251975,2024-01-31,415308.2668643471
251975,2024-02-29,417288.9816920353
251975,2024-03-31,420422.7918528772
251975,2024-04-30,423656.662427865
251975,2024-05-31,426134.0489426952
251975,2024-06-30,426890.7802368865
251975,2024-07-31,426664.54232897103
251975,2024-08-31,426126.6770386468
251975,2024-09-30,425972.39422260085
251975,2024-10-31,425892.7887103263
251975,2024-11-30,425810.0743861832
251975,2024-12-31,426242.3978540331
251975,2025-01-31,426707.5994408981
251975,2025-02-28,426760.2278753402
251975,2025-03-31,424842.8487193249
251975,2025-04-30,422105.3881641521
251975,2025-05-31,418757.36794889
251975,2025-06-30,416048.1878272199
251975,2025-07-31,413806.1536623594
251975,2025-08-31,412654.8332141424
251975,2025-09-30,412424.3208289156
251975,2025-10-31,412802.6578282369
251975,2025-11-30,413327.2702548817
251975,2025-12-31,414297.1891132637
251975,2026-01-31,415612.9346896706
251975,2026-02-28,416772.237739294
251975,2026-03-31,416431.1380213608
251975,2026-04-30,414662.35399645055
251975,2026-05-31,412599.6182087443
251975,2026-06-30,411239.2529829556
251975,2026-07-31,410536.8000582166
251975,2026-08-31,409909.2347028162
259317,2016-09-30,279841.5599805466
259317,2016-10-31,282399.137461702
259317,2016-11-30,285634.1798826323
259317,2016-12-31,288749.8074562233
259317,2017-01-31,291944.1289629576
259317,2017-02-28,294172.3483446597
259317,2017-03-31,295982.7414860714
259317,2017-04-30,297729.0680742462
259317,2017-05-31,299082.60202495405
259317,2017-06-30,300154.48109479784
259317,2017-07-31,300695.2691856783
259317,2017-08-31,301461.0656788801
259317,2017-09-30,302607.05993623234
259317,2017-10-31,304241.3520512555
259317,2017-11-30,306179.95610917866
259317,2017-12-31,308277.0937275667
259317,2018-01-31,310298.33524422045
259317,2018-02-28,312221.72328210104
259317,2018-03-31,314224.0668271961
259317,2018-04-30,316566.1846792679
259317,2018-05-31,318910.89256298804
259317,2018-06-30,320067.6062483801
259317,2018-07-31,320465.6438239252
259317,2018-08-31,320545.4569523454
259317,2018-09-30,321478.96837734524
259317,2018-10-31,322615.3213089197
259317,2018-11-30,323671.5641623621
259317,2018-12-31,324786.9283691462
259317,2019-01-31,326158.9122508821
259317,2019-02-28,327995.76516655507
259317,2019-03-31,329698.05998641235
259317,2019-04-30,330855.73583264806
259317,2019-05-31,331390.47716724616
259317,2019-06-30,331312.6509169794
259317,2019-07-31,330864.4755964422
259317,2019-08-31,330516.56922257907
259317,2019-09-30,330634.5265245303
259317,2019-10-31,331482.47405984654
259317,2019-11-30,332682.6785183391
259317,2019-12-31,334537.1384499334
259317,2020-01-31,337236.1783351584
259317,2020-02-29,339973.6211483151
259317,2020-03-31,342043.30119034625
259317,2020-04-30,342486.35628050735
259317,2020-05-31,341578.13707758574
259317,2020-06-30,340414.5299257721
259317,2020-07-31,340075.1529123281
259317,2020-08-31,341339.7492793374
259317,2020-09-30,344121.07244114875
259317,2020-10-31,347569.5262470489
259317,2020-11-30,351530.9412277027
259317,2020-12-31,355349.32469997223
259317,2021-01-31,359620.92180588125
259317,2021-02-28,364173.24643281056
259317,2021-03-31,368659.5872083656
259317,2021-04-30,372982.3476361505
259317,2021-05-31,378439.6455385892
259317,2021-06-30,384477.2775204406
259317,2021-07-31,389840.853734338
259317,2021-08-31,393470.0506865411
259317,2021-09-30,395897.6182115295
259317,2021-10-31,399134.5182524315
259317,2021-11-30,403096.0038272805
259317,2021-12-31,408244.2270972272
259317,2022-01-31,415537.499473312
259317,2022-02-28,425100.5599366492
259317,2022-03-31,436379.7260092521
259317,2022-04-30,447950.8531681255
259317,2022-05-31,458748.5543675528
259317,2022-06-30,467841.4321009444
259317,2022-07-31,472828.1262894643
259317,2022-08-31,473595.7026063404
259317,2022-09-30,472277.10315595457
259317,2022-10-31,471098.5621355117
259317,2022-11-30,470283.2934179925
259317,2022-12-31,469343.9428439333
259317,2023-01-31,467892.06541590655
259317,2023-02-28,467348.2865232557
259317,2023-03-31,468279.68126389553
259317,2023-04-30,470146.0239736475
259317,2023-05-31,472642.0640039952
259317,2023-06-30,475558.4102949284
259317,2023-07-31,478754.198559493
259317,2023-08-31,481657.4901391569
259317,2023-09-30,483090.3048292256
259317,2023-10-31,483089.2786419455
259317,2023-11-30,483093.4815585266
259317,2023-12-31,483436.5775224978
259317,2024-01-31,485419.4972575933
259317,2024-02-29,488252.7933726832
259317,2024-03-31,492189.1860445812
259317,2024-04-30,495599.6289078191
259317,2024-05-31,497229.6674723486
259317,2024-06-30,496991.4760727273
259317,2024-07-31,495728.95926772174
259317,2024-08-31,494561.09696690086
259317,2024-09-30,494140.2599092727
259317,2024-10-31,494516.7160040973
259317,2024-11-30,495775.8169356507
259317,2024-12-31,497754.44490028033
259317,2025-01-31,499503.3938374104
259317,2025-02-28,500110.9159336577
259317,2025-03-31,498701.1926194744
259317,2025-04-30,496825.84416660765
259317,2025-05-31,494065.4697004887
259317,2025-06-30,490937.9986955479
259317,2025-07-31,488634.0778605915
259317,2025-08-31,487846.9782480007
259317,2025-09-30,488399.4026337508
259317,2025-10-31,489594.3907399541
259317,2025-11-30,490786.1695923799
259317,2025-12-31,493426.4034031928
259317,2026-01-31,496554.3754571108
259317,2026-02-28,500366.5591842862
259317,2026-03-31,502534.84871982975
259317,2026-04-30,502417.0311262643
259317,2026-05-31,501281.0236582251
259317,2026-06-30,500382.33990461007
259317,2026-07-31,500892.2336875916
259317,2026-08-31,501383.092400987
267699,2016-09-30,298490.67630601773
267699,2016-10-31,300174.29585894506
267699,2016-11-30,302237.17322717496
267699,2016-12-31,305562.59853758017
267699,2017-01-31,309651.73346531484
267699,2017-02-28,314114.0494992586
267699,2017-03-31,318338.511711001
267699,2017-04-30,322344.63918808184
267699,2017-05-31,326215.76350537525
267699,2017-06-30,329587.3203587478
267699,2017-07-31,332083.5760902317
267699,2017-08-31,334201.9925919967
267699,2017-09-30,335755.2267965821
267699,2017-10-31,337466.6225070173
267699,2017-11-30,339331.5266137356
267699,2017-12-31,342090.51164284704
267699,2018-01-31,346047.3634641086
267699,2018-02-28,350535.2998011547
267699,2018-03-31,355394.8943643642
267699,2018-04-30,359608.8467107252
267699,2018-05-31,363304.5081997563
267699,2018-06-30,365507.61657148943
267699,2018-07-31,367930.77355618734
267699,2018-08-31,369604.7829550282
267699,2018-09-30,370840.07678750064
267699,2018-10-31,370861.4423290732
267699,2018-11-30,370907.865147904
267699,2018-12-31,371171.4294564624
267699,2019-01-31,371616.9336225453
267699,2019-02-28,372479.3615000644
267699,2019-03-31,374072.2596237815
267699,2019-04-30,375902.2149811777
267699,2019-05-31,377058.6920012448
267699,2019-06-30,377514.09569754143
267699,2019-07-31,377470.50463651866
267699,2019-08-31,378282.6165985418
267699,2019-09-30,379580.55897697
267699,2019-10-31,382185.1399636464
267699,2019-11-30,385404.83768179687
267699,2019-12-31,389585.23629446514
267699,2020-01-31,394195.8659551304
267699,2020-02-29,399633.5261538915
267699,2020-03-31,405417.4051460273
267699,2020-04-30,410666.071347308
267699,2020-05-31,413679.326290709
267699,2020-06-30,415019.0684322904
267699,2020-07-31,415840.38920269656
267699,2020-08-31,418414.5205144238
267699,2020-09-30,423859.32171803206
267699,2020-10-31,431719.7551894407
267699,2020-11-30,441149.22780239634
267699,2020-12-31,450561.17543254094
267699,2021-01-31,459774.3089462014
267699,2021-02-28,469543.3345109676
267699,2021-03-31,480420.95415554434
267699,2021-04-30,491788.1852740788
267699,2021-05-31,502703.646003752
267699,2021-06-30,511872.35108975
267699,2021-07-31,518702.3441489424
267699,2021-08-31,522382.85568345647
267699,2021-09-30,523903.429572172
267699,2021-10-31,524652.9405264589
267699,2021-11-30,526330.7366129098
267699,2021-12-31,530239.3593129426
267699,2022-01-31,539510.0792266713
267699,2022-02-28,553239.6242331603
267699,2022-03-31,570102.2197687371
267699,2022-04-30,584717.4779655951
267699,2022-05-31,595148.3429867941
267699,2022-06-30,599603.935659225
267699,2022-07-31,597543.7831441216
267699,2022-08-31,590469.8362023609
267699,2022-09-30,581452.8832256888
267699,2022-10-31,574783.6406578064
267699,2022-11-30,570489.5855265516
267699,2022-12-31,567108.7818669392
267699,2023-01-31,562405.9360650838
267699,2023-02-28,558569.240807189
267699,2023-03-31,556233.5638529306
267699,2023-04-30,556858.1332939191
267699,2023-05-31,559548.9882573056
267699,2023-06-30,563411.0603375616
267699,2023-07-31,567207.785293301
267699,2023-08-31,570191.3847882069
267699,2023-09-30,572321.3384160168
267699,2023-10-31,573865.0069472627
267699,2023-11-30,574509.5042656095
267699,2023-12-31,575198.8222373556
267699,2024-01-31,575716.1254056323
267699,2024-02-29,577759.3783723714
267699,2024-03-31,581431.2890169173
267699,2024-04-30,586416.7733967548
267699,2024-05-31,590292.7696608269
267699,2024-06-30,591594.2308087893
267699,2024-07-31,591712.7840245311
267699,2024-08-31,592010.0973276225
267699,2024-09-30,593818.3281395544
267699,2024-10-31,596842.6892972876
267699,2024-11-30,600367.4294491875
267699,2024-12-31,604118.0544318869
267699,2025-01-31,606634.1223706054
267699,2025-02-28,607619.2040227138
267699,2025-03-31,605542.3486513166
267699,2025-04-30,601730.5102600567
267699,2025-05-31,596954.1837689966
267699,2025-06-30,593198.4248881625
267699,2025-07-31,590582.5962321382
267699,2025-08-31,589228.5467483244
267699,2025-09-30,588965.318516675
267699,2025-10-31,589398.9331355123
267699,2025-11-30,589943.6074020601
267699,2025-12-31,590499.0430904533
267699,2026-01-31,590838.3017157443
267699,2026-02-28,590523.2997759719
267699,2026-03-31,588774.4926537982
267699,2026-04-30,585673.2373087802
267699,2026-05-31,582471.4589398477
267699,2026-06-30,580641.5576537215
267699,2026-07-31,580435.0287366974
267699,2026-08-31,581329.3034041243
267900,2016-09-30,303385.9393634328
267900,2016-10-31,303622.2714262009
267900,2016-11-30,304005.2338211061
267900,2016-12-31,304624.57989296486
267900,2017-01-31,305423.4808613202
267900,2017-02-28,306742.8796065837
267900,2017-03-31,308289.9001188448
267900,2017-04-30,309938.3806185759
267900,2017-05-31,311064.0707145634
267900,2017-06-30,311905.5259390788
267900,2017-07-31,312576.03799158643
267900,2017-08-31,313490.9808687401
267900,2017-09-30,314701.590495531
267900,2017-10-31,315870.6837048559
267900,2017-11-30,316761.3966447495
267900,2017-12-31,317630.13878450845
267900,2018-01-31,318932.275790007
267900,2018-02-28,320537.3304470672
267900,2018-03-31,322035.20348850003
267900,2018-04-30,323438.80266484595
267900,2018-05-31,325116.7897947727
267900,2018-06-30,327055.0031110971
267900,2018-07-31,329312.3203313751
267900,2018-08-31,331457.7493646308
267900,2018-09-30,333533.65054279217
267900,2018-10-31,335125.587003015
267900,2018-11-30,336347.571698141
267900,2018-12-31,337259.9384303273
267900,2019-01-31,338487.58268639335
267900,2019-02-28,339889.2385439529
267900,2019-03-31,341048.47031096806
267900,2019-04-30,341795.2367273868
267900,2019-05-31,342371.87280834216
267900,2019-06-30,343056.42244650866
267900,2019-07-31,343839.1232411219
267900,2019-08-31,344924.6250054841
267900,2019-09-30,346688.5259257305
267900,2019-10-31,348799.8397354851
267900,2019-11-30,351278.1830867717
267900,2019-12-31,353676.25315433164
267900,2020-01-31,356803.01888903417
267900,2020-02-29,360153.6157420468
267900,2020-03-31,364260.6612625693
267900,2020-04-30,367924.808854097
267900,2020-05-31,370735.6435790593
267900,2020-06-30,372504.0735238188
267900,2020-07-31,374506.2065499614
267900,2020-08-31,377983.12267746654
267900,2020-09-30,383461.78509549
267900,2020-10-31,389907.8432565916
267900,2020-11-30,396711.1655408465
267900,2020-12-31,403261.41034923145
267900,2021-01-31,409786.2439029488
267900,2021-02-28,416931.5126782279
267900,2021-03-31,425415.6688906623
267900,2021-04-30,435310.9618187852
267900,2021-05-31,447163.7801653184
267900,2021-06-30,459607.5842781736
267900,2021-07-31,471389.66259511065
267900,2021-08-31,481027.931378895
267900,2021-09-30,489147.9955578437
267900,2021-10-31,496276.1799420619
267900,2021-11-30,503058.7947503044
267900,2021-12-31,509303.56223608623
267900,2022-01-31,516626.8983007546
267900,2022-02-28,525896.9486624037
267900,2022-03-31,538102.1391263151
267900,2022-04-30,551511.3261988551
267900,2022-05-31,564540.0029478342
267900,2022-06-30,574807.3872421777
267900,2022-07-31,579591.5971098092
267900,2022-08-31,577273.8328447037
267900,2022-09-30,569204.7432332396
267900,2022-10-31,559668.8918288363
267900,2022-11-30,550115.4383016911
267900,2022-12-31,541080.6623195548
267900,2023-01-31,532705.5316679782
267900,2023-02-28,526500.9342058076
267900,2023-03-31,523670.6590979621
267900,2023-04-30,523582.7117689461
267900,2023-05-31,525622.8335489263
267900,2023-06-30,528866.6131846304
267900,2023-07-31,532692.7585561585
267900,2023-08-31,536734.6457086079
267900,2023-09-30,540259.1663638029
267900,2023-10-31,543437.0243122587
267900,2023-11-30,545735.3208960315
267900,2023-12-31,546654.2377967853
267900,2024-01-31,546595.2090767412
267900,2024-02-29,547215.3730449048
267900,2024-03-31,549446.7375454496
267900,2024-04-30,552281.9111912915
267900,2024-05-31,554298.3510960955
267900,2024-06-30,554412.0225640495
267900,2024-07-31,553336.9957771195
267900,2024-08-31,551169.0286478015
267900,2024-09-30,549407.3279996268
267900,2024-10-31,548030.8367081931
267900,2024-11-30,547232.2534746126
267900,2024-12-31,546708.5735216471
267900,2025-01-31,545748.1217778894
267900,2025-02-28,544260.1330090514
267900,2025-03-31,542176.3320625767
267900,2025-04-30,540584.8734453187
267900,2025-05-31,539172.4608102426
267900,2025-06-30,537663.0453707264
267900,2025-07-31,535792.0014879341
267900,2025-08-31,534292.6317242058
267900,2025-09-30,533203.1455828758
267900,2025-10-31,532954.6760359425
267900,2025-11-30,533402.8832875454
267900,2025-12-31,534626.0660822786
267900,2026-01-31,535712.3432042914
267900,2026-02-28,536802.6665613243
267900,2026-03-31,537374.0686660773
267900,2026-04-30,537175.6710952901
267900,2026-05-31,536122.3228891182
267900,2026-06-30,535046.7617358671
267900,2026-07-31,534567.798264596
267900,2026-08-31,534264.8027927434
267908,2016-09-30,302900.9121894332
267908,2016-10-31,304632.44616506674
267908,2016-11-30,306464.28753625933
267908,2016-12-31,308424.6227701156
267908,2017-01-31,309968.5511860254
267908,2017-02-28,312040.87148122233
267908,2017-03-31,314471.4136438964
267908,2017-04-30,317543.99801903474
267908,2017-05-31,319974.78832882823
267908,2017-06-30,322041.32508769096
267908,2017-07-31,323808.80317345815
267908,2017-08-31,326054.12052155094
267908,2017-09-30,328454.8018204623
267908,2017-10-31,330810.2964558753
267908,2017-11-30,332489.73440328665
267908,2017-12-31,334396.9219276432
267908,2018-01-31,336952.8842179372
267908,2018-02-28,339776.9008491865
267908,2018-03-31,341967.9886970287
267908,2018-04-30,343096.0950016637
267908,2018-05-31,344652.4826267702
267908,2018-06-30,346623.00693902443
267908,2018-07-31,349281.6056296257
267908,2018-08-31,351793.09108169255
267908,2018-09-30,354187.84964463906
267908,2018-10-31,356147.7346432921
267908,2018-11-30,357681.3924207566
267908,2018-12-31,359006.9424084983
267908,2019-01-31,360262.6766994412
267908,2019-02-28,361710.2417726081
267908,2019-03-31,362925.4988601478
267908,2019-04-30,363747.1119968456
267908,2019-05-31,363791.6420264702
267908,2019-06-30,363750.780426033
267908,2019-07-31,363636.5994915415
267908,2019-08-31,364266.2048939024
267908,2019-09-30,365541.9377952055
267908,2019-10-31,367807.7771754223
267908,2019-11-30,370504.1535156285
267908,2019-12-31,372851.4552489027
267908,2020-01-31,376645.6538094736
267908,2020-02-29,381768.62914238265
267908,2020-03-31,388140.8008145392
267908,2020-04-30,393207.0476378586
267908,2020-05-31,396084.8317230612
267908,2020-06-30,397027.75172234775
267908,2020-07-31,397769.1099444463
267908,2020-08-31,400238.605839575
267908,2020-09-30,405484.436757934
267908,2020-10-31,412125.9300158399
267908,2020-11-30,419126.7452310947
267908,2020-12-31,426019.6635003874
267908,2021-01-31,432266.47604663065
267908,2021-02-28,439264.6729876351
267908,2021-03-31,447274.4572461175
267908,2021-04-30,457382.7775047633
267908,2021-05-31,469388.9441741587
267908,2021-06-30,483005.7356314119
267908,2021-07-31,495511.7883027531
267908,2021-08-31,505299.765954878
267908,2021-09-30,511750.6515331865
267908,2021-10-31,517095.5541335264
267908,2021-11-30,522511.2713358935
267908,2021-12-31,528080.6538912175
267908,2022-01-31,534980.0917510121
267908,2022-02-28,543800.0469773967
267908,2022-03-31,556011.7570893329
267908,2022-04-30,570291.956576571
267908,2022-05-31,584962.8738289898
267908,2022-06-30,596399.556130637
267908,2022-07-31,601506.0793449361
267908,2022-08-31,599335.4383708661
267908,2022-09-30,591807.008529217
267908,2022-10-31,583356.1292799362
267908,2022-11-30,574810.989045912
267908,2022-12-31,566358.5833299028
267908,2023-01-31,557578.1499588564
267908,2023-02-28,550531.8834928229
267908,2023-03-31,546855.7416802609
267908,2023-04-30,546152.5788017791
267908,2023-05-31,546982.3609173404
267908,2023-06-30,549562.0677521614
267908,2023-07-31,553118.7760779046
267908,2023-08-31,557123.148726517
267908,2023-09-30,560722.7622677797
267908,2023-10-31,564444.3132526963
267908,2023-11-30,568358.3140239717
267908,2023-12-31,570706.5566251092
267908,2024-01-31,571319.0293649753
267908,2024-02-29,571234.8361312534
267908,2024-03-31,572385.1390249112
267908,2024-04-30,574507.5815943385
267908,2024-05-31,576533.6021075404
267908,2024-06-30,576843.4548346263
267908,2024-07-31,576136.7638486648
267908,2024-08-31,575190.842035099
267908,2024-09-30,574690.3929036092
267908,2024-10-31,574514.3540761813
267908,2024-11-30,573836.8013701383
267908,2024-12-31,572915.7973965622
267908,2025-01-31,570906.7921530311
267908,2025-02-28,568735.9973820782
267908,2025-03-31,565679.24031747
267908,2025-04-30,563230.7508094289
267908,2025-05-31,560715.8660468779
267908,2025-06-30,558771.3734607545
267908,2025-07-31,556882.929043353
267908,2025-08-31,555763.7629765077
267908,2025-09-30,555791.3763619285
267908,2025-10-31,557242.5024234528
267908,2025-11-30,559735.561981114
267908,2025-12-31,562915.5253209071
267908,2026-01-31,565673.3056976544
267908,2026-02-28,567601.6847880214
267908,2026-03-31,567475.5683679531
267908,2026-04-30,565800.1414150868
267908,2026-05-31,563673.2031270218
267908,2026-06-30,562368.4798453528
267908,2026-07-31,562187.2043966164
267908,2026-08-31,562885.4673753289
267912,2016-09-30,150757.47152735418
267912,2016-10-31,152670.96400169432
267912,2016-11-30,154595.85583380485
267912,2016-12-31,156565.80006086055
267912,2017-01-31,158420.0898042262
267912,2017-02-28,160236.31858866022
267912,2017-03-31,161710.0572876518
267912,2017-04-30,162907.98085927227
267912,2017-05-31,163681.802515386
267912,2017-06-30,165157.8271229658
267912,2017-07-31,167348.32503217185
267912,2017-08-31,169737.43155347471
267912,2017-09-30,171850.69956614566
267912,2017-10-31,173478.7259667226
267912,2017-11-30,174997.03488123356
267912,2017-12-31,176721.99067056258
267912,2018-01-31,179479.3546109181
267912,2018-02-28,182833.12834382412
267912,2018-03-31,186216.5840179624
267912,2018-04-30,188349.2405144086
267912,2018-05-31,190032.5157435136
267912,2018-06-30,191468.6515864916
267912,2018-07-31,193723.52509012131
267912,2018-08-31,196204.5281297865
267912,2018-09-30,198733.19661398875
267912,2018-10-31,200425.14065612285
267912,2018-11-30,202104.84706998023
267912,2018-12-31,203746.02364913808
267912,2019-01-31,206165.90367191972
267912,2019-02-28,208944.39367334903
267912,2019-03-31,211756.6971661249
267912,2019-04-30,213715.04753721924
267912,2019-05-31,214742.3424962457
267912,2019-06-30,215426.6194005632
267912,2019-07-31,216066.88957630843
267912,2019-08-31,217066.65507245075
267912,2019-09-30,218264.0759836321
267912,2019-10-31,220032.14519129036
267912,2019-11-30,222186.50858183872
267912,2019-12-31,224645.60536712976
267912,2020-01-31,227861.23321478907
267912,2020-02-29,233196.0990840102
267912,2020-03-31,240209.2612011473
267912,2020-04-30,247149.61868595457
267912,2020-05-31,251507.85411136545
267912,2020-06-30,252769.01547189007
267912,2020-07-31,253049.23337178715
267912,2020-08-31,253994.1525390828
267912,2020-09-30,257107.81655032048
267912,2020-10-31,261213.0080386393
267912,2020-11-30,265888.2096066749
267912,2020-12-31,270814.64209945995
267912,2021-01-31,275565.23596904613
267912,2021-02-28,280390.2494961725
267912,2021-03-31,285861.2933310994
267912,2021-04-30,291823.8270465804
267912,2021-05-31,298610.4502460432
267912,2021-06-30,306012.62071925425
267912,2021-07-31,313691.9827327968
267912,2021-08-31,320605.45288974774
267912,2021-09-30,325703.39079268515
267912,2021-10-31,330416.796607565
267912,2021-11-30,335437.17048516497
267912,2021-12-31,340493.9678770558
267912,2022-01-31,346054.2081204026
267912,2022-02-28,352272.89939752454
267912,2022-03-31,359872.28271653806
267912,2022-04-30,367419.3895641829
267912,2022-05-31,374662.9848834938
267912,2022-06-30,380695.9855336698
267912,2022-07-31,383826.36118266144
267912,2022-08-31,383149.4117990388
267912,2022-09-30,379170.71358466736
267912,2022-10-31,374366.9352420944
267912,2022-11-30,368813.3166269611
267912,2022-12-31,362978.3188185784
267912,2023-01-31,356977.54870413296
267912,2023-02-28,351989.69352673314
267912,2023-03-31,349011.3365422821
267912,2023-04-30,347608.16930601554
267912,2023-05-31,347145.322202201
267912,2023-06-30,347670.5372193668
267912,2023-07-31,349112.05118444725
267912,2023-08-31,351654.3051218621
267912,2023-09-30,354115.0789767701
267912,2023-10-31,356590.23489742936
267912,2023-11-30,358921.506583736
267912,2023-12-31,360382.7291999194
267912,2024-01-31,360984.5102585056
267912,2024-02-29,360937.2109388682
267912,2024-03-31,361061.69788583793
267912,2024-04-30,361463.4169247141
267912,2024-05-31,361874.6298369135
267912,2024-06-30,361869.1575770729
267912,2024-07-31,361274.2201084434
267912,2024-08-31,360163.7810529557
267912,2024-09-30,358858.59338499856
267912,2024-10-31,357923.1803801471
267912,2024-11-30,357262.8064865361
267912,2024-12-31,357196.7973696245
267912,2025-01-31,356487.417657589
267912,2025-02-28,354486.9312594247
267912,2025-03-31,350873.2871448621
267912,2025-04-30,347437.00406103773
267912,2025-05-31,344366.66720965714
267912,2025-06-30,342116.9934754964
267912,2025-07-31,340310.4208102348
267912,2025-08-31,339585.3205103866
267912,2025-09-30,339623.91735212086
267912,2025-10-31,339621.5963056848
267912,2025-11-30,339567.5016075756
267912,2025-12-31,339485.08647820354
267912,2026-01-31,340024.9971791906
267912,2026-02-28,340403.2590003789
267912,2026-03-31,339947.94720253
267912,2026-04-30,338405.34357112896
267912,2026-05-31,336336.6351135286
267912,2026-06-30,335046.0960101746
267912,2026-07-31,334381.8383954707
267912,2026-08-31,334923.9256086259
267919,2016-09-30,396918.2630584275
267919,2016-10-31,397656.29488910455
267919,2016-11-30,398582.7447220294
267919,2016-12-31,399900.4075359083
267919,2017-01-31,400862.7452883779
267919,2017-02-28,402151.1181954339
267919,2017-03-31,403560.6308473544
267919,2017-04-30,405304.9155644013
267919,2017-05-31,406558.3244814504
267919,2017-06-30,407536.2709392355
267919,2017-07-31,408347.43260641024
267919,2017-08-31,409315.148723606
267919,2017-09-30,410518.5750509191
267919,2017-10-31,411836.0921740247
267919,2017-11-30,412818.3526283227
267919,2017-12-31,413865.22019061126
267919,2018-01-31,415317.2388735624
267919,2018-02-28,417213.1827171007
267919,2018-03-31,419017.9533273098
267919,2018-04-30,420926.0456525458
267919,2018-05-31,423266.33533173177
267919,2018-06-30,425910.21881187736
267919,2018-07-31,428685.0053793383
267919,2018-08-31,431067.1539856196
267919,2018-09-30,433272.92171879817
267919,2018-10-31,434914.41039161367
267919,2018-11-30,436309.7712323239
267919,2018-12-31,437476.0942370978
267919,2019-01-31,438569.7159465776
267919,2019-02-28,439607.0080547554
267919,2019-03-31,440393.7377994055
267919,2019-04-30,441074.49838723073
267919,2019-05-31,441543.7748780828
267919,2019-06-30,441999.9055233098
267919,2019-07-31,442455.5635554618
267919,2019-08-31,443381.7564478743
267919,2019-09-30,445042.6879898215
267919,2019-10-31,447215.09384154907
267919,2019-11-30,449953.8301492099
267919,2019-12-31,452707.856654233
267919,2020-01-31,455960.9603129684
267919,2020-02-29,458989.0782172159
267919,2020-03-31,462355.05990373326
267919,2020-04-30,465272.5223299104
267919,2020-05-31,467527.6176497831
267919,2020-06-30,469395.5605526005
267919,2020-07-31,471825.94483202486
267919,2020-08-31,475993.09647258505
267919,2020-09-30,482382.32254796353
267919,2020-10-31,490117.93104015896
267919,2020-11-30,498630.21770232666
267919,2020-12-31,506630.0400169233
267919,2021-01-31,514241.9495972378
267919,2021-02-28,522159.3293890738
267919,2021-03-31,532119.1017308169
267919,2021-04-30,544986.417160943
267919,2021-05-31,561751.9621247514
267919,2021-06-30,579948.0957309252
267919,2021-07-31,597045.596568069
267919,2021-08-31,610697.8979302875
267919,2021-09-30,621531.5056097397
267919,2021-10-31,631061.184134815
267919,2021-11-30,640375.6055923725
267919,2021-12-31,649679.4850432203
267919,2022-01-31,660238.8081374179
267919,2022-02-28,673607.9902823471
267919,2022-03-31,690790.438813341
267919,2022-04-30,710308.4740098786
267919,2022-05-31,729677.1894151546
267919,2022-06-30,744898.7353401791
267919,2022-07-31,751688.3885354999
267919,2022-08-31,748296.9592044858
267919,2022-09-30,737395.7176949495
267919,2022-10-31,725597.8304484825
267919,2022-11-30,713984.6203965949
267919,2022-12-31,703731.6370848011
267919,2023-01-31,693594.4983050285
267919,2023-02-28,686750.2308234673
267919,2023-03-31,683813.1609897768
267919,2023-04-30,684502.8706439516
267919,2023-05-31,687701.6097630848
267919,2023-06-30,692699.6130185482
267919,2023-07-31,698657.665972565
267919,2023-08-31,704433.1912335925
267919,2023-09-30,709456.2679099463
267919,2023-10-31,713981.6698929667
267919,2023-11-30,717540.4500026532
267919,2023-12-31,719540.1730896324
267919,2024-01-31,720061.8545285504
267919,2024-02-29,721297.9139752705
267919,2024-03-31,724654.9992034022
267919,2024-04-30,729304.7427072049
267919,2024-05-31,733157.9804426366
267919,2024-06-30,733747.648444624
267919,2024-07-31,732187.3219376826
267919,2024-08-31,729388.3395058578
267919,2024-09-30,726924.641362506
267919,2024-10-31,725753.6831212193
267919,2024-11-30,725443.9686491111
267919,2024-12-31,725544.7894308168
267919,2025-01-31,725154.6275182016
267919,2025-02-28,724314.5137252581
267919,2025-03-31,723849.9718857032
267919,2025-04-30,724078.998038915
267919,2025-05-31,724286.7338702077
267919,2025-06-30,723900.8508284492
267919,2025-07-31,722640.0832187622
267919,2025-08-31,721419.3941093283
267919,2025-09-30,721142.0384894091
267919,2025-10-31,722134.9239836294
267919,2025-11-30,724315.5249398592
267919,2025-12-31,727117.5713954149
267919,2026-01-31,729525.4282683437
267919,2026-02-28,731475.5678907143
267919,2026-03-31,731999.6049211598
267919,2026-04-30,730958.1718075903
267919,2026-05-31,728867.6972640079
267919,2026-06-30,727258.0663370593
267919,2026-07-31,726891.4601778336
267919,2026-08-31,727582.5921269325
267955,2016-09-30,190603.5478857564
267955,2016-10-31,192073.1733173258
267955,2016-11-30,193503.5623135404
267955,2016-12-31,194648.1271823661
267955,2017-01-31,195898.2592272923
267955,2017-02-28,197368.57539130904
267955,2017-03-31,199077.12766363757
267955,2017-04-30,200623.26522209132
267955,2017-05-31,201982.0226932412
267955,2017-06-30,203345.28414149032
267955,2017-07-31,204599.4740791568
267955,2017-08-31,205794.56742475572
267955,2017-09-30,206948.0939846323
267955,2017-10-31,208196.492086685
267955,2017-11-30,209350.87203615892
267955,2017-12-31,210453.3523305095
267955,2018-01-31,212110.1039369001
267955,2018-02-28,214192.61296523223
267955,2018-03-31,216371.7301861229
267955,2018-04-30,217893.58392617627
267955,2018-05-31,219485.10168320025
267955,2018-06-30,221237.0569965658
267955,2018-07-31,223435.1738781846
267955,2018-08-31,225291.39368555337
267955,2018-09-30,226800.89400488677
267955,2018-10-31,227935.72159981992
267955,2018-11-30,229159.53944627728
267955,2018-12-31,230406.4958123582
267955,2019-01-31,232086.40607070585
267955,2019-02-28,234163.657232678
267955,2019-03-31,236057.67868616185
267955,2019-04-30,237493.02090594964
267955,2019-05-31,238274.7036396413
267955,2019-06-30,239217.6572556371
267955,2019-07-31,240020.05989519623
267955,2019-08-31,240999.07528842267
267955,2019-09-30,241980.94526686787
267955,2019-10-31,243430.5451451888
267955,2019-11-30,245383.02188074923
267955,2019-12-31,247622.1022483901
267955,2020-01-31,250434.2378015923
267955,2020-02-29,253783.8419909149
267955,2020-03-31,257628.09806035107
267955,2020-04-30,260939.8318829095
267955,2020-05-31,262987.9684813779
267955,2020-06-30,263952.3964028722
267955,2020-07-31,265124.0456888413
267955,2020-08-31,267272.3027808084
267955,2020-09-30,271236.7304661471
267955,2020-10-31,275985.5244182793
267955,2020-11-30,281469.45619092305
267955,2020-12-31,286922.9596000766
267955,2021-01-31,292421.97529537394
267955,2021-02-28,298243.7264503724
267955,2021-03-31,304894.9299277157
267955,2021-04-30,312225.9424560903
267955,2021-05-31,320463.0819446612
267955,2021-06-30,329506.3737904478
267955,2021-07-31,338631.06879877305
267955,2021-08-31,346602.3598374978
267955,2021-09-30,352889.4149526016
267955,2021-10-31,358417.0026401078
267955,2021-11-30,364138.8655920856
267955,2021-12-31,369817.3834488808
267955,2022-01-31,375811.7636917706
267955,2022-02-28,382500.43289687176
267955,2022-03-31,390504.1803004511
267955,2022-04-30,399247.6675222277
267955,2022-05-31,407834.984100303
267955,2022-06-30,414978.4520086017
267955,2022-07-31,418339.318640502
267955,2022-08-31,416845.5905290966
267955,2022-09-30,411089.7179866717
267955,2022-10-31,403937.387191545
267955,2022-11-30,396334.8355251803
267955,2022-12-31,389033.313373204
267955,2023-01-31,381971.5121525633
267955,2023-02-28,376615.4996371276
267955,2023-03-31,373684.8831516043
267955,2023-04-30,372941.2140460601
267955,2023-05-31,373768.3854114522
267955,2023-06-30,375454.5350205191
267955,2023-07-31,378178.18173274194
267955,2023-08-31,381513.1469189653
267955,2023-09-30,384720.4472310616
267955,2023-10-31,387471.9172305266
267955,2023-11-30,389557.3828255162
267955,2023-12-31,390940.6742343051
267955,2024-01-31,391601.3722491672
267955,2024-02-29,392233.0452759215
267955,2024-03-31,393479.83131583553
267955,2024-04-30,395371.1154050217
267955,2024-05-31,397068.8725094164
267955,2024-06-30,397779.7571722069
267955,2024-07-31,397446.86636997183
267955,2024-08-31,396273.7805553295
267955,2024-09-30,394876.2673074049
267955,2024-10-31,393579.6903494781
267955,2024-11-30,392601.8489811789
267955,2024-12-31,392367.81351621775
267955,2025-01-31,391869.2468793835
267955,2025-02-28,390393.7284806082
267955,2025-03-31,387752.32245184056
267955,2025-04-30,385420.94131781737
267955,2025-05-31,383513.88301819423
267955,2025-06-30,381562.3259226083
267955,2025-07-31,379158.3445011357
267955,2025-08-31,376675.8493376458
267955,2025-09-30,374748.3702233834
267955,2025-10-31,373728.4722073271
267955,2025-11-30,373615.4435826379
267955,2025-12-31,374008.9955736199
267955,2026-01-31,374452.7654723095
267955,2026-02-28,374899.0512699049
267955,2026-03-31,374994.2652710418
267955,2026-04-30,374445.583819509
267955,2026-05-31,373286.9656196313
267955,2026-06-30,372013.0563090056
267955,2026-07-31,371210.73820590274
267955,2026-08-31,371038.774621556
267971,2016-09-30,169261.55694450423
267971,2016-10-31,170775.3444615703
267971,2016-11-30,172331.6246919348
267971,2016-12-31,173585.6530628848
267971,2017-01-31,174867.6913300266
267971,2017-02-28,176386.87752881428
267971,2017-03-31,178224.64922832572
267971,2017-04-30,180030.32883479525
267971,2017-05-31,181613.52441966732
267971,2017-06-30,183171.0408489987
267971,2017-07-31,184932.54709042155
267971,2017-08-31,186625.30934437085
267971,2017-09-30,188164.92297308377
267971,2017-10-31,189375.6295256368
267971,2017-11-30,190575.0548136533
267971,2017-12-31,191669.34793122884
267971,2018-01-31,193208.48348809156
267971,2018-02-28,195179.13075254604
267971,2018-03-31,197386.2869891225
267971,2018-04-30,199064.13579274225
267971,2018-05-31,200667.24601838776
267971,2018-06-30,202130.09551609465
267971,2018-07-31,204056.50356067767
267971,2018-08-31,205788.72217271093
267971,2018-09-30,207725.2233577106
267971,2018-10-31,209186.6449212162
267971,2018-11-30,210676.14675570457
267971,2018-12-31,212133.40528022256
267971,2019-01-31,214278.15415035625
267971,2019-02-28,216792.2616795801
267971,2019-03-31,219123.80716480516
267971,2019-04-30,220875.985391824
267971,2019-05-31,221982.66521679016
267971,2019-06-30,222940.7994530777
267971,2019-07-31,223775.97437514336
267971,2019-08-31,224971.4039801693
267971,2019-09-30,226297.2785967656
267971,2019-10-31,227958.4205420441
267971,2019-11-30,229862.8731282045
267971,2019-12-31,232018.3015386254
267971,2020-01-31,234872.89393377656
267971,2020-02-29,238581.42777645655
267971,2020-03-31,242947.22939632507
267971,2020-04-30,246847.15915341245
267971,2020-05-31,249473.62892251555
267971,2020-06-30,250755.75850661253
267971,2020-07-31,251861.4956449455
267971,2020-08-31,253548.91295719388
267971,2020-09-30,256774.75230650743
267971,2020-10-31,260802.0683333657
267971,2020-11-30,265618.9779870243
267971,2020-12-31,270757.939853342
267971,2021-01-31,276277.9903010877
267971,2021-02-28,282102.2674851547
267971,2021-03-31,288708.00485974684
267971,2021-04-30,295661.3318858928
267971,2021-05-31,303563.0006122411
267971,2021-06-30,312114.9023524236
267971,2021-07-31,320883.120510441
267971,2021-08-31,328914.7542407071
267971,2021-09-30,335875.27276420506
267971,2021-10-31,342430.83154605987
267971,2021-11-30,348927.5676145188
267971,2021-12-31,354894.71063689934
267971,2022-01-31,361173.9018421424
267971,2022-02-28,368243.3491225136
267971,2022-03-31,376672.13149949256
267971,2022-04-30,385588.2664519137
267971,2022-05-31,393987.880348501
267971,2022-06-30,401057.0770275701
267971,2022-07-31,404687.4287439266
267971,2022-08-31,404005.1098341311
267971,2022-09-30,399218.61192237446
267971,2022-10-31,392794.29833438434
267971,2022-11-30,385405.8241457981
267971,2022-12-31,377844.1216572874
267971,2023-01-31,370438.1234160456
267971,2023-02-28,364570.8552982242
267971,2023-03-31,361193.3864101528
267971,2023-04-30,359914.17794608726
267971,2023-05-31,360212.0679963093
267971,2023-06-30,361616.77785498
267971,2023-07-31,364003.02481197775
267971,2023-08-31,367150.7089130696
267971,2023-09-30,370085.280419668
267971,2023-10-31,372587.1771868
267971,2023-11-30,374355.81182255154
267971,2023-12-31,375513.6313364186
267971,2024-01-31,376218.7852707212
267971,2024-02-29,377039.4485004101
267971,2024-03-31,378275.2968182924
267971,2024-04-30,379645.94252520456
267971,2024-05-31,380707.3185813946
267971,2024-06-30,381062.561318014
267971,2024-07-31,381106.33580570814
267971,2024-08-31,380685.49823016085
267971,2024-09-30,379973.1184792311
267971,2024-10-31,378966.58483457606
267971,2024-11-30,377902.5721883458
267971,2024-12-31,377246.94805385295
267971,2025-01-31,376429.0848228981
267971,2025-02-28,375008.1164306584
267971,2025-03-31,372632.82350378745
267971,2025-04-30,370340.5602146505
267971,2025-05-31,368083.6345273748
267971,2025-06-30,365868.23847268446
267971,2025-07-31,363486.50610257307
267971,2025-08-31,361427.3465668161
267971,2025-09-30,360080.340191053
267971,2025-10-31,359198.1797895038
267971,2025-11-30,358996.31169561466
267971,2025-12-31,359117.8510985326
267971,2026-01-31,359365.56464253325
267971,2026-02-28,359736.7277839079
267971,2026-03-31,359718.6982207804
267971,2026-04-30,358943.4806390805
267971,2026-05-31,357544.2812419082
267971,2026-06-30,356200.2915314796
267971,2026-07-31,355756.6412929592
267971,2026-08-31,355768.6410012369
268219,2016-09-30,1678752.5961333702
268219,2016-10-31,1682471.592901449
268219,2016-11-30,1687426.5667464256
268219,2016-12-31,1695264.341485631
268219,2017-01-31,1700914.2023942631
268219,2017-02-28,1707263.4524811774
268219,2017-03-31,1712244.5291723758
268219,2017-04-30,1719267.130564661
268219,2017-05-31,1728772.2314355748
268219,2017-06-30,1743545.3721174172
268219,2017-07-31,1756081.5630516938
268219,2017-08-31,1765488.2722539653
268219,2017-09-30,1773999.4333918532
268219,2017-10-31,1786777.5560913745
268219,2017-11-30,1805614.3555679775
268219,2017-12-31,1823106.3109758564
268219,2018-01-31,1847443.832954444
268219,2018-02-28,1865270.5565730736
268219,2018-03-31,1877936.3859569177
268219,2018-04-30,1888150.986070896
268219,2018-05-31,1902258.8601476876
268219,2018-06-30,1918355.1630235568
268219,2018-07-31,1915927.1897502723
268219,2018-08-31,1907336.978600843
268219,2018-09-30,1900682.1242748245
268219,2018-10-31,1902121.5571976732
268219,2018-11-30,1902102.809868709
268219,2018-12-31,1894430.8970189467
268219,2019-01-31,1884066.0793321335
268219,2019-02-28,1867177.7803675565
268219,2019-03-31,1851109.3530203076
268219,2019-04-30,1840613.7880318128
268219,2019-05-31,1837700.557876456
268219,2019-06-30,1843958.0940041507
268219,2019-07-31,1856031.9316602887
268219,2019-08-31,1873067.766285748
268219,2019-09-30,1884937.34745148
268219,2019-10-31,1895509.9072775813
268219,2019-11-30,1905052.5168416228
268219,2019-12-31,1916089.0160776812
268219,2020-01-31,1925611.8319257344
268219,2020-02-29,1931001.286788597
268219,2020-03-31,1942004.125008177
268219,2020-04-30,1948569.9812623423
268219,2020-05-31,1943112.0874800684
268219,2020-06-30,1921923.2696770576
268219,2020-07-31,1903832.754711372
268219,2020-08-31,1905485.1986932985
268219,2020-09-30,1921225.4127594207
268219,2020-10-31,1931880.176236892
268219,2020-11-30,1937033.0540653404
268219,2020-12-31,1937883.358314877
268219,2021-01-31,1940594.653878459
268219,2021-02-28,1938628.6963735148
268219,2021-03-31,1941046.125557702
268219,2021-04-30,1950956.7037165891
268219,2021-05-31,1974231.511718788
268219,2021-06-30,2000154.5245987065
268219,2021-07-31,2027445.6379011965
268219,2021-08-31,2045294.740060445
268219,2021-09-30,2056688.46208241
268219,2021-10-31,2059358.654745331
268219,2021-11-30,2068643.4387716935
268219,2021-12-31,2077942.88220808
268219,2022-01-31,2096365.405497359
268219,2022-02-28,2122620.026604663
268219,2022-03-31,2159154.8401400545
268219,2022-04-30,2189039.825806601
268219,2022-05-31,2199608.6355497693
268219,2022-06-30,2185893.092723292
268219,2022-07-31,2152490.971955257
268219,2022-08-31,2104223.3964246023
268219,2022-09-30,2046568.036276016
268219,2022-10-31,1996894.0858895397
268219,2022-11-30,1957576.774907872
268219,2022-12-31,1925852.235319268
268219,2023-01-31,1886478.5215953256
268219,2023-02-28,1852320.9473500804
268219,2023-03-31,1829798.1496340304
268219,2023-04-30,1827385.835865923
268219,2023-05-31,1823883.417451446
268219,2023-06-30,1823568.534226674
268219,2023-07-31,1821509.1854603095
268219,2023-08-31,1824507.4916333864
268219,2023-09-30,1823853.690889787
268219,2023-10-31,1816164.6865569171
268219,2023-11-30,1803707.4185071304
268219,2023-12-31,1784552.215248789
268219,2024-01-31,1762138.571139083
268219,2024-02-29,1739472.148979975
268219,2024-03-31,1734819.6490291208
268219,2024-04-30,1747638.1871051695
268219,2024-05-31,1769157.98445848
268219,2024-06-30,1781060.584299151
268219,2024-07-31,1784482.3085041917
268219,2024-08-31,1781560.0420359552
268219,2024-09-30,1778389.3527631147
268219,2024-10-31,1776204.8979942582
268219,2024-11-30,1775370.209678698
268219,2024-12-31,1772398.3236681635
268219,2025-01-31,1765869.5750844865
268219,2025-02-28,1764450.0841913614
268219,2025-03-31,1765890.376102019
268219,2025-04-30,1770685.5605609769
268219,2025-05-31,1764315.211375126
268219,2025-06-30,1749792.4443577228
268219,2025-07-31,1736404.4469785243
268219,2025-08-31,1733648.5902832171
268219,2025-09-30,1743299.9117986176
268219,2025-10-31,1766097.9239152416
268219,2025-11-30,1793743.8302431535
268219,2025-12-31,1829183.092217212
268219,2026-01-31,1852513.990985553
268219,2026-02-28,1869993.3964970328
268219,2026-03-31,1882573.958312604
268219,2026-04-30,1895051.7080855605
268219,2026-05-31,1919858.8950398215
268219,2026-06-30,1949695.5807733145
268219,2026-07-31,1998072.7751842209
268219,2026-08-31,2056619.6610188077
268379,2016-09-30,428475.6667890234
268379,2016-10-31,427414.20247512223
268379,2016-11-30,427024.1000253265
268379,2016-12-31,427707.6422805158
268379,2017-01-31,429820.9551611753
268379,2017-02-28,432743.3297305846
268379,2017-03-31,436899.71669415553
268379,2017-04-30,440872.6218065575
268379,2017-05-31,444329.1825369813
268379,2017-06-30,447138.7802410261
268379,2017-07-31,449524.4124169222
268379,2017-08-31,453014.7065371634
268379,2017-09-30,457054.8385125364
268379,2017-10-31,461987.019760036
268379,2017-11-30,465832.95138135256
268379,2017-12-31,469980.8977698456
268379,2018-01-31,473979.97147562326
268379,2018-02-28,477790.3290148645
268379,2018-03-31,480614.8408833362
268379,2018-04-30,482792.4034005907
268379,2018-05-31,484657.9953394518
268379,2018-06-30,486315.22728099296
268379,2018-07-31,488014.1746752076
268379,2018-08-31,490149.9849509176
268379,2018-09-30,492066.0364496893
268379,2018-10-31,493584.7502558785
268379,2018-11-30,493804.59049927536
268379,2018-12-31,493444.9297034271
268379,2019-01-31,492810.7161272557
268379,2019-02-28,493106.62655087496
268379,2019-03-31,493964.1872721612
268379,2019-04-30,494777.9378698403
268379,2019-05-31,494462.1579656972
268379,2019-06-30,494192.9414058759
268379,2019-07-31,494115.5424531321
268379,2019-08-31,494788.806270387
268379,2019-09-30,495580.07603027485
268379,2019-10-31,496571.87705912365
268379,2019-11-30,498573.20760743227
268379,2019-12-31,500924.63488810445
268379,2020-01-31,504135.79276450345
268379,2020-02-29,507110.95243693417
268379,2020-03-31,510553.1293821128
268379,2020-04-30,513016.2139271639
268379,2020-05-31,514101.6805540289
268379,2020-06-30,514211.6649042678
268379,2020-07-31,515329.7706474667
268379,2020-08-31,518969.0934073096
268379,2020-09-30,525248.8122946966
268379,2020-10-31,533170.5819566344
268379,2020-11-30,542484.9295880242
268379,2020-12-31,552359.15223751
268379,2021-01-31,562192.1777096522
268379,2021-02-28,571986.2450597766
268379,2021-03-31,582439.0089475816
268379,2021-04-30,594276.126500422
268379,2021-05-31,607719.3928805116
268379,2021-06-30,621387.7848496389
268379,2021-07-31,634769.1021302891
268379,2021-08-31,646327.6909513074
268379,2021-09-30,655515.0188157944
268379,2021-10-31,662723.1409870787
268379,2021-11-30,669803.3371753611
268379,2021-12-31,677957.9156557267
268379,2022-01-31,687290.0478475482
268379,2022-02-28,698264.2965986953
268379,2022-03-31,711441.8930385909
268379,2022-04-30,725881.9726931276
268379,2022-05-31,738290.5280219348
268379,2022-06-30,746633.3622479738
268379,2022-07-31,749154.3584434263
268379,2022-08-31,745695.6700390849
268379,2022-09-30,738339.2428128839
268379,2022-10-31,730485.6620629983
268379,2022-11-30,724095.5197208546
268379,2022-12-31,719001.1623895424
268379,2023-01-31,713165.95397916
268379,2023-02-28,708393.7395487077
268379,2023-03-31,705492.4087087264
268379,2023-04-30,705725.8085293729
268379,2023-05-31,708699.6461660223
268379,2023-06-30,713038.5038025588
268379,2023-07-31,718956.3021983873
268379,2023-08-31,725259.3749415769
268379,2023-09-30,731654.4600014793
268379,2023-10-31,737288.7635941409
268379,2023-11-30,741554.3788800553
268379,2023-12-31,745513.8834266587
268379,2024-01-31,748919.146754935
268379,2024-02-29,753120.0505649325
268379,2024-03-31,757820.9296131068
268379,2024-04-30,762367.4897252558
268379,2024-05-31,766679.492161903
268379,2024-06-30,769610.4397309528
268379,2024-07-31,772549.5966612626
268379,2024-08-31,774438.717085694
268379,2024-09-30,775752.9677102679
268379,2024-10-31,776335.2086854787
268379,2024-11-30,776583.4578125175
268379,2024-12-31,776039.6626900585
268379,2025-01-31,774633.1626802897
268379,2025-02-28,772924.0690856185
268379,2025-03-31,770001.8163300813
268379,2025-04-30,767499.8959060836
268379,2025-05-31,763962.3351227365
268379,2025-06-30,761171.8020411594
268379,2025-07-31,757906.9032765678
268379,2025-08-31,754836.6452839611
268379,2025-09-30,752335.0700600552
268379,2025-10-31,751901.0073554656
268379,2025-11-30,753644.8923214163
268379,2025-12-31,756577.314692807
268379,2026-01-31,758822.9558610969
268379,2026-02-28,759538.5965402131
268379,2026-03-31,760316.0504539515
268379,2026-04-30,760995.738019207
268379,2026-05-31,761744.0042142816
268379,2026-06-30,761361.3178655052
268379,2026-07-31,760963.411603855
268379,2026-08-31,761596.8614764152
268383,2016-09-30,1251791.1093535388
268383,2016-10-31,1252257.192943874
268383,2016-11-30,1256765.205398976
268383,2016-12-31,1267769.7587956104
268383,2017-01-31,1277137.7921797568
268383,2017-02-28,1284715.0685192908
268383,2017-03-31,1290597.223731882
268383,2017-04-30,1298033.1878572134
268383,2017-05-31,1308277.732603343
268383,2017-06-30,1321138.429908741
268383,2017-07-31,1332445.7405235146
268383,2017-08-31,1340093.1353833594
268383,2017-09-30,1345518.3796163462
268383,2017-10-31,1353758.887036885
268383,2017-11-30,1367452.9234699022
268383,2017-12-31,1382576.0819587803
268383,2018-01-31,1400348.2525631485
268383,2018-02-28,1413751.4537734764
268383,2018-03-31,1426063.995922679
268383,2018-04-30,1437601.93129884
268383,2018-05-31,1452150.648770934
268383,2018-06-30,1465635.5792111906
268383,2018-07-31,1468389.599489538
268383,2018-08-31,1465682.9337448974
268383,2018-09-30,1462309.2559229864
268383,2018-10-31,1463403.0714353714
268383,2018-11-30,1463173.418870926
268383,2018-12-31,1457149.3806212766
268383,2019-01-31,1447877.921149174
268383,2019-02-28,1433771.5890316598
268383,2019-03-31,1422251.348140899
268383,2019-04-30,1416079.7091413818
268383,2019-05-31,1417285.5127472137
268383,2019-06-30,1425046.1669390958
268383,2019-07-31,1436349.9278857475
268383,2019-08-31,1448496.878712681
268383,2019-09-30,1458048.0847955954
268383,2019-10-31,1466712.9149720997
268383,2019-11-30,1477599.9291818317
268383,2019-12-31,1490131.94032602
268383,2020-01-31,1500115.6756472215
268383,2020-02-29,1506743.693338761
268383,2020-03-31,1516567.022027755
268383,2020-04-30,1524161.012657743
268383,2020-05-31,1521451.858945214
268383,2020-06-30,1505436.604539018
268383,2020-07-31,1494204.3265831806
268383,2020-08-31,1497635.896591456
268383,2020-09-30,1512522.004715443
268383,2020-10-31,1523308.0312969226
268383,2020-11-30,1529945.0922221274
268383,2020-12-31,1534798.5922095615
268383,2021-01-31,1538382.122523832
268383,2021-02-28,1541704.406633585
268383,2021-03-31,1547668.871250247
268383,2021-04-30,1559622.181114912
268383,2021-05-31,1578716.1428103978
268383,2021-06-30,1601952.2674144811
268383,2021-07-31,1628295.0522599153
268383,2021-08-31,1648143.8618612553
268383,2021-09-30,1657353.245528425
268383,2021-10-31,1660287.9616332266
268383,2021-11-30,1666204.3445793882
268383,2021-12-31,1673211.749474894
268383,2022-01-31,1687125.786798149
268383,2022-02-28,1714201.6552181148
268383,2022-03-31,1748273.6850233462
268383,2022-04-30,1774454.136850693
268383,2022-05-31,1781344.6882594114
268383,2022-06-30,1769825.559220853
268383,2022-07-31,1741409.2056853212
268383,2022-08-31,1697359.7567747366
268383,2022-09-30,1649251.42143263
268383,2022-10-31,1609459.6430802103
268383,2022-11-30,1580017.8653313897
268383,2022-12-31,1555547.9379418094
268383,2023-01-31,1526765.4542171762
268383,2023-02-28,1500695.6835313065
268383,2023-03-31,1482811.7619193215
268383,2023-04-30,1481202.3307033654
268383,2023-05-31,1482332.6509218395
268383,2023-06-30,1484881.119091612
268383,2023-07-31,1486095.2355906032
268383,2023-08-31,1493863.086664789
268383,2023-09-30,1503965.1790617004
268383,2023-10-31,1509748.3673097678
268383,2023-11-30,1506160.1227206923
268383,2023-12-31,1494800.3708746566
268383,2024-01-31,1479856.12667841
268383,2024-02-29,1467572.759247105
268383,2024-03-31,1469812.7745656574
268383,2024-04-30,1483983.9541044862
268383,2024-05-31,1505041.6798719885
268383,2024-06-30,1517691.8405768264
268383,2024-07-31,1524623.070506578
268383,2024-08-31,1525434.6005321871
268383,2024-09-30,1523482.881925741
268383,2024-10-31,1520276.592104787
268383,2024-11-30,1518667.10123614
268383,2024-12-31,1519899.9424161527
268383,2025-01-31,1519625.482722462
268383,2025-02-28,1521763.4723196328
268383,2025-03-31,1521318.2329289103
268383,2025-04-30,1517865.3119957142
268383,2025-05-31,1507261.9728553891
268383,2025-06-30,1493119.9002093112
268383,2025-07-31,1484018.884378193
268383,2025-08-31,1479582.16184636
268383,2025-09-30,1485054.822637473
268383,2025-10-31,1501205.477541956
268383,2025-11-30,1526464.99055493
268383,2025-12-31,1556947.6878961974
268383,2026-01-31,1576345.4292628225
268383,2026-02-28,1591041.299292051
268383,2026-03-31,1599835.6635398224
268383,2026-04-30,1612372.2411127668
268383,2026-05-31,1630431.680680026
268383,2026-06-30,1654554.5801388596
268383,2026-07-31,1688244.2670205794
268383,2026-08-31,1728155.7125855174
268384,2016-09-30,1125961.7325603284
268384,2016-10-31,1129553.2446314478
268384,2016-11-30,1135623.4469615563
268384,2016-12-31,1144087.2057328897
268384,2017-01-31,1151807.989520326
268384,2017-02-28,1159021.245080728
268384,2017-03-31,1166840.3406427817
268384,2017-04-30,1174704.5535055583
268384,2017-05-31,1184558.1748348835
268384,2017-06-30,1195720.0571321463
268384,2017-07-31,1207159.7082269744
268384,2017-08-31,1215387.2711689605
268384,2017-09-30,1224415.4686840398
268384,2017-10-31,1236296.3622410155
268384,2017-11-30,1253693.8650604968
268384,2017-12-31,1271261.95132146
268384,2018-01-31,1289651.963836243
268384,2018-02-28,1304652.3473109982
268384,2018-03-31,1318224.3509128906
268384,2018-04-30,1330768.047571045
268384,2018-05-31,1347399.23181089
268384,2018-06-30,1362624.9725168932
268384,2018-07-31,1368059.9100586867
268384,2018-08-31,1365563.223852953
268384,2018-09-30,1362475.864757247
268384,2018-10-31,1363439.3324348496
268384,2018-11-30,1363594.4775258584
268384,2018-12-31,1358166.5164084376
268384,2019-01-31,1350692.5421692566
268384,2019-02-28,1340635.4831685417
268384,2019-03-31,1332416.788462801
268384,2019-04-30,1327676.2147503623
268384,2019-05-31,1325951.32820584
268384,2019-06-30,1330280.2949750104
268384,2019-07-31,1339602.5478414486
268384,2019-08-31,1350739.3901136613
268384,2019-09-30,1359756.6998111885
268384,2019-10-31,1364167.3395103526
268384,2019-11-30,1370353.0818436611
268384,2019-12-31,1376809.3410161922
268384,2020-01-31,1385398.467952143
268384,2020-02-29,1393587.2231028818
268384,2020-03-31,1406528.824548388
268384,2020-04-30,1416585.39744867
268384,2020-05-31,1415844.163882172
268384,2020-06-30,1403373.3543113917
268384,2020-07-31,1392710.0889733816
268384,2020-08-31,1395006.5058317203
268384,2020-09-30,1405066.001673736
268384,2020-10-31,1413688.5416894602
268384,2020-11-30,1418642.121118212
268384,2020-12-31,1421815.3384264158
268384,2021-01-31,1424349.325326668
268384,2021-02-28,1427666.3836700686
268384,2021-03-31,1434022.9186949711
268384,2021-04-30,1446327.2302247502
268384,2021-05-31,1463491.1238694035
268384,2021-06-30,1484240.466865959
268384,2021-07-31,1506628.4496124384
268384,2021-08-31,1523034.6455910995
268384,2021-09-30,1532059.4290119093
268384,2021-10-31,1536035.479632836
268384,2021-11-30,1544470.1266856662
268384,2021-12-31,1552916.4030746378
268384,2022-01-31,1565836.1724130602
268384,2022-02-28,1588642.2017347997
268384,2022-03-31,1618884.919499959
268384,2022-04-30,1643291.210175138
268384,2022-05-31,1652067.0089427326
268384,2022-06-30,1644312.6455471136
268384,2022-07-31,1622089.4250357084
268384,2022-08-31,1587507.945997537
268384,2022-09-30,1546695.51088837
268384,2022-10-31,1513103.919683894
268384,2022-11-30,1485956.2462154652
268384,2022-12-31,1464370.331775804
268384,2023-01-31,1436452.831529354
268384,2023-02-28,1412939.9660451852
268384,2023-03-31,1396135.3166823753
268384,2023-04-30,1393621.449380814
268384,2023-05-31,1392410.061526882
268384,2023-06-30,1390615.3244992103
268384,2023-07-31,1388580.0248140087
268384,2023-08-31,1390450.1536371824
268384,2023-09-30,1394854.780843299
268384,2023-10-31,1396406.3779369325
268384,2023-11-30,1392916.5617045688
268384,2023-12-31,1384728.0860256262
268384,2024-01-31,1371404.529872261
268384,2024-02-29,1359649.9899556965
268384,2024-03-31,1361420.2972504194
268384,2024-04-30,1376431.962430791
268384,2024-05-31,1398679.7711801196
268384,2024-06-30,1413998.6876921114
268384,2024-07-31,1424107.8924044326
268384,2024-08-31,1427328.9577225477
268384,2024-09-30,1425604.065019422
268384,2024-10-31,1421807.7265237446
268384,2024-11-30,1422065.281546577
268384,2024-12-31,1428209.3370108155
268384,2025-01-31,1434784.814348073
268384,2025-02-28,1438085.920199982
268384,2025-03-31,1438139.7096948533
268384,2025-04-30,1437834.5260150796
268384,2025-05-31,1434222.0687736522
268384,2025-06-30,1426644.66640372
268384,2025-07-31,1421605.73081698
268384,2025-08-31,1421768.1142460688
268384,2025-09-30,1429351.017556725
268384,2025-10-31,1443235.6819649565
268384,2025-11-30,1459569.1887605253
268384,2025-12-31,1480747.843467541
268384,2026-01-31,1494642.311254455
268384,2026-02-28,1506364.165785001
268384,2026-03-31,1517561.1941942207
268384,2026-04-30,1531527.6382293135
268384,2026-05-31,1549724.4099624592
268384,2026-06-30,1566440.1899760757
268384,2026-07-31,1589476.9229738626
268384,2026-08-31,1620284.1783400376
268385,2016-09-30,1872590.8539358096
268385,2016-10-31,1859852.0318084832
268385,2016-11-30,1859726.1487747736
268385,2016-12-31,1866933.0686223677
268385,2017-01-31,1869092.3268524865
268385,2017-02-28,1872261.0869144725
268385,2017-03-31,1875460.9112489016
268385,2017-04-30,1880382.589059592
268385,2017-05-31,1884643.265626676
268385,2017-06-30,1890085.5079650776
268385,2017-07-31,1889918.135492501
268385,2017-08-31,1886453.642253984
268385,2017-09-30,1886047.5619752884
268385,2017-10-31,1892712.6293837987
268385,2017-11-30,1904524.9885828795
268385,2017-12-31,1913818.5330618783
268385,2018-01-31,1926546.3582612148
268385,2018-02-28,1935309.969618173
268385,2018-03-31,1942306.7540054964
268385,2018-04-30,1949347.8692215504
268385,2018-05-31,1960017.261484653
268385,2018-06-30,1969483.8677473024
268385,2018-07-31,1964413.74180784
268385,2018-08-31,1957148.339470641
268385,2018-09-30,1953053.7438009053
268385,2018-10-31,1959031.461805644
268385,2018-11-30,1968208.8166869096
268385,2018-12-31,1970067.416583708
268385,2019-01-31,1967058.1835303383
268385,2019-02-28,1951047.1922642144
268385,2019-03-31,1937910.2199271205
268385,2019-04-30,1932051.710335505
268385,2019-05-31,1935480.4196270695
268385,2019-06-30,1941512.5209174736
268385,2019-07-31,1946773.9660673144
268385,2019-08-31,1954697.824524297
268385,2019-09-30,1962491.6703176436
268385,2019-10-31,1969041.762977529
268385,2019-11-30,1972438.4589759924
268385,2019-12-31,1975523.340471192
268385,2020-01-31,1981753.2792920808
268385,2020-02-29,1988559.5774717615
268385,2020-03-31,1994322.301013223
268385,2020-04-30,1994726.321898288
268385,2020-05-31,1988262.5786677836
268385,2020-06-30,1973121.2397296904
268385,2020-07-31,1957600.4938659985
268385,2020-08-31,1949912.8645978123
268385,2020-09-30,1950839.256351117
268385,2020-10-31,1949787.5613460848
268385,2020-11-30,1944686.316273152
268385,2020-12-31,1935406.2510140585
268385,2021-01-31,1925337.4511587163
268385,2021-02-28,1914555.293000359
268385,2021-03-31,1908126.026658396
268385,2021-04-30,1905920.2551463065
268385,2021-05-31,1913183.061317487
268385,2021-06-30,1924387.395452752
268385,2021-07-31,1942993.2741341747
268385,2021-08-31,1961115.244517168
268385,2021-09-30,1977436.2717107465
268385,2021-10-31,1992100.782587468
268385,2021-11-30,2011008.6768757296
268385,2021-12-31,2030760.5374357493
268385,2022-01-31,2044791.5968893408
268385,2022-02-28,2055681.9336981531
268385,2022-03-31,2073334.973903096
268385,2022-04-30,2091171.7659173813
268385,2022-05-31,2100135.0203149905
268385,2022-06-30,2090748.138149377
268385,2022-07-31,2065579.858700523
268385,2022-08-31,2027075.369330311
268385,2022-09-30,1980490.478928846
268385,2022-10-31,1943999.271449117
268385,2022-11-30,1919460.0225810192
268385,2022-12-31,1905379.7157674683
268385,2023-01-31,1885203.8674121865
268385,2023-02-28,1863510.3870964872
268385,2023-03-31,1840144.2223372215
268385,2023-04-30,1823167.461946062
268385,2023-05-31,1807131.1559540965
268385,2023-06-30,1798045.7683286795
268385,2023-07-31,1794407.8584071696
268385,2023-08-31,1795503.3644302243
268385,2023-09-30,1792717.790111203
268385,2023-10-31,1785996.3806989435
268385,2023-11-30,1775110.2365536515
268385,2023-12-31,1761139.6452551708
268385,2024-01-31,1747800.2592308244
268385,2024-02-29,1737944.265788145
268385,2024-03-31,1741355.7177308863
268385,2024-04-30,1752711.5657060477
268385,2024-05-31,1766168.5061740894
268385,2024-06-30,1767152.4924635298
268385,2024-07-31,1767220.404715427
268385,2024-08-31,1764049.069661728
268385,2024-09-30,1769824.310397653
268385,2024-10-31,1772570.7925803848
268385,2024-11-30,1776627.8635184194
268385,2024-12-31,1778906.530241636
268385,2025-01-31,1784193.4500908274
268385,2025-02-28,1792585.5635920593
268385,2025-03-31,1796568.3287525822
268385,2025-04-30,1793252.5641800452
268385,2025-05-31,1783594.2537326508
268385,2025-06-30,1775575.4592450066
268385,2025-07-31,1771553.1867073404
268385,2025-08-31,1773536.303725039
268385,2025-09-30,1783368.7280041005
268385,2025-10-31,1803726.6760930824
268385,2025-11-30,1826822.0726120349
268385,2025-12-31,1855358.8364719185
268385,2026-01-31,1883725.237795616
268385,2026-02-28,1914897.762864948
268385,2026-03-31,1944454.7021699871
268385,2026-04-30,1969517.0027890955
268385,2026-05-31,1997630.386511839
268385,2026-06-30,2028609.824451676
268385,2026-07-31,2065552.107295487
268385,2026-08-31,2106791.0080541014
268396,2016-09-30,1101278.081836681
268396,2016-10-31,1103807.9266899775
268396,2016-11-30,1109084.3707374858
268396,2016-12-31,1116476.9201147694
268396,2017-01-31,1124106.9393482064
268396,2017-02-28,1132285.6518239242
268396,2017-03-31,1142121.38174271
268396,2017-04-30,1152218.1205327483
268396,2017-05-31,1163217.3164358276
268396,2017-06-30,1174121.5948147944
268396,2017-07-31,1186271.9950340462
268396,2017-08-31,1196358.806459211
268396,2017-09-30,1208717.8520670196
268396,2017-10-31,1224205.3833900564
268396,2017-11-30,1245153.5009742416
268396,2017-12-31,1263772.4831034194
268396,2018-01-31,1281244.6737900788
268396,2018-02-28,1292262.9651323913
268396,2018-03-31,1303501.937885656
268396,2018-04-30,1313437.215761626
268396,2018-05-31,1327814.142136853
268396,2018-06-30,1340656.37441531
268396,2018-07-31,1345026.7659001355
268396,2018-08-31,1344289.9222126044
268396,2018-09-30,1340313.1998881137
268396,2018-10-31,1340223.6463050148
268396,2018-11-30,1337174.228129002
268396,2018-12-31,1331114.8289355391
268396,2019-01-31,1322625.8366655875
268396,2019-02-28,1313434.5997971476
268396,2019-03-31,1305368.8481857714
268396,2019-04-30,1301319.0924885173
268396,2019-05-31,1299164.2130594
268396,2019-06-30,1302623.80606101
268396,2019-07-31,1309370.100785156
268396,2019-08-31,1319708.8820538046
268396,2019-09-30,1329221.79773823
268396,2019-10-31,1336436.6516974822
268396,2019-11-30,1344302.868353834
268396,2019-12-31,1350838.1113068133
268396,2020-01-31,1358229.8538062924
268396,2020-02-29,1364825.89491061
268396,2020-03-31,1376671.022972964
268396,2020-04-30,1386356.161448682
268396,2020-05-31,1384675.2459051271
268396,2020-06-30,1370932.3335006998
268396,2020-07-31,1357457.781003191
268396,2020-08-31,1357687.606198375
268396,2020-09-30,1365018.6273500156
268396,2020-10-31,1374061.1256162887
268396,2020-11-30,1380690.8169049427
268396,2020-12-31,1388929.0426751853
268396,2021-01-31,1394950.5943646145
268396,2021-02-28,1400887.3986561045
268396,2021-03-31,1408414.4070434326
268396,2021-04-30,1422178.56098503
268396,2021-05-31,1441455.516396951
268396,2021-06-30,1463782.547173408
268396,2021-07-31,1484020.6193146135
268396,2021-08-31,1494927.3517440178
268396,2021-09-30,1495132.2163687954
268396,2021-10-31,1493295.5244028687
268396,2021-11-30,1495867.4990538526
268396,2021-12-31,1503036.501827543
268396,2022-01-31,1514215.11687244
268396,2022-02-28,1537278.390177219
268396,2022-03-31,1567603.64635107
268396,2022-04-30,1593584.5595359774
268396,2022-05-31,1604509.14258514
268396,2022-06-30,1599199.6788672274
268396,2022-07-31,1578386.7500931483
268396,2022-08-31,1542520.871949279
268396,2022-09-30,1500157.3858327686
268396,2022-10-31,1464556.9300168485
268396,2022-11-30,1437130.9884958635
268396,2022-12-31,1413876.2251883922
268396,2023-01-31,1386448.988460585
268396,2023-02-28,1365125.123022633
268396,2023-03-31,1351056.2961007692
268396,2023-04-30,1349894.891200808
268396,2023-05-31,1348605.71988565
268396,2023-06-30,1346969.7447209423
268396,2023-07-31,1345223.5158069695
268396,2023-08-31,1348346.6603362046
268396,2023-09-30,1354982.5988006669
268396,2023-10-31,1358170.8706541525
268396,2023-11-30,1354607.3124667958
268396,2023-12-31,1345230.8469312033
268396,2024-01-31,1331441.0568968663
268396,2024-02-29,1320398.3447921537
268396,2024-03-31,1320691.1912180453
268396,2024-04-30,1335137.1009752897
268396,2024-05-31,1356332.1341094244
268396,2024-06-30,1371264.857907904
268396,2024-07-31,1380145.9178700272
268396,2024-08-31,1383221.2691563305
268396,2024-09-30,1382606.7997075913
268396,2024-10-31,1379589.3630207337
268396,2024-11-30,1381667.9523272133
268396,2024-12-31,1388048.335244494
268396,2025-01-31,1392504.2908973135
268396,2025-02-28,1393707.860512938
268396,2025-03-31,1394646.6930878072
268396,2025-04-30,1396874.3903004448
268396,2025-05-31,1392668.3767995017
268396,2025-06-30,1385526.4709135797
268396,2025-07-31,1383666.0718086956
268396,2025-08-31,1387646.597416143
268396,2025-09-30,1397173.771063566
268396,2025-10-31,1409769.3929034362
268396,2025-11-30,1426500.19542271
268396,2025-12-31,1452646.927120327
268396,2026-01-31,1474291.9438614792
268396,2026-02-28,1491758.2655344212
268396,2026-03-31,1502909.4808119617
268396,2026-04-30,1515200.1898500398
268396,2026-05-31,1534440.0508862806
268396,2026-06-30,1553278.245730243
268396,2026-07-31,1577720.4179989304
268396,2026-08-31,1603627.9082477123
268491,2016-09-30,973937.5275158616
268491,2016-10-31,964620.7386952464
268491,2016-11-30,961484.030424372
268491,2016-12-31,961690.9776404876
268491,2017-01-31,962181.098281194
268491,2017-02-28,963520.7398019658
268491,2017-03-31,964866.458654666
268491,2017-04-30,965267.370545737
268491,2017-05-31,964342.0030061968
268491,2017-06-30,964378.5013987514
268491,2017-07-31,964011.921195414
268491,2017-08-31,964327.1661922664
268491,2017-09-30,966803.985668477
268491,2017-10-31,972226.695665532
268491,2017-11-30,979964.5628255658
268491,2017-12-31,985035.8982155882
268491,2018-01-31,990442.4806737136
268491,2018-02-28,992978.5848063136
268491,2018-03-31,995570.700937602
268491,2018-04-30,996550.3625011388
268491,2018-05-31,999770.2040939656
268491,2018-06-30,1003014.1428353734
268491,2018-07-31,1003668.9421964004
268491,2018-08-31,1001622.4769814592
268491,2018-09-30,1000815.2683463228
268491,2018-10-31,1002146.3661193224
268491,2018-11-30,1004043.93303796
268491,2018-12-31,1004220.439778959
268491,2019-01-31,1001203.5289240838
268491,2019-02-28,994939.3407329516
268491,2019-03-31,988053.2566201712
268491,2019-04-30,984391.5761502188
268491,2019-05-31,984008.0848458272
268491,2019-06-30,985743.5075644352
268491,2019-07-31,989112.0952077853
268491,2019-08-31,993489.5666161748
268491,2019-09-30,997236.4762261378
268491,2019-10-31,1001090.3858657884
268491,2019-11-30,1005184.9203404466
268491,2019-12-31,1010479.347061512
268491,2020-01-31,1011267.7656147806
268491,2020-02-29,1008169.089993968
268491,2020-03-31,1001281.2608959344
268491,2020-04-30,995338.3638546182
268491,2020-05-31,989358.5638186564
268491,2020-06-30,983227.7580673944
268491,2020-07-31,978489.7571508576
268491,2020-08-31,976231.5714577934
268491,2020-09-30,975721.9666545438
268491,2020-10-31,974971.8809294048
268491,2020-11-30,974283.3138297217
268491,2020-12-31,972155.4171628548
268491,2021-01-31,969043.9928310448
268491,2021-02-28,963584.7703473088
268491,2021-03-31,957819.64381197
268491,2021-04-30,951978.8335958616
268491,2021-05-31,949760.8222164018
268491,2021-06-30,948640.6080810836
268491,2021-07-31,949995.3728604636
268491,2021-08-31,949756.562887905
268491,2021-09-30,950327.3737073126
268491,2021-10-31,952075.1978712734
268491,2021-11-30,957945.8460458124
268491,2021-12-31,965013.3993857568
268491,2022-01-31,970625.1607620592
268491,2022-02-28,974038.6115890048
268491,2022-03-31,977757.1971886992
268491,2022-04-30,979684.348323539
268491,2022-05-31,977883.0373834688
268491,2022-06-30,970132.193263961
268491,2022-07-31,958539.5239698456
268491,2022-08-31,942792.2558886716
268491,2022-09-30,924881.7436058804
268491,2022-10-31,907141.6928888474
268491,2022-11-30,892409.5668036243
268491,2022-12-31,879687.0290675899
268491,2023-01-31,868394.0447528657
268491,2023-02-28,858594.4297999372
268491,2023-03-31,851510.9874973813
268491,2023-04-30,846320.3394382102
268491,2023-05-31,842739.1514013581
268491,2023-06-30,840432.5418236278
268491,2023-07-31,838617.2061756781
268491,2023-08-31,836011.1235392354
268491,2023-09-30,832944.8984932555
268491,2023-10-31,827843.1013833522
268491,2023-11-30,821316.185783699
268491,2023-12-31,811578.504046481
268491,2024-01-31,802723.0343899677
268491,2024-02-29,795806.4100908926
268491,2024-03-31,795280.329360838
268491,2024-04-30,797818.3613876542
268491,2024-05-31,800793.9971841282
268491,2024-06-30,798360.7072990813
268491,2024-07-31,794740.4969165181
268491,2024-08-31,788271.6714921185
268491,2024-09-30,784134.4537846308
268491,2024-10-31,780250.5250874491
268491,2024-11-30,779251.1006993164
268491,2024-12-31,779656.1413281398
268491,2025-01-31,780307.0951289367
268491,2025-02-28,781839.5616001283
268491,2025-03-31,779699.260074699
268491,2025-04-30,776537.1458409932
268491,2025-05-31,769336.7537505234
268491,2025-06-30,762960.2413735599
268491,2025-07-31,754887.5760221276
268491,2025-08-31,748989.2375283231
268491,2025-09-30,745389.4117002427
268491,2025-10-31,746111.3741552467
268491,2025-11-30,748468.2351444792
268491,2025-12-31,754080.0765020908
268491,2026-01-31,760603.9509962875
268491,2026-02-28,767845.4809899445
268491,2026-03-31,773198.4946028827
268491,2026-04-30,777094.7883818471
268491,2026-05-31,782980.3322560367
268491,2026-06-30,790080.6438922337
268491,2026-07-31,799717.0891337692
268491,2026-08-31,810545.8624681566
268496,2016-09-30,294099.77752211166
268496,2016-10-31,290145.07517141715
268496,2016-11-30,288805.5513429669
268496,2016-12-31,289826.9985466247
268496,2017-01-31,295756.05605064903
268496,2017-02-28,305580.6599160857
268496,2017-03-31,317848.80121358443
268496,2017-04-30,328456.393705193
268496,2017-05-31,336312.9675377223
268496,2017-06-30,342627.3435101336
268496,2017-07-31,343618.83050637715
268496,2017-08-31,341899.010407513
268496,2017-09-30,338382.11814322456
268496,2017-10-31,338666.6428946995
268496,2017-11-30,340932.15068356146
268496,2017-12-31,344259.9473368672
268496,2018-01-31,349591.5221717208
268496,2018-02-28,357298.28684710787
268496,2018-03-31,366780.1413462383
268496,2018-04-30,375269.2934375233
268496,2018-05-31,381819.0841585716
268496,2018-06-30,386970.9457503267
268496,2018-07-31,392969.1189664698
268496,2018-08-31,401184.07615381206
268496,2018-09-30,410786.9059704157
268496,2018-10-31,419922.1749916058
268496,2018-11-30,427375.9500386445
268496,2018-12-31,432495.0694736694
268496,2019-01-31,432711.4316318021
268496,2019-02-28,428792.4602392153
268496,2019-03-31,423522.5008775078
268496,2019-04-30,419778.22285923193
268496,2019-05-31,417780.05150072137
268496,2019-06-30,416424.22131521936
268496,2019-07-31,418172.7467592908
268496,2019-08-31,423564.74492736935
268496,2019-09-30,431344.4122223694
268496,2019-10-31,438801.2298484882
268496,2019-11-30,445177.3868952291
268496,2019-12-31,451389.56411544
268496,2020-01-31,455047.646773666
268496,2020-02-29,456597.6425497967
268496,2020-03-31,456391.7024459304
268496,2020-04-30,456259.9725748752
268496,2020-05-31,454740.6167466973
268496,2020-06-30,451938.0924371464
268496,2020-07-31,452068.1551497248
268496,2020-08-31,456543.62541203614
268496,2020-09-30,465331.3536412293
268496,2020-10-31,474898.62886269466
268496,2020-11-30,485103.4235984712
268496,2020-12-31,495157.30490957387
268496,2021-01-31,501162.884244619
268496,2021-02-28,504626.5256429598
268496,2021-03-31,505965.3764549815
268496,2021-04-30,509649.9569838336
268496,2021-05-31,514356.1383813033
268496,2021-06-30,520000.3919076892
268496,2021-07-31,526399.165712675
268496,2021-08-31,531224.625204031
268496,2021-09-30,535046.8668005968
268496,2021-10-31,538992.8955108816
268496,2021-11-30,543598.4839250129
268496,2021-12-31,548929.3100822014
268496,2022-01-31,554381.3392971392
268496,2022-02-28,560313.3917069108
268496,2022-03-31,566295.5849184146
268496,2022-04-30,570247.8941602065
268496,2022-05-31,573712.9238517473
268496,2022-06-30,576522.4326408714
268496,2022-07-31,581172.1234500925
268496,2022-08-31,584717.2222215453
268496,2022-09-30,587420.1983258454
268496,2022-10-31,587416.7703868052
268496,2022-11-30,587351.9549812294
268496,2022-12-31,586464.5756904054
268496,2023-01-31,582136.1887296834
268496,2023-02-28,574711.7121425421
268496,2023-03-31,568195.2309876084
268496,2023-04-30,566901.3262795166
268496,2023-05-31,569662.7600534224
268496,2023-06-30,574023.5615563026
268496,2023-07-31,580660.5111774422
268496,2023-08-31,589328.3234251174
268496,2023-09-30,598004.0931116027
268496,2023-10-31,605481.9767300893
268496,2023-11-30,611499.0793305746
268496,2023-12-31,616152.1286121855
268496,2024-01-31,615160.3595022339
268496,2024-02-29,610465.5995081643
268496,2024-03-31,604698.6625848956
268496,2024-04-30,602470.8884498223
268496,2024-05-31,602695.527708739
268496,2024-06-30,603514.9929950965
268496,2024-07-31,606325.8057474851
268496,2024-08-31,610486.3855386142
268496,2024-09-30,615960.2240356846
268496,2024-10-31,620532.0298171499
268496,2024-11-30,624591.4502692086
268496,2024-12-31,627543.9531129921
268496,2025-01-31,625918.1848046245
268496,2025-02-28,620158.7531202621
268496,2025-03-31,610576.4936509994
268496,2025-04-30,602893.4000506108
268496,2025-05-31,596953.3950745963
268496,2025-06-30,593093.9249895328
268496,2025-07-31,592095.6458989409
268496,2025-08-31,592977.5090077756
268496,2025-09-30,594934.535852353
268496,2025-10-31,595772.8028090327
268496,2025-11-30,596123.8835727125
268496,2025-12-31,597539.9922676827
268496,2026-01-31,597708.8685823657
268496,2026-02-28,596690.0805701575
268496,2026-03-31,593294.9223211453
268496,2026-04-30,590624.6447146867
268496,2026-05-31,589476.7835139163
268496,2026-06-30,590448.1189196788
268496,2026-07-31,592508.5421089927
268496,2026-08-31,594375.4124564892
268537,2016-09-30,308952.0068512944
268537,2016-10-31,307182.28635433747
268537,2016-11-30,305087.5688835161
268537,2016-12-31,302684.6711474151
268537,2017-01-31,303681.4237990959
268537,2017-02-28,307720.1708282649
268537,2017-03-31,314990.07813852665
268537,2017-04-30,321756.58602749783
268537,2017-05-31,327218.4670360444
268537,2017-06-30,331435.1156414924
268537,2017-07-31,334909.8856952799
268537,2017-08-31,338687.00825922115
268537,2017-09-30,342938.5649544382
268537,2017-10-31,346953.75113067054
268537,2017-11-30,349780.8132501458
268537,2017-12-31,352063.349395223
268537,2018-01-31,354273.7238607929
268537,2018-02-28,356881.6150113749
268537,2018-03-31,358382.5686149718
268537,2018-04-30,359956.0359747766
268537,2018-05-31,361491.84159308486
268537,2018-06-30,363751.44481022895
268537,2018-07-31,365778.8529410276
268537,2018-08-31,368240.9177572471
268537,2018-09-30,370622.07217426406
268537,2018-10-31,372846.5993439914
268537,2018-11-30,373894.5476856612
268537,2018-12-31,374938.071835188
268537,2019-01-31,375173.7801897183
268537,2019-02-28,375687.1990722514
268537,2019-03-31,375367.3209094219
268537,2019-04-30,375609.70872640726
268537,2019-05-31,375135.82791044464
268537,2019-06-30,375200.9915720499
268537,2019-07-31,375694.8689086638
268537,2019-08-31,376911.72819938016
268537,2019-09-30,378881.33793353336
268537,2019-10-31,381353.1910720519
268537,2019-11-30,384271.100950952
268537,2019-12-31,386778.9046518354
268537,2020-01-31,388511.6802983189
268537,2020-02-29,390146.81121838704
268537,2020-03-31,392373.5840563756
268537,2020-04-30,394767.746125662
268537,2020-05-31,396034.38839027006
268537,2020-06-30,395624.6819653414
268537,2020-07-31,396192.35251342383
268537,2020-08-31,398862.40195791255
268537,2020-09-30,404442.1281812696
268537,2020-10-31,411460.45129195886
268537,2020-11-30,419059.9064909839
268537,2020-12-31,426869.136863684
268537,2021-01-31,433630.7479776768
268537,2021-02-28,440062.3392580333
268537,2021-03-31,446128.5628134241
268537,2021-04-30,453111.7586129699
268537,2021-05-31,461319.3453800906
268537,2021-06-30,470298.5650693804
268537,2021-07-31,478404.7186843695
268537,2021-08-31,483973.2165204404
268537,2021-09-30,487053.5366516258
268537,2021-10-31,489641.0199081144
268537,2021-11-30,493404.5626831095
268537,2021-12-31,498867.7253201834
268537,2022-01-31,507461.93879494566
268537,2022-02-28,518884.1534804896
268537,2022-03-31,531585.7709437918
268537,2022-04-30,543043.5031260791
268537,2022-05-31,551830.3396562665
268537,2022-06-30,557421.8454540634
268537,2022-07-31,559872.5536096661
268537,2022-08-31,558830.6269943636
268537,2022-09-30,556030.5757188002
268537,2022-10-31,553006.9176564029
268537,2022-11-30,550413.9766581056
268537,2022-12-31,548196.5228447649
268537,2023-01-31,543880.5187244939
268537,2023-02-28,539730.5720520198
268537,2023-03-31,537571.8703124564
268537,2023-04-30,538897.8377577941
268537,2023-05-31,542838.3399423823
268537,2023-06-30,547667.1990704895
268537,2023-07-31,553630.8902652004
268537,2023-08-31,560518.0793100288
268537,2023-09-30,567457.8074420245
268537,2023-10-31,573749.7699082113
268537,2023-11-30,578247.7837655771
268537,2023-12-31,582060.8004765947
268537,2024-01-31,584852.8962918882
268537,2024-02-29,587810.0944180306
268537,2024-03-31,591379.9297983949
268537,2024-04-30,595675.4397994311
268537,2024-05-31,600133.0575924915
268537,2024-06-30,603083.3756281632
268537,2024-07-31,605338.3826082372
268537,2024-08-31,606579.1870853184
268537,2024-09-30,607533.6196226525
268537,2024-10-31,607776.1661517448
268537,2024-11-30,608512.06647274
268537,2024-12-31,608892.4148527655
268537,2025-01-31,607731.1698377612
268537,2025-02-28,604638.2133897584
268537,2025-03-31,600274.4236156075
268537,2025-04-30,596919.0330417611
268537,2025-05-31,593706.1326256022
268537,2025-06-30,590199.648637734
268537,2025-07-31,586473.6286451904
268537,2025-08-31,583320.5305465817
268537,2025-09-30,581987.574072929
268537,2025-10-31,582493.4173277006
268537,2025-11-30,584395.9249021499
268537,2025-12-31,587228.3492914778
268537,2026-01-31,588957.602162585
268537,2026-02-28,589591.4100915814
268537,2026-03-31,588846.0647498654
268537,2026-04-30,587646.1690110633
268537,2026-05-31,586298.1002218192
268537,2026-06-30,584842.298453569
268537,2026-07-31,583703.4012704311
268537,2026-08-31,582869.5758873423
268938,2016-09-30,362468.8997253009
268938,2016-10-31,364127.4118387562
268938,2016-11-30,365119.4952993959
268938,2016-12-31,365253.28182160674
268938,2017-01-31,364459.69572309055
268938,2017-02-28,364372.57342014
268938,2017-03-31,365439.4775094683
268938,2017-04-30,367049.6678775148
268938,2017-05-31,368473.9399625726
268938,2017-06-30,370040.4592624777
268938,2017-07-31,371395.3077335591
268938,2017-08-31,372804.8092182711
268938,2017-09-30,373742.8966277211
268938,2017-10-31,374599.18350018025
268938,2017-11-30,375268.745668682
268938,2017-12-31,376764.9909360941
268938,2018-01-31,379591.6340207555
268938,2018-02-28,382213.9647497636
268938,2018-03-31,384193.1852290279
268938,2018-04-30,385077.4692205448
268938,2018-05-31,386560.89057141566
268938,2018-06-30,387771.462042783
268938,2018-07-31,388780.6875327759
268938,2018-08-31,388975.125505964
268938,2018-09-30,389009.7088040379
268938,2018-10-31,389550.3647569192
268938,2018-11-30,390904.4276054565
268938,2018-12-31,392999.02840497607
268938,2019-01-31,394746.489406542
268938,2019-02-28,396831.5638288806
268938,2019-03-31,398555.1785495241
268938,2019-04-30,399596.0538811973
268938,2019-05-31,399419.05266850325
268938,2019-06-30,398856.956458903
268938,2019-07-31,398404.99996947305
268938,2019-08-31,398153.46558717405
268938,2019-09-30,397912.64533781953
268938,2019-10-31,398818.36588762543
268938,2019-11-30,400950.86583624734
268938,2019-12-31,404137.42182817153
268938,2020-01-31,408445.4017497893
268938,2020-02-29,413608.3540749869
268938,2020-03-31,418675.6232446088
268938,2020-04-30,422302.9164209827
268938,2020-05-31,422761.5346777803
268938,2020-06-30,421917.2522551001
268938,2020-07-31,421044.5967301938
268938,2020-08-31,422732.5146012448
268938,2020-09-30,426340.8938554788
268938,2020-10-31,431065.9914575534
268938,2020-11-30,436730.2682953507
268938,2020-12-31,442956.891295499
268938,2021-01-31,449680.055125416
268938,2021-02-28,456245.72869527247
268938,2021-03-31,463448.9540342015
268938,2021-04-30,470921.8880445245
268938,2021-05-31,479398.5080790088
268938,2021-06-30,487823.8749500064
268938,2021-07-31,495503.04993292334
268938,2021-08-31,501427.7357438511
268938,2021-09-30,505270.8135205535
268938,2021-10-31,508315.89687621966
268938,2021-11-30,512579.9578215421
268938,2021-12-31,519150.5389457776
268938,2022-01-31,531614.2522543352
268938,2022-02-28,547950.1545740677
268938,2022-03-31,568225.4910190684
268938,2022-04-30,587371.369513417
268938,2022-05-31,604218.5905384318
268938,2022-06-30,618440.320543303
268938,2022-07-31,628680.1359599555
268938,2022-08-31,634397.5019453629
268938,2022-09-30,634957.3636464409
268938,2022-10-31,634441.6708598837
268938,2022-11-30,633763.0709307368
268938,2022-12-31,633820.1678550849
268938,2023-01-31,631486.6499848586
268938,2023-02-28,629168.8126372957
268938,2023-03-31,629224.0938326557
268938,2023-04-30,632787.3734176543
268938,2023-05-31,637333.8652140308
268938,2023-06-30,642031.0694695456
268938,2023-07-31,646936.5803495897
268938,2023-08-31,652882.0676835045
268938,2023-09-30,658917.2200429657
268938,2023-10-31,664829.6913907793
268938,2023-11-30,671237.6097950012
268938,2023-12-31,677160.4685223184
268938,2024-01-31,681672.6175961252
268938,2024-02-29,685559.4490369322
268938,2024-03-31,690084.6258837171
268938,2024-04-30,696389.6813168923
268938,2024-05-31,702967.041760713
268938,2024-06-30,707086.813762833
268938,2024-07-31,710526.916182394
268938,2024-08-31,713030.9364598632
268938,2024-09-30,716312.4062634598
268938,2024-10-31,717460.2013168433
268938,2024-11-30,716193.6348837222
268938,2024-12-31,712851.2072870332
268938,2025-01-31,710569.5690345581
268938,2025-02-28,709922.1029419368
268938,2025-03-31,708354.1917418521
268938,2025-04-30,703669.0867072776
268938,2025-05-31,697810.1246089308
268938,2025-06-30,692744.9918771216
268938,2025-07-31,688359.0247316378
268938,2025-08-31,684250.2234446289
268938,2025-09-30,681318.1370877849
268938,2025-10-31,681367.0071347946
268938,2025-11-30,683466.8622231059
268938,2025-12-31,686027.7167831244
268938,2026-01-31,689283.1598134917
268938,2026-02-28,692295.4200815676
268938,2026-03-31,696254.8604111484
268938,2026-04-30,697921.6446749868
268938,2026-05-31,699046.6315006277
268938,2026-06-30,701562.6724103611
268938,2026-07-31,706905.3092519268
268938,2026-08-31,714943.0710543644
269072,2016-09-30,209140.7648579724
269072,2016-10-31,211134.8280558877
269072,2016-11-30,212752.6582227372
269072,2016-12-31,213017.5815922781
269072,2017-01-31,212463.61689954333
269072,2017-02-28,212690.3603006437
269072,2017-03-31,214476.65171132016
269072,2017-04-30,216948.89041936307
269072,2017-05-31,218689.9387817468
269072,2017-06-30,220371.7874704396
269072,2017-07-31,222282.6721112301
269072,2017-08-31,224761.3942946846
269072,2017-09-30,226810.184765333
269072,2017-10-31,228573.02782614864
269072,2017-11-30,229655.9426099656
269072,2017-12-31,230725.08651368797
269072,2018-01-31,231928.8441276429
269072,2018-02-28,233718.2190076942
269072,2018-03-31,235860.10025933653
269072,2018-04-30,237477.8599671749
269072,2018-05-31,238884.795033425
269072,2018-06-30,239956.02207677596
269072,2018-07-31,241772.2109829803
269072,2018-08-31,243442.25152899712
269072,2018-09-30,245235.28676322824
269072,2018-10-31,246789.7165355601
269072,2018-11-30,248461.0914467648
269072,2018-12-31,249795.868952536
269072,2019-01-31,250970.74247115487
269072,2019-02-28,252436.92283513863
269072,2019-03-31,253888.6240980893
269072,2019-04-30,254304.1317981517
269072,2019-05-31,253990.86941047167
269072,2019-06-30,253269.0794774268
269072,2019-07-31,253129.51961996485
269072,2019-08-31,253427.7110211902
269072,2019-09-30,254289.88288235964
269072,2019-10-31,255905.706325864
269072,2019-11-30,258197.3400895798
269072,2019-12-31,261304.86054605956
269072,2020-01-31,264746.74896476296
269072,2020-02-29,268337.16212130967
269072,2020-03-31,271529.912747467
269072,2020-04-30,273596.7349925666
269072,2020-05-31,273763.13889600296
269072,2020-06-30,272770.6893640263
269072,2020-07-31,271504.4900572878
269072,2020-08-31,271213.1488076313
269072,2020-09-30,271716.1075084768
269072,2020-10-31,273314.65458186885
269072,2020-11-30,275914.31564738293
269072,2020-12-31,279128.5606626791
269072,2021-01-31,282136.4820858228
269072,2021-02-28,284685.8547324398
269072,2021-03-31,287523.34694727656
269072,2021-04-30,290422.7034863638
269072,2021-05-31,293343.8806309853
269072,2021-06-30,296641.4707407821
269072,2021-07-31,300413.9415945945
269072,2021-08-31,303969.1806343424
269072,2021-09-30,306726.47739887034
269072,2021-10-31,309498.4588902287
269072,2021-11-30,313784.6456852753
269072,2021-12-31,319123.4255574595
269072,2022-01-31,327007.49175419373
269072,2022-02-28,336291.7070881053
269072,2022-03-31,346175.2106202746
269072,2022-04-30,355119.8682628647
269072,2022-05-31,363512.6281231609
269072,2022-06-30,372388.2465552972
269072,2022-07-31,379486.3467740372
269072,2022-08-31,384674.24223134544
269072,2022-09-30,387714.1031936103
269072,2022-10-31,390473.713169941
269072,2022-11-30,392888.3803374641
269072,2022-12-31,395218.4312344687
269072,2023-01-31,396834.20054219215
269072,2023-02-28,397577.9570303084
269072,2023-03-31,399323.0065769609
269072,2023-04-30,401539.76099224313
269072,2023-05-31,403864.6360146474
269072,2023-06-30,406117.9323940487
269072,2023-07-31,408287.6255704796
269072,2023-08-31,410549.44874774216
269072,2023-09-30,410820.9196829096
269072,2023-10-31,410206.2014160424
269072,2023-11-30,410473.0365014935
269072,2023-12-31,411263.1011356656
269072,2024-01-31,412788.1244069276
269072,2024-02-29,412402.6703515057
269072,2024-03-31,411903.7367301408
269072,2024-04-30,411511.99355070665
269072,2024-05-31,411678.15638714936
269072,2024-06-30,410410.1165095908
269072,2024-07-31,408780.742641148
269072,2024-08-31,406945.0400767584
269072,2024-09-30,405590.4286227957
269072,2024-10-31,403657.7267200375
269072,2024-11-30,401831.27282415744
269072,2024-12-31,401005.9608549452
269072,2025-01-31,400721.6016887797
269072,2025-02-28,400539.1003599405
269072,2025-03-31,398560.0351079372
269072,2025-04-30,395011.6593637545
269072,2025-05-31,390865.967396321
269072,2025-06-30,387935.1176417689
269072,2025-07-31,385426.0843516721
269072,2025-08-31,382937.8904243039
269072,2025-09-30,380483.1100710096
269072,2025-10-31,378474.3908551356
269072,2025-11-30,376781.7646433138
269072,2025-12-31,375658.9411343881
269072,2026-01-31,375980.0256270036
269072,2026-02-28,376541.0970351061
269072,2026-03-31,376330.6956704043
269072,2026-04-30,374650.77691728977
269072,2026-05-31,373577.0008987232
269072,2026-06-30,373765.1617361318
269072,2026-07-31,375719.9405068124
269072,2026-08-31,377406.76574960543
269228,2016-09-30,257577.06409370212
269228,2016-10-31,259481.7023627624
269228,2016-11-30,261078.13236144267
269228,2016-12-31,262157.55636506295
269228,2017-01-31,263039.43264217686
269228,2017-02-28,265003.33087582875
269228,2017-03-31,268508.48486268515
269228,2017-04-30,272300.2577817735
269228,2017-05-31,275269.61118198937
269228,2017-06-30,277305.5687304341
269228,2017-07-31,278686.0129541326
269228,2017-08-31,279830.5166634409
269228,2017-09-30,280891.4156452223
269228,2017-10-31,282130.2524008685
269228,2017-11-30,283827.57197324367
269228,2017-12-31,286000.5850368499
269228,2018-01-31,288433.07653708506
269228,2018-02-28,290168.7983852821
269228,2018-03-31,291428.0071347181
269228,2018-04-30,292456.1734130964
269228,2018-05-31,293944.7808541882
269228,2018-06-30,295363.4974245809
269228,2018-07-31,296582.88728772145
269228,2018-08-31,297571.1482228941
269228,2018-09-30,298467.1368192705
269228,2018-10-31,300024.19244681107
269228,2018-11-30,302358.0667049911
269228,2018-12-31,305052.3110309839
269228,2019-01-31,307171.98239678284
269228,2019-02-28,309512.9507029275
269228,2019-03-31,311872.86353414523
269228,2019-04-30,313714.71781687
269228,2019-05-31,313987.4065068011
269228,2019-06-30,313709.1844292409
269228,2019-07-31,313885.69606598344
269228,2019-08-31,314679.32215640345
269228,2019-09-30,315717.8317794844
269228,2019-10-31,317345.88036636723
269228,2019-11-30,320000.45007556817
269228,2019-12-31,323310.7304421281
269228,2020-01-31,327572.4842421616
269228,2020-02-29,332054.92929236946
269228,2020-03-31,336278.52941308543
269228,2020-04-30,339020.00549697
269228,2020-05-31,339165.4074745722
269228,2020-06-30,337909.0862700869
269228,2020-07-31,336263.1955847879
269228,2020-08-31,336691.5844939745
269228,2020-09-30,339152.59270962834
269228,2020-10-31,343038.08037246723
269228,2020-11-30,347721.80331368494
269228,2020-12-31,352668.8142084908
269228,2021-01-31,358006.8838459282
269228,2021-02-28,363273.6736822513
269228,2021-03-31,368640.45065296936
269228,2021-04-30,373515.9247197692
269228,2021-05-31,378784.609224678
269228,2021-06-30,383777.8041776579
269228,2021-07-31,388046.088659229
269228,2021-08-31,390421.92083767167
269228,2021-09-30,391154.5257255996
269228,2021-10-31,391850.73548995954
269228,2021-11-30,393793.410930109
269228,2021-12-31,397097.7207619855
269228,2022-01-31,405263.8587635954
269228,2022-02-28,417145.5593350644
269228,2022-03-31,432654.7930118805
269228,2022-04-30,446350.28274256113
269228,2022-05-31,457927.2163239343
269228,2022-06-30,467318.9014520392
269228,2022-07-31,474706.0174291192
269228,2022-08-31,479403.02957435575
269228,2022-09-30,481303.7608245262
269228,2022-10-31,482043.7473095017
269228,2022-11-30,482420.8450858935
269228,2022-12-31,483169.7462233035
269228,2023-01-31,483119.81431743
269228,2023-02-28,482857.37329203496
269228,2023-03-31,484493.4518579836
269228,2023-04-30,488145.11296476616
269228,2023-05-31,493019.7675194118
269228,2023-06-30,498517.0317113541
269228,2023-07-31,504047.6340259101
269228,2023-08-31,510106.7073308943
269228,2023-09-30,515207.8629111567
269228,2023-10-31,520297.3706323251
269228,2023-11-30,525741.4398646206
269228,2023-12-31,531140.808036692
269228,2024-01-31,535536.7529372169
269228,2024-02-29,538971.3292981485
269228,2024-03-31,542742.0882785777
269228,2024-04-30,547582.2576039847
269228,2024-05-31,553064.383449635
269228,2024-06-30,557348.4517840353
269228,2024-07-31,561080.8890213807
269228,2024-08-31,564086.7067982714
269228,2024-09-30,566509.3855550307
269228,2024-10-31,567611.6318994613
269228,2024-11-30,568474.282356189
269228,2024-12-31,569757.5928376288
269228,2025-01-31,571010.3339696688
269228,2025-02-28,570750.8552407575
269228,2025-03-31,568103.9669115911
269228,2025-04-30,564691.3214896956
269228,2025-05-31,562065.4691559436
269228,2025-06-30,559515.5751275173
269228,2025-07-31,556215.0460861147
269228,2025-08-31,552580.5619067019
269228,2025-09-30,550817.8107406003
269228,2025-10-31,551021.7933346342
269228,2025-11-30,551777.9813784115
269228,2025-12-31,552113.0407319342
269228,2026-01-31,551990.7323946902
269228,2026-02-28,551862.9807265805
269228,2026-03-31,551871.8766851255
269228,2026-04-30,551425.3140945534
269228,2026-05-31,551207.0857206034
269228,2026-06-30,551724.2075079434
269228,2026-07-31,554211.7084501954
269228,2026-08-31,557309.9175765481
269306,2016-09-30,185783.0134128321
269306,2016-10-31,187180.53288484004
269306,2016-11-30,189458.0384419354
269306,2016-12-31,191988.81315758848
269306,2017-01-31,193878.41707210467
269306,2017-02-28,195499.8073372924
269306,2017-03-31,197028.9927813684
269306,2017-04-30,198631.5841364554
269306,2017-05-31,199934.7762306351
269306,2017-06-30,200996.64477783797
269306,2017-07-31,201926.39023586956
269306,2017-08-31,202596.56743919817
269306,2017-09-30,203508.99564926676
269306,2017-10-31,204723.4895267544
269306,2017-11-30,206024.13881443196
269306,2017-12-31,207877.92983979697
269306,2018-01-31,210300.7814315176
269306,2018-02-28,213342.6004694109
269306,2018-03-31,216365.2809543772
269306,2018-04-30,217965.6237625725
269306,2018-05-31,218891.5180571964
269306,2018-06-30,219041.0279506836
269306,2018-07-31,220012.72593040264
269306,2018-08-31,221446.7956974759
269306,2018-09-30,223433.45199742797
269306,2018-10-31,226234.09698939577
269306,2018-11-30,229202.84944485573
269306,2018-12-31,232742.6799689644
269306,2019-01-31,235522.9411543529
269306,2019-02-28,237522.4140726621
269306,2019-03-31,238220.15158197656
269306,2019-04-30,238188.02700886969
269306,2019-05-31,238017.20013994063
269306,2019-06-30,237279.5247339273
269306,2019-07-31,237066.42636020287
269306,2019-08-31,237086.87824322665
269306,2019-09-30,237348.4603902136
269306,2019-10-31,237438.94788509893
269306,2019-11-30,237816.33287263048
269306,2019-12-31,238636.4347836868
269306,2020-01-31,240570.8350685248
269306,2020-02-29,242346.94430473476
269306,2020-03-31,244075.9980257837
269306,2020-04-30,244224.15828676036
269306,2020-05-31,243377.1703390315
269306,2020-06-30,242009.9869045061
269306,2020-07-31,241187.6125645301
269306,2020-08-31,240975.44210881865
269306,2020-09-30,241528.2599826127
269306,2020-10-31,242067.17269409183
269306,2020-11-30,242988.2361948608
269306,2020-12-31,243565.21385054072
269306,2021-01-31,244106.4891188205
269306,2021-02-28,245323.1343073484
269306,2021-03-31,247390.06236932185
269306,2021-04-30,249457.36369499468
269306,2021-05-31,250861.56593275745
269306,2021-06-30,251624.20448503693
269306,2021-07-31,253027.2338054437
269306,2021-08-31,255099.2584434584
269306,2021-09-30,257576.38839821357
269306,2021-10-31,259991.8116162836
269306,2021-11-30,261836.4750109049
269306,2021-12-31,263966.442710428
269306,2022-01-31,266269.957984777
269306,2022-02-28,268238.1936551973
269306,2022-03-31,269612.9756769174
269306,2022-04-30,271689.7947226191
269306,2022-05-31,274502.6783241961
269306,2022-06-30,277750.93727811665
269306,2022-07-31,279913.2795941881
269306,2022-08-31,280635.9078422854
269306,2022-09-30,281038.173007325
269306,2022-10-31,281552.8956141472
269306,2022-11-30,282954.15700808674
269306,2022-12-31,284104.41619314015
269306,2023-01-31,284827.92928242875
269306,2023-02-28,284898.71849792294
269306,2023-03-31,284704.988405895
269306,2023-04-30,284400.0302559913
269306,2023-05-31,284584.43744938594
269306,2023-06-30,284817.5347629698
269306,2023-07-31,285332.7655903918
269306,2023-08-31,286468.77888546605
269306,2023-09-30,287733.38489545137
269306,2023-10-31,288177.6993164393
269306,2023-11-30,287606.718599669
269306,2023-12-31,285930.9229066076
269306,2024-01-31,284674.3452251406
269306,2024-02-29,283517.7881089078
269306,2024-03-31,283463.42078310583
269306,2024-04-30,283695.09218776674
269306,2024-05-31,283687.5810880335
269306,2024-06-30,282747.2482599393
269306,2024-07-31,281165.9773746058
269306,2024-08-31,279649.6563004847
269306,2024-09-30,278164.97638407006
269306,2024-10-31,276194.7509460268
269306,2024-11-30,273654.44573817204
269306,2024-12-31,271182.85733513854
269306,2025-01-31,269073.4264779564
269306,2025-02-28,267372.6157166756
269306,2025-03-31,265858.651550573
269306,2025-04-30,264563.48376753577
269306,2025-05-31,263043.6247978824
269306,2025-06-30,261058.71979170665
269306,2025-07-31,258328.7054301738
269306,2025-08-31,255530.71125988243
269306,2025-09-30,252965.53277036268
269306,2025-10-31,250873.70844360607
269306,2025-11-30,249058.54965802663
269306,2025-12-31,247555.76530745544
269306,2026-01-31,246700.46096488027
269306,2026-02-28,245846.3560752468
269306,2026-03-31,244881.5287742143
269306,2026-04-30,243451.39809016057
269306,2026-05-31,242455.99279417295
269306,2026-06-30,241887.6167096244
269306,2026-07-31,242195.6496618526
269306,2026-08-31,242243.54231909703
269381,2016-09-30,284594.4885038634
269381,2016-10-31,285962.38409340003
269381,2016-11-30,287989.22741654416
269381,2016-12-31,290530.43013916217
269381,2017-01-31,292938.4607589538
269381,2017-02-28,295244.78235606337
269381,2017-03-31,297530.16279869416
269381,2017-04-30,299979.1634632469
269381,2017-05-31,301841.3733436168
269381,2017-06-30,303638.89372118696
269381,2017-07-31,305103.7734206855
269381,2017-08-31,306966.7785127448
269381,2017-09-30,308766.1778465397
269381,2017-10-31,310675.5967832737
269381,2017-11-30,312610.23211907066
269381,2017-12-31,314927.51818990626
269381,2018-01-31,317491.9699485185
269381,2018-02-28,320343.7988554852
269381,2018-03-31,323249.5464895736
269381,2018-04-30,325529.80273229984
269381,2018-05-31,327820.5744512189
269381,2018-06-30,329304.2024241947
269381,2018-07-31,331017.4951271583
269381,2018-08-31,332418.5669610084
269381,2018-09-30,334307.86486076395
269381,2018-10-31,336445.7784949341
269381,2018-11-30,338863.57589074265
269381,2018-12-31,341128.34457146266
269381,2019-01-31,343215.9230781908
269381,2019-02-28,344372.7627189237
269381,2019-03-31,345242.09764475684
269381,2019-04-30,345543.05010807817
269381,2019-05-31,345665.9942932679
269381,2019-06-30,344977.7570452069
269381,2019-07-31,344575.1389799843
269381,2019-08-31,344022.669486218
269381,2019-09-30,343357.57559880766
269381,2019-10-31,342159.5557073438
269381,2019-11-30,341540.70922086376
269381,2019-12-31,341547.03514078347
269381,2020-01-31,341916.3444790975
269381,2020-02-29,342541.155088211
269381,2020-03-31,343447.88704567385
269381,2020-04-30,344179.0924048179
269381,2020-05-31,344167.06332353514
269381,2020-06-30,343317.8953562788
269381,2020-07-31,342547.5569867498
269381,2020-08-31,342733.33851191384
269381,2020-09-30,344254.4503483655
269381,2020-10-31,346065.9175490407
269381,2020-11-30,347781.9119699627
269381,2020-12-31,348704.5296495354
269381,2021-01-31,349801.56173876574
269381,2021-02-28,350939.19524407387
269381,2021-03-31,352490.4949639991
269381,2021-04-30,353128.2885167923
269381,2021-05-31,353443.99006546097
269381,2021-06-30,354323.6660559797
269381,2021-07-31,356553.5251432722
269381,2021-08-31,359705.34227215097
269381,2021-09-30,362667.1905548985
269381,2021-10-31,365668.1963531764
269381,2021-11-30,368542.5961901134
269381,2021-12-31,371844.3129749982
269381,2022-01-31,375291.2359944192
269381,2022-02-28,378048.4435276049
269381,2022-03-31,380411.4871810777
269381,2022-04-30,382885.9300386391
269381,2022-05-31,386065.2387497888
269381,2022-06-30,389199.54078280367
269381,2022-07-31,391514.42928766366
269381,2022-08-31,392066.6922665512
269381,2022-09-30,391377.1525056853
269381,2022-10-31,390782.3427861302
269381,2022-11-30,390458.2936613417
269381,2022-12-31,390661.7762542162
269381,2023-01-31,390489.2731961958
269381,2023-02-28,389848.2200773623
269381,2023-03-31,388526.938793394
269381,2023-04-30,386850.8060836669
269381,2023-05-31,386527.5829587782
269381,2023-06-30,387006.6391471518
269381,2023-07-31,388175.68999123335
269381,2023-08-31,389722.4195657484
269381,2023-09-30,391162.53085655015
269381,2023-10-31,391898.71243871487
269381,2023-11-30,391823.7885548763
269381,2023-12-31,390711.7241040261
269381,2024-01-31,389885.114978798
269381,2024-02-29,388582.9740830659
269381,2024-03-31,388465.0750241939
269381,2024-04-30,388543.8567135062
269381,2024-05-31,388803.2262625669
269381,2024-06-30,387986.2258456074
269381,2024-07-31,386474.6025243602
269381,2024-08-31,384550.7391703535
269381,2024-09-30,382450.32738507184
269381,2024-10-31,380261.9052717325
269381,2024-11-30,377686.7450475833
269381,2024-12-31,375605.15561621473
269381,2025-01-31,373708.6990968536
269381,2025-02-28,372469.3960073101
269381,2025-03-31,371129.0953032196
269381,2025-04-30,369971.0827978279
269381,2025-05-31,368565.6527110186
269381,2025-06-30,366867.3854251409
269381,2025-07-31,364731.8520202176
269381,2025-08-31,362594.04598507535
269381,2025-09-30,360867.9313479594
269381,2025-10-31,359690.43159679323
269381,2025-11-30,358692.07946365204
269381,2025-12-31,358035.47446624684
269381,2026-01-31,357809.8938745638
269381,2026-02-28,357981.870437678
269381,2026-03-31,358010.2536703565
269381,2026-04-30,357022.6949853107
269381,2026-05-31,355546.9798934774
269381,2026-06-30,354066.6648332528
269381,2026-07-31,352922.73997671314
269381,2026-08-31,351127.1569949323
269391,2016-09-30,534766.2366331314
269391,2016-10-31,534971.8672065195
269391,2016-11-30,536164.659822601
269391,2016-12-31,538171.0671917251
269391,2017-01-31,540209.6590729757
269391,2017-02-28,542724.328439325
269391,2017-03-31,544822.8808796109
269391,2017-04-30,546797.3525687472
269391,2017-05-31,547527.6747468757
269391,2017-06-30,548818.6329298858
269391,2017-07-31,550005.9218494884
269391,2017-08-31,551014.9983090597
269391,2017-09-30,551547.7165349923
269391,2017-10-31,552284.1982178815
269391,2017-11-30,553951.9046419315
269391,2017-12-31,556285.5787561719
269391,2018-01-31,558958.341181966
269391,2018-02-28,561325.2041065175
269391,2018-03-31,563426.469859217
269391,2018-04-30,564083.3153585979
269391,2018-05-31,565321.150034551
269391,2018-06-30,565686.9468287401
269391,2018-07-31,566687.8623285337
269391,2018-08-31,566948.71272826
269391,2018-09-30,567373.2971504711
269391,2018-10-31,568362.5041809696
269391,2018-11-30,569531.5274103301
269391,2018-12-31,571012.9513182946
269391,2019-01-31,572296.7935007868
269391,2019-02-28,573231.2101887622
269391,2019-03-31,574847.8631283948
269391,2019-04-30,576420.6997645203
269391,2019-05-31,577053.6953952775
269391,2019-06-30,576194.3216124262
269391,2019-07-31,574384.1279820252
269391,2019-08-31,573007.9525773645
269391,2019-09-30,571513.730502815
269391,2019-10-31,570468.567619088
269391,2019-11-30,569393.8614254118
269391,2019-12-31,568705.5479211365
269391,2020-01-31,570117.7022906035
269391,2020-02-29,572008.6713068887
269391,2020-03-31,574143.1687814271
269391,2020-04-30,573474.1735076087
269391,2020-05-31,571470.3898967509
269391,2020-06-30,568281.0490983195
269391,2020-07-31,565884.4247489945
269391,2020-08-31,565780.7776546582
269391,2020-09-30,568525.1330929365
269391,2020-10-31,573172.07332341
269391,2020-11-30,578232.224235451
269391,2020-12-31,582148.1427643313
269391,2021-01-31,585446.293873967
269391,2021-02-28,588447.4269477982
269391,2021-03-31,592329.1854424197
269391,2021-04-30,595937.7974581686
269391,2021-05-31,600191.2857426543
269391,2021-06-30,604298.8742691111
269391,2021-07-31,607772.748696573
269391,2021-08-31,610991.4611201902
269391,2021-09-30,615267.7079518785
269391,2021-10-31,620481.9410160152
269391,2021-11-30,626016.9217889252
269391,2021-12-31,629600.0478839366
269391,2022-01-31,633673.5847750754
269391,2022-02-28,637791.0949458034
269391,2022-03-31,644437.2215560257
269391,2022-04-30,651257.8678638235
269391,2022-05-31,657133.425354963
269391,2022-06-30,661378.272586707
269391,2022-07-31,663478.9002513171
269391,2022-08-31,663484.8762363483
269391,2022-09-30,659889.7278184454
269391,2022-10-31,657165.7355675014
269391,2022-11-30,655003.9972848091
269391,2022-12-31,653615.4320723581
269391,2023-01-31,650425.0558261183
269391,2023-02-28,646920.3848494407
269391,2023-03-31,644889.1711595813
269391,2023-04-30,645003.9432756748
269391,2023-05-31,646715.8375632811
269391,2023-06-30,648677.674323225
269391,2023-07-31,650072.3107000181
269391,2023-08-31,651834.8048130866
269391,2023-09-30,654135.9036796675
269391,2023-10-31,657320.257077783
269391,2023-11-30,659278.6684222954
269391,2023-12-31,659341.8172597154
269391,2024-01-31,658247.7720099668
269391,2024-02-29,657461.5277614135
269391,2024-03-31,658326.1541848714
269391,2024-04-30,659480.8363208997
269391,2024-05-31,660011.1252694296
269391,2024-06-30,658492.2104020494
269391,2024-07-31,655645.3593230888
269391,2024-08-31,652821.9456342595
269391,2024-09-30,650907.4802769105
269391,2024-10-31,650305.9692742748
269391,2024-11-30,649959.2830357131
269391,2024-12-31,650573.3825893373
269391,2025-01-31,651170.8551306232
269391,2025-02-28,652987.3923038616
269391,2025-03-31,655353.5159118521
269391,2025-04-30,658891.7301383874
269391,2025-05-31,661201.7917399304
269391,2025-06-30,661478.2256106728
269391,2025-07-31,659994.3954958715
269391,2025-08-31,658728.897696875
269391,2025-09-30,658918.2413241211
269391,2025-10-31,660478.943109968
269391,2025-11-30,662428.616795152
269391,2025-12-31,664285.9557710845
269391,2026-01-31,665978.7042881857
269391,2026-02-28,667414.5374277531
269391,2026-03-31,667981.7176245173
269391,2026-04-30,666711.7009031186
269391,2026-05-31,664628.1118874646
269391,2026-06-30,664041.2557162977
269391,2026-07-31,665147.0353734237
269391,2026-08-31,667992.8785156977
269397,2016-09-30,264842.5383505532
269397,2016-10-31,267280.802494041
269397,2016-11-30,269691.36147306714
269397,2016-12-31,272260.0081059265
269397,2017-01-31,274793.71427546063
269397,2017-02-28,277206.26893494296
269397,2017-03-31,279557.71672680794
269397,2017-04-30,282152.2465087665
269397,2017-05-31,284623.6813218833
269397,2017-06-30,287009.75547623384
269397,2017-07-31,289016.4924193395
269397,2017-08-31,291425.88318465225
269397,2017-09-30,294072.34591122955
269397,2017-10-31,297492.39236429514
269397,2017-11-30,301083.36769143934
269397,2017-12-31,305241.4808436667
269397,2018-01-31,309582.5623325089
269397,2018-02-28,313685.30449248786
269397,2018-03-31,317413.9219810285
269397,2018-04-30,319501.39935310814
269397,2018-05-31,321155.2779081758
269397,2018-06-30,321979.03072065394
269397,2018-07-31,323929.01513176254
269397,2018-08-31,327078.5868641198
269397,2018-09-30,331236.8456127048
269397,2018-10-31,335907.0495964033
269397,2018-11-30,340316.5069915692
269397,2018-12-31,344561.6225878954
269397,2019-01-31,348201.4329561467
269397,2019-02-28,350732.31145544845
269397,2019-03-31,352414.0906774265
269397,2019-04-30,352816.3535620396
269397,2019-05-31,352242.0871265172
269397,2019-06-30,350707.4375323334
269397,2019-07-31,350462.5414224416
269397,2019-08-31,351442.7878934881
269397,2019-09-30,353201.5584142927
269397,2019-10-31,354251.4602508765
269397,2019-11-30,355431.35972981906
269397,2019-12-31,356583.1792654654
269397,2020-01-31,358853.224061602
269397,2020-02-29,360252.777516312
269397,2020-03-31,361461.1027217317
269397,2020-04-30,360909.23541048105
269397,2020-05-31,359380.21212871355
269397,2020-06-30,357355.29248839914
269397,2020-07-31,356192.98466320016
269397,2020-08-31,356619.178022311
269397,2020-09-30,358536.8601910036
269397,2020-10-31,360884.86502113706
269397,2020-11-30,364242.4367338652
269397,2020-12-31,366948.6808859965
269397,2021-01-31,370007.80094485433
269397,2021-02-28,372777.1296878113
269397,2021-03-31,376251.7899498862
269397,2021-04-30,378714.10355432384
269397,2021-05-31,380469.8337849141
269397,2021-06-30,382088.43653859926
269397,2021-07-31,385122.10376442986
269397,2021-08-31,389077.9649349358
269397,2021-09-30,393195.4045848388
269397,2021-10-31,396863.9709185818
269397,2021-11-30,400568.8914593735
269397,2021-12-31,403952.7811503288
269397,2022-01-31,406890.57757626096
269397,2022-02-28,408620.8196992839
269397,2022-03-31,410364.9825297755
269397,2022-04-30,412530.428363901
269397,2022-05-31,415410.2762362875
269397,2022-06-30,417574.57661562896
269397,2022-07-31,418182.5947859245
269397,2022-08-31,416948.46439106745
269397,2022-09-30,414793.05822393525
269397,2022-10-31,413479.0000304484
269397,2022-11-30,412770.3655675102
269397,2022-12-31,412339.08676860266
269397,2023-01-31,411430.2710734415
269397,2023-02-28,410374.5719488372
269397,2023-03-31,409476.6816078141
269397,2023-04-30,408762.328801509
269397,2023-05-31,408715.2627736172
269397,2023-06-30,409076.5603949225
269397,2023-07-31,409918.6888227792
269397,2023-08-31,411334.43863142
269397,2023-09-30,413200.2791960787
269397,2023-10-31,414333.68979243375
269397,2023-11-30,415384.9829274872
269397,2023-12-31,415257.3014972183
269397,2024-01-31,415801.4843408798
269397,2024-02-29,415933.2649316252
269397,2024-03-31,416994.3423183912
269397,2024-04-30,417928.5880758438
269397,2024-05-31,418094.18968337256
269397,2024-06-30,417099.307038534
269397,2024-07-31,415112.3273786834
269397,2024-08-31,413111.8535165696
269397,2024-09-30,411101.1807668852
269397,2024-10-31,409405.30279696273
269397,2024-11-30,407707.6030460981
269397,2024-12-31,406398.6950951582
269397,2025-01-31,405174.4208837465
269397,2025-02-28,404404.62863821565
269397,2025-03-31,403391.0588911357
269397,2025-04-30,402711.6776168317
269397,2025-05-31,401318.3740005949
269397,2025-06-30,399422.0196153084
269397,2025-07-31,396208.68492406415
269397,2025-08-31,392577.6579392778
269397,2025-09-30,389695.3472731241
269397,2025-10-31,387771.2458685204
269397,2025-11-30,387225.0674322628
269397,2025-12-31,387254.1109758469
269397,2026-01-31,387708.6818813917
269397,2026-02-28,388577.3010259878
269397,2026-03-31,389553.79086811584
269397,2026-04-30,389882.0188257233
269397,2026-05-31,389764.7210963682
269397,2026-06-30,389521.2152143954
269397,2026-07-31,389721.8613838721
269397,2026-08-31,389281.2704874005
269571,2016-09-30,101870.84081930335
269571,2016-10-31,101604.7770298456
269571,2016-11-30,101610.30104882712
269571,2016-12-31,102411.15147229488
269571,2017-01-31,104285.44523668196
269571,2017-02-28,106391.75401730405
269571,2017-03-31,108292.66356501916
269571,2017-04-30,108617.8745391703
269571,2017-05-31,109087.6100147142
269571,2017-06-30,109200.37836121644
269571,2017-07-31,109740.16245120038
269571,2017-08-31,110320.35040816672
269571,2017-09-30,111876.18909447368
269571,2017-10-31,114173.2653063722
269571,2017-11-30,116937.73755282664
269571,2017-12-31,119797.9834847595
269571,2018-01-31,122632.14752096232
269571,2018-02-28,125184.89957687564
269571,2018-03-31,127670.71992074267
269571,2018-04-30,129279.22600869033
269571,2018-05-31,130253.98931434008
269571,2018-06-30,129888.43157083768
269571,2018-07-31,130019.46214967885
269571,2018-08-31,130068.43911377616
269571,2018-09-30,130201.65103296528
269571,2018-10-31,129525.47973973036
269571,2018-11-30,129534.22706319836
269571,2018-12-31,130107.68390915197
269571,2019-01-31,130567.33071383384
269571,2019-02-28,130968.55987404272
269571,2019-03-31,131568.41181151508
269571,2019-04-30,133585.74636102226
269571,2019-05-31,135587.41437141725
269571,2019-06-30,137034.23026964
269571,2019-07-31,137113.08831915617
269571,2019-08-31,136627.4659352643
269571,2019-09-30,135954.57678822984
269571,2019-10-31,135700.02380371545
269571,2019-11-30,135778.6541924435
269571,2019-12-31,135857.5528967633
269571,2020-01-31,137153.14784449432
269571,2020-02-29,138891.80044879232
269571,2020-03-31,141126.56445924912
269571,2020-04-30,142722.42457647194
269571,2020-05-31,143978.06263482277
269571,2020-06-30,144601.2634225783
269571,2020-07-31,144253.64258539933
269571,2020-08-31,143842.33126065313
269571,2020-09-30,144818.67331215402
269571,2020-10-31,147025.5593014549
269571,2020-11-30,150227.21885938788
269571,2020-12-31,153818.56971120127
269571,2021-01-31,158116.87703363562
269571,2021-02-28,163477.91991944864
269571,2021-03-31,169465.2509714795
269571,2021-04-30,175223.8206148812
269571,2021-05-31,180473.90461670567
269571,2021-06-30,184160.54660062472
269571,2021-07-31,185118.7777820524
269571,2021-08-31,183161.89261770836
269571,2021-09-30,179666.6224521418
269571,2021-10-31,176559.54954585014
269571,2021-11-30,174872.20162909545
269571,2021-12-31,174505.59269149203
269571,2022-01-31,176882.8966558563
269571,2022-02-28,180923.0325829565
269571,2022-03-31,186307.6255572935
269571,2022-04-30,189675.73803500857
269571,2022-05-31,190486.89931957595
269571,2022-06-30,189974.0141196621
269571,2022-07-31,188158.56224800064
269571,2022-08-31,185140.65326323517
269571,2022-09-30,181257.07513779704
269571,2022-10-31,178368.97522146694
269571,2022-11-30,176598.08346250668
269571,2022-12-31,174739.18447769553
269571,2023-01-31,172143.2668568346
269571,2023-02-28,170105.52622739153
269571,2023-03-31,169080.55299267318
269571,2023-04-30,169127.847718035
269571,2023-05-31,168957.19628264385
269571,2023-06-30,168438.7903735412
269571,2023-07-31,168330.52509184717
269571,2023-08-31,168397.3633364718
269571,2023-09-30,168563.51673043563
269571,2023-10-31,168348.209337827
269571,2023-11-30,167790.02087241106
269571,2023-12-31,167170.99036410378
269571,2024-01-31,166993.7967741688
269571,2024-02-29,168128.56780992774
269571,2024-03-31,169964.952548257
269571,2024-04-30,173024.2150291296
269571,2024-05-31,175961.2776254861
269571,2024-06-30,178541.00304323112
269571,2024-07-31,179859.1012779421
269571,2024-08-31,180688.1533352004
269571,2024-09-30,181117.4808047088
269571,2024-10-31,180723.6111559067
269571,2024-11-30,180248.68578318716
269571,2024-12-31,179920.21633693785
269571,2025-01-31,179689.63348673712
269571,2025-02-28,179529.17413063135
269571,2025-03-31,179593.12291481788
269571,2025-04-30,180679.3661159859
269571,2025-05-31,181142.8309015846
269571,2025-06-30,181119.26184876065
269571,2025-07-31,181133.41979880413
269571,2025-08-31,181363.3047338009
269571,2025-09-30,181677.2949562267
269571,2025-10-31,181762.43834419711
269571,2025-11-30,182718.95394420487
269571,2025-12-31,184637.3856810557
269571,2026-01-31,186088.80160774244
269571,2026-02-28,187454.45873207008
269571,2026-03-31,187637.1256546762
269571,2026-04-30,187131.9136073625
269571,2026-05-31,185900.19454625528
269571,2026-06-30,184971.878015326
269571,2026-07-31,184335.2598988721
269571,2026-08-31,184611.57031828968
269587,2016-09-30,321951.45837474306
269587,2016-10-31,323716.0095526521
269587,2016-11-30,326101.87355909665
269587,2016-12-31,328646.4753308704
269587,2017-01-31,331169.8083302924
269587,2017-02-28,333507.3102233741
269587,2017-03-31,335781.50899055105
269587,2017-04-30,336700.05569294875
269587,2017-05-31,336683.85463303246
269587,2017-06-30,335521.9851590404
269587,2017-07-31,334522.5544263221
269587,2017-08-31,333401.56503009074
269587,2017-09-30,333085.0598209342
269587,2017-10-31,332803.8271501328
269587,2017-11-30,333762.9929205523
269587,2017-12-31,335733.7123261276
269587,2018-01-31,338752.238861042
269587,2018-02-28,341423.5488946019
269587,2018-03-31,344021.062180199
269587,2018-04-30,346066.0363695612
269587,2018-05-31,347127.30866951746
269587,2018-06-30,347019.1170812391
269587,2018-07-31,346216.1580290588
269587,2018-08-31,345437.2308924279
269587,2018-09-30,344774.17024835735
269587,2018-10-31,344748.59774121136
269587,2018-11-30,344554.2000810456
269587,2018-12-31,344542.9885305635
269587,2019-01-31,344468.7712834782
269587,2019-02-28,345410.8751535622
269587,2019-03-31,345986.2121870615
269587,2019-04-30,346723.9937527383
269587,2019-05-31,346011.0849927833
269587,2019-06-30,345546.63804860495
269587,2019-07-31,344298.8218278223
269587,2019-08-31,343347.98335886496
269587,2019-09-30,341807.7276868851
269587,2019-10-31,340794.74453545874
269587,2019-11-30,340758.9488400928
269587,2019-12-31,341268.34435489326
269587,2020-01-31,344354.3101066085
269587,2020-02-29,347691.5731340534
269587,2020-03-31,351111.6824401966
269587,2020-04-30,351603.2212007595
269587,2020-05-31,350491.91018912074
269587,2020-06-30,348693.09398550785
269587,2020-07-31,346773.293158025
269587,2020-08-31,346208.35849248007
269587,2020-09-30,347588.7549224899
269587,2020-10-31,350615.7438959037
269587,2020-11-30,354974.0156957708
269587,2020-12-31,359317.07860360964
269587,2021-01-31,363191.0921777554
269587,2021-02-28,367170.911132729
269587,2021-03-31,371146.0092576493
269587,2021-04-30,375150.8160058674
269587,2021-05-31,377415.3860120334
269587,2021-06-30,378503.4002124186
269587,2021-07-31,379653.2001188048
269587,2021-08-31,380728.3869177375
269587,2021-09-30,380639.4825536133
269587,2021-10-31,380352.5464320337
269587,2021-11-30,380625.6010096601
269587,2021-12-31,382291.8252513181
269587,2022-01-31,382972.5194327654
269587,2022-02-28,384105.2474968136
269587,2022-03-31,386755.0238015034
269587,2022-04-30,391184.7681166913
269587,2022-05-31,394346.6885745555
269587,2022-06-30,396151.0479437236
269587,2022-07-31,395291.5605403269
269587,2022-08-31,392977.88864825614
269587,2022-09-30,389158.0714144411
269587,2022-10-31,386438.7156749373
269587,2022-11-30,385116.3084715479
269587,2022-12-31,384363.6462311736
269587,2023-01-31,382498.2151305129
269587,2023-02-28,380943.64528616535
269587,2023-03-31,381099.7603883885
269587,2023-04-30,384040.3721089345
269587,2023-05-31,387307.621643305
269587,2023-06-30,390891.0120000118
269587,2023-07-31,394267.130262278
269587,2023-08-31,397905.2370871608
269587,2023-09-30,400172.4264119978
269587,2023-10-31,401277.5312549833
269587,2023-11-30,401730.2172885295
269587,2023-12-31,401145.2468497818
269587,2024-01-31,400394.8244356225
269587,2024-02-29,401079.770045106
269587,2024-03-31,404331.6869267
269587,2024-04-30,408105.38009447017
269587,2024-05-31,410332.7496535368
269587,2024-06-30,410234.58207155904
269587,2024-07-31,409673.4461422245
269587,2024-08-31,409394.6014131445
269587,2024-09-30,410179.9305370141
269587,2024-10-31,411288.4280102977
269587,2024-11-30,413717.9562019643
269587,2024-12-31,416365.35161718447
269587,2025-01-31,418863.9687230708
269587,2025-02-28,420956.64509614976
269587,2025-03-31,422886.90067807975
269587,2025-04-30,424256.324045307
269587,2025-05-31,424581.0091766112
269587,2025-06-30,424442.2351029454
269587,2025-07-31,426285.1753114948
269587,2025-08-31,428911.0940371796
269587,2025-09-30,432298.4901945226
269587,2025-10-31,435933.8146315047
269587,2025-11-30,440091.1300011801
269587,2025-12-31,444552.4433636342
269587,2026-01-31,448446.0818277057
269587,2026-02-28,452593.0441622776
269587,2026-03-31,456612.11657706666
269587,2026-04-30,460079.0354894055
269587,2026-05-31,463496.2026396073
269587,2026-06-30,466886.6662044613
269587,2026-07-31,471000.90190192586
269587,2026-08-31,474966.602065374
269589,2016-09-30,338575.67893278506
269589,2016-10-31,338552.97809164075
269589,2016-11-30,339341.6905940995
269589,2016-12-31,341348.79042159644
269589,2017-01-31,343757.1747067472
269589,2017-02-28,346546.81682748743
269589,2017-03-31,348851.5005530755
269589,2017-04-30,350393.92365047097
269589,2017-05-31,351431.48413310194
269589,2017-06-30,351269.829696458
269589,2017-07-31,351431.9700731604
269589,2017-08-31,350869.4624785343
269589,2017-09-30,350994.5725095635
269589,2017-10-31,350801.32659066765
269589,2017-11-30,350638.85205370444
269589,2017-12-31,350767.8029418893
269589,2018-01-31,351563.0240281743
269589,2018-02-28,352836.7378930182
269589,2018-03-31,354932.07097652653
269589,2018-04-30,357147.4469522744
269589,2018-05-31,358727.7494832528
269589,2018-06-30,358679.63456821
269589,2018-07-31,357258.0303164386
269589,2018-08-31,355627.7535212268
269589,2018-09-30,354197.8651665893
269589,2018-10-31,353222.133914989
269589,2018-11-30,352122.25606000127
269589,2018-12-31,351457.090461249
269589,2019-01-31,350976.92592436326
269589,2019-02-28,350993.472477536
269589,2019-03-31,350867.6029460168
269589,2019-04-30,351084.9489045334
269589,2019-05-31,350859.0475231612
269589,2019-06-30,350197.5977183094
269589,2019-07-31,348958.3622703659
269589,2019-08-31,347689.5168625104
269589,2019-09-30,346399.5359340284
269589,2019-10-31,345481.23880147975
269589,2019-11-30,344983.1136719756
269589,2019-12-31,345053.74169174646
269589,2020-01-31,345196.8066580396
269589,2020-02-29,345900.97525512736
269589,2020-03-31,346843.69953985576
269589,2020-04-30,347733.2794497079
269589,2020-05-31,348210.395124068
269589,2020-06-30,348196.0122700568
269589,2020-07-31,347729.4753023029
269589,2020-08-31,347542.65195352084
269589,2020-09-30,348683.4064333933
269589,2020-10-31,350723.8942936885
269589,2020-11-30,353764.86194659653
269589,2020-12-31,356470.6258989838
269589,2021-01-31,359136.676326933
269589,2021-02-28,361223.1183035387
269589,2021-03-31,362754.51389752585
269589,2021-04-30,364114.7256336819
269589,2021-05-31,365138.57278408046
269589,2021-06-30,366246.9140170417
269589,2021-07-31,367618.0346318835
269589,2021-08-31,368918.0684033604
269589,2021-09-30,369390.1889482669
269589,2021-10-31,370042.2590692061
269589,2021-11-30,371006.0631928872
269589,2021-12-31,372891.0188062118
269589,2022-01-31,374282.2974760074
269589,2022-02-28,375807.5440670051
269589,2022-03-31,377952.7717318682
269589,2022-04-30,380843.5470539574
269589,2022-05-31,382413.1276684512
269589,2022-06-30,383652.62839880405
269589,2022-07-31,383479.3873569994
269589,2022-08-31,382717.3537657468
269589,2022-09-30,380338.6294129348
269589,2022-10-31,378407.7972137963
269589,2022-11-30,377586.9381577214
269589,2022-12-31,377169.99394529714
269589,2023-01-31,375236.0986425917
269589,2023-02-28,371989.6156381776
269589,2023-03-31,369906.3996687439
269589,2023-04-30,370537.0350679341
269589,2023-05-31,373164.2092776804
269589,2023-06-30,376473.44463236415
269589,2023-07-31,379731.1530424415
269589,2023-08-31,383912.8062979119
269589,2023-09-30,387655.48176700814
269589,2023-10-31,390310.703409216
269589,2023-11-30,391552.74382793467
269589,2023-12-31,391413.05316002114
269589,2024-01-31,390819.45679485257
269589,2024-02-29,390445.54986110126
269589,2024-03-31,392130.333059912
269589,2024-04-30,394902.070456036
269589,2024-05-31,397872.7822181621
269589,2024-06-30,399573.5597785263
269589,2024-07-31,401088.21042767697
269589,2024-08-31,402371.0086406744
269589,2024-09-30,403177.7914232837
269589,2024-10-31,403846.0676708895
269589,2024-11-30,404694.8612548181
269589,2024-12-31,406287.1829115655
269589,2025-01-31,408643.7183966721
269589,2025-02-28,410958.7270200607
269589,2025-03-31,412496.964823796
269589,2025-04-30,412557.0527853497
269589,2025-05-31,412551.5184205116
269589,2025-06-30,412977.2846390293
269589,2025-07-31,414753.70805654937
269589,2025-08-31,417177.3308671513
269589,2025-09-30,420731.4107141314
269589,2025-10-31,424540.1376661107
269589,2025-11-30,428196.5144242868
269589,2025-12-31,431300.29585159913
269589,2026-01-31,434986.7943409544
269589,2026-02-28,439271.6691681408
269589,2026-03-31,443828.22150014667
269589,2026-04-30,447224.5951991401
269589,2026-05-31,450623.3785233597
269589,2026-06-30,454658.0361380288
269589,2026-07-31,460501.76881138206
269589,2026-08-31,466336.14142220863
269590,2016-09-30,566433.6134856906
269590,2016-10-31,566306.3925166797
269590,2016-11-30,566861.93809707
269590,2016-12-31,569006.7404144241
269590,2017-01-31,571392.0235962224
269590,2017-02-28,573794.7632688113
269590,2017-03-31,576832.1363946944
269590,2017-04-30,579146.5886129291
269590,2017-05-31,582575.8382762494
269590,2017-06-30,585075.8869743193
269590,2017-07-31,588786.7858178302
269590,2017-08-31,590339.7811414073
269590,2017-09-30,591176.2935300921
269590,2017-10-31,589113.5235655294
269590,2017-11-30,585217.1170914863
269590,2017-12-31,581274.8944543222
269590,2018-01-31,579419.7914177914
269590,2018-02-28,580726.2204184138
269590,2018-03-31,584359.6961599397
269590,2018-04-30,588683.3410814091
269590,2018-05-31,591854.4276390848
269590,2018-06-30,590759.0837588711
269590,2018-07-31,587799.492684886
269590,2018-08-31,584801.5690776712
269590,2018-09-30,583042.8169560146
269590,2018-10-31,581265.2113525382
269590,2018-11-30,578706.9914459282
269590,2018-12-31,577033.2689399638
269590,2019-01-31,576494.911378384
269590,2019-02-28,577549.516634523
269590,2019-03-31,576990.0403674688
269590,2019-04-30,575507.6186798686
269590,2019-05-31,572286.248783092
269590,2019-06-30,570376.5921474325
269590,2019-07-31,568774.5362739506
269590,2019-08-31,567718.3463120036
269590,2019-09-30,565443.538683748
269590,2019-10-31,564721.4539625953
269590,2019-11-30,563629.6749481455
269590,2019-12-31,562923.4950436132
269590,2020-01-31,559954.2144069313
269590,2020-02-29,558844.608541757
269590,2020-03-31,559237.284895572
269590,2020-04-30,559546.410848993
269590,2020-05-31,559203.8901717773
269590,2020-06-30,558018.8696742951
269590,2020-07-31,557211.582171821
269590,2020-08-31,556932.6687635585
269590,2020-09-30,557797.0749193989
269590,2020-10-31,558922.4691171657
269590,2020-11-30,560790.7931509549
269590,2020-12-31,562214.6126499362
269590,2021-01-31,564405.4855692829
269590,2021-02-28,565888.9771328901
269590,2021-03-31,566744.3889022219
269590,2021-04-30,566622.3903584682
269590,2021-05-31,565921.1339507991
269590,2021-06-30,566023.5320298403
269590,2021-07-31,567422.4977149442
269590,2021-08-31,568880.1032513344
269590,2021-09-30,568491.1271563931
269590,2021-10-31,568656.2823702187
269590,2021-11-30,570845.2518746678
269590,2021-12-31,575135.6395649906
269590,2022-01-31,578901.7802372776
269590,2022-02-28,582900.309462241
269590,2022-03-31,588743.6733086635
269590,2022-04-30,596190.4915384172
269590,2022-05-31,600790.2589537789
269590,2022-06-30,604022.1550558355
269590,2022-07-31,603509.9212675882
269590,2022-08-31,601262.418807736
269590,2022-09-30,596265.605827976
269590,2022-10-31,592610.1253740675
269590,2022-11-30,590949.6117759059
269590,2022-12-31,590523.3682002645
269590,2023-01-31,589259.7299003155
269590,2023-02-28,585777.1850337107
269590,2023-03-31,582797.1639486734
269590,2023-04-30,581751.1661867568
269590,2023-05-31,583511.5108704896
269590,2023-06-30,586162.2486960365
269590,2023-07-31,588719.1686293395
269590,2023-08-31,591359.8715611232
269590,2023-09-30,593394.6418668316
269590,2023-10-31,594528.7298481563
269590,2023-11-30,595153.204076074
269590,2023-12-31,594533.5105800745
269590,2024-01-31,593792.6939824948
269590,2024-02-29,593323.3379008366
269590,2024-03-31,595734.5869899668
269590,2024-04-30,599256.2324423577
269590,2024-05-31,603101.4862471649
269590,2024-06-30,605452.7615576778
269590,2024-07-31,608165.6975857881
269590,2024-08-31,610401.0200874074
269590,2024-09-30,612327.1471700235
269590,2024-10-31,613461.7379685435
269590,2024-11-30,614845.3152022375
269590,2024-12-31,615985.4182075929
269590,2025-01-31,618304.4871608198
269590,2025-02-28,621061.9725087374
269590,2025-03-31,623016.1151731121
269590,2025-04-30,622611.2081378667
269590,2025-05-31,621797.6024328687
269590,2025-06-30,621748.2470496768
269590,2025-07-31,623482.7129948889
269590,2025-08-31,625418.3619919181
269590,2025-09-30,629225.7393493223
269590,2025-10-31,634948.0932346199
269590,2025-11-30,642051.3199468103
269590,2025-12-31,648820.3703320407
269590,2026-01-31,653967.5265858236
269590,2026-02-28,658167.0078884866
269590,2026-03-31,662224.0963984231
269590,2026-04-30,664829.7677640313
269590,2026-05-31,668515.1435639422
269590,2026-06-30,673625.0787455112
269590,2026-07-31,682416.8815964233
269590,2026-08-31,690732.0464030664
269592,2016-09-30,409285.3230701946
269592,2016-10-31,411490.24027972575
269592,2016-11-30,415354.6902710364
269592,2016-12-31,419808.9031827282
269592,2017-01-31,423099.2377465716
269592,2017-02-28,425874.05837180186
269592,2017-03-31,427250.5832481797
269592,2017-04-30,427559.4467167044
269592,2017-05-31,426965.56288855936
269592,2017-06-30,425525.3840092773
269592,2017-07-31,424960.2081249584
269592,2017-08-31,424042.6976718037
269592,2017-09-30,424626.380883601
269592,2017-10-31,425794.1688050221
269592,2017-11-30,428106.4638444812
269592,2017-12-31,430956.9411282689
269592,2018-01-31,434982.0264834571
269592,2018-02-28,439082.7693904734
269592,2018-03-31,444122.046610066
269592,2018-04-30,448495.7945366466
269592,2018-05-31,451342.00195572217
269592,2018-06-30,451980.8652707014
269592,2018-07-31,450791.548798536
269592,2018-08-31,449873.037120424
269592,2018-09-30,449268.77668084943
269592,2018-10-31,449312.7935650735
269592,2018-11-30,449039.6208670332
269592,2018-12-31,449479.1236666783
269592,2019-01-31,450613.679972729
269592,2019-02-28,453051.1568649556
269592,2019-03-31,455325.002678138
269592,2019-04-30,457063.9529161173
269592,2019-05-31,456719.00541747664
269592,2019-06-30,455094.0187568594
269592,2019-07-31,452649.654106306
269592,2019-08-31,451015.0713069348
269592,2019-09-30,449633.8553845013
269592,2019-10-31,449180.7720426655
269592,2019-11-30,449699.670402349
269592,2019-12-31,451777.1977884674
269592,2020-01-31,456068.12412020384
269592,2020-02-29,461052.2641805186
269592,2020-03-31,465436.5674818415
269592,2020-04-30,467150.5522013525
269592,2020-05-31,466978.0867051603
269592,2020-06-30,465309.9662212773
269592,2020-07-31,463374.296410952
269592,2020-08-31,462350.4350555089
269592,2020-09-30,463404.179063094
269592,2020-10-31,466263.74550250446
269592,2020-11-30,471113.5176848681
269592,2020-12-31,476670.1125943882
269592,2021-01-31,481925.9502857166
269592,2021-02-28,486372.2140615442
269592,2021-03-31,489938.316934132
269592,2021-04-30,492686.1623228518
269592,2021-05-31,494012.47820361337
269592,2021-06-30,494027.9619734671
269592,2021-07-31,495079.7202697263
269592,2021-08-31,496666.68944480486
269592,2021-09-30,497695.95560557424
269592,2021-10-31,498858.2206565362
269592,2021-11-30,500212.7541521597
269592,2021-12-31,503082.33284679713
269592,2022-01-31,503026.8296036672
269592,2022-02-28,502232.8549422019
269592,2022-03-31,501589.57063547225
269592,2022-04-30,503441.5458327696
269592,2022-05-31,504818.6720275954
269592,2022-06-30,505551.1520699549
269592,2022-07-31,504316.280928005
269592,2022-08-31,501077.7407277608
269592,2022-09-30,495940.5819189867
269592,2022-10-31,491537.6949769326
269592,2022-11-30,488819.1828976827
269592,2022-12-31,486827.159553539
269592,2023-01-31,483697.5769764965
269592,2023-02-28,480371.35111780366
269592,2023-03-31,479305.79169496224
269592,2023-04-30,481294.33525468456
269592,2023-05-31,484577.91466143314
269592,2023-06-30,487955.8601662147
269592,2023-07-31,490806.3035658313
269592,2023-08-31,493408.1067975711
269592,2023-09-30,494133.83439046313
269592,2023-10-31,493485.6350789669
269592,2023-11-30,492340.0291205158
269592,2023-12-31,491142.5908901398
269592,2024-01-31,490687.2827134969
269592,2024-02-29,491083.9325872273
269592,2024-03-31,493356.23156885867
269592,2024-04-30,494810.2633493221
269592,2024-05-31,495045.0276628865
269592,2024-06-30,493315.3943994364
269592,2024-07-31,492034.8222400884
269592,2024-08-31,491933.6069101779
269592,2024-09-30,492796.123203038
269592,2024-10-31,493658.7441603399
269592,2024-11-30,494548.9545573893
269592,2024-12-31,495156.1781004996
269592,2025-01-31,496540.65200199134
269592,2025-02-28,498115.9969223749
269592,2025-03-31,500022.0611548508
269592,2025-04-30,501474.5519720636
269592,2025-05-31,502139.836065434
269592,2025-06-30,502455.0090301056
269592,2025-07-31,503721.717005501
269592,2025-08-31,505561.0746944091
269592,2025-09-30,508758.0747596606
269592,2025-10-31,512578.8214162003
269592,2025-11-30,517286.1123451365
269592,2025-12-31,521217.64059380937
269592,2026-01-31,523863.2188511072
269592,2026-02-28,527103.0712007238
269592,2026-03-31,531592.2607189403
269592,2026-04-30,536844.1184294618
269592,2026-05-31,541727.9622740158
269592,2026-06-30,546521.0560703493
269592,2026-07-31,551632.9173782588
269592,2026-08-31,555969.5720378164
269605,2016-09-30,173944.32844281432
269605,2016-10-31,173772.33797572422
269605,2016-11-30,174580.83635006312
269605,2016-12-31,176322.9140716392
269605,2017-01-31,177904.71273552792
269605,2017-02-28,179654.40566248997
269605,2017-03-31,180971.1211746556
269605,2017-04-30,181682.88168809225
269605,2017-05-31,181765.88579552705
269605,2017-06-30,181287.0188384422
269605,2017-07-31,181528.6856350963
269605,2017-08-31,181863.0617094433
269605,2017-09-30,182638.73597533884
269605,2017-10-31,183781.0544334136
269605,2017-11-30,185482.38951950904
269605,2017-12-31,187751.37301892575
269605,2018-01-31,190067.78987239744
269605,2018-02-28,192343.66705658907
269605,2018-03-31,194913.54527680652
269605,2018-04-30,197150.3472392248
269605,2018-05-31,198575.87077201583
269605,2018-06-30,198459.0830594905
269605,2018-07-31,198157.67698678668
269605,2018-08-31,198084.2008010537
269605,2018-09-30,198515.93767428875
269605,2018-10-31,198757.12903817705
269605,2018-11-30,198644.1835912858
269605,2018-12-31,198969.3035697369
269605,2019-01-31,199337.8541500046
269605,2019-02-28,200028.37192644444
269605,2019-03-31,199978.6544633887
269605,2019-04-30,199946.7628157375
269605,2019-05-31,199744.8049715143
269605,2019-06-30,199570.98273131592
269605,2019-07-31,198933.34752064676
269605,2019-08-31,198533.432336342
269605,2019-09-30,197900.30541333125
269605,2019-10-31,197944.3320232668
269605,2019-11-30,197883.3033738572
269605,2019-12-31,198555.07127938783
269605,2020-01-31,199107.4524108226
269605,2020-02-29,199808.04028087136
269605,2020-03-31,200362.8524924889
269605,2020-04-30,200911.55876672664
269605,2020-05-31,200498.12169441255
269605,2020-06-30,199358.56611870896
269605,2020-07-31,198310.57705365465
269605,2020-08-31,198532.5197210236
269605,2020-09-30,199541.9556158016
269605,2020-10-31,200493.5835359563
269605,2020-11-30,201464.42688273423
269605,2020-12-31,202951.3915833964
269605,2021-01-31,204619.1424475975
269605,2021-02-28,206680.63041494717
269605,2021-03-31,208277.9595030533
269605,2021-04-30,209508.0743790927
269605,2021-05-31,209841.4759814728
269605,2021-06-30,210387.9752845914
269605,2021-07-31,211291.66384187483
269605,2021-08-31,212263.1636705492
269605,2021-09-30,212075.42448358308
269605,2021-10-31,211432.8643200936
269605,2021-11-30,210746.40699704888
269605,2021-12-31,211292.3429827854
269605,2022-01-31,212379.26657589863
269605,2022-02-28,214216.0123535206
269605,2022-03-31,216459.3781726739
269605,2022-04-30,219121.83889440485
269605,2022-05-31,220278.3260813605
269605,2022-06-30,219985.2936380885
269605,2022-07-31,218426.41189819717
269605,2022-08-31,217175.41734899845
269605,2022-09-30,216292.33187596384
269605,2022-10-31,215895.73125763505
269605,2022-11-30,215824.9252869548
269605,2022-12-31,215891.2838927953
269605,2023-01-31,215599.40975638357
269605,2023-02-28,215595.5669641831
269605,2023-03-31,216339.4981704629
269605,2023-04-30,217905.74595725987
269605,2023-05-31,219546.09600320432
269605,2023-06-30,221011.0288784784
269605,2023-07-31,222516.6753053493
269605,2023-08-31,225155.859627637
269605,2023-09-30,227939.6986709565
269605,2023-10-31,230511.00454707944
269605,2023-11-30,231878.23447406737
269605,2023-12-31,232689.428952042
269605,2024-01-31,232663.4658338581
269605,2024-02-29,232546.40118602692
269605,2024-03-31,233046.7371002084
269605,2024-04-30,234906.3157299553
269605,2024-05-31,237299.2968355264
269605,2024-06-30,238867.62232918732
269605,2024-07-31,239849.9534886634
269605,2024-08-31,241243.1345668471
269605,2024-09-30,242526.33107246732
269605,2024-10-31,244206.01231431533
269605,2024-11-30,245422.95071377515
269605,2024-12-31,247307.85266803185
269605,2025-01-31,249283.47623867355
269605,2025-02-28,251167.4899627918
269605,2025-03-31,252658.352109644
269605,2025-04-30,253551.1416011224
269605,2025-05-31,254232.4294312345
269605,2025-06-30,254432.3919601328
269605,2025-07-31,254283.1892922172
269605,2025-08-31,254401.09631011976
269605,2025-09-30,255294.9087870038
269605,2025-10-31,256214.4580094864
269605,2025-11-30,256562.7174925752
269605,2025-12-31,256296.04537218332
269605,2026-01-31,256864.69344167504
269605,2026-02-28,258228.36528862527
269605,2026-03-31,260190.34429393391
269605,2026-04-30,261798.4460195388
269605,2026-05-31,263214.7515344374
269605,2026-06-30,264359.2575455078
269605,2026-07-31,266395.69213464414
269605,2026-08-31,268512.3475222436
269607,2016-09-30,446647.7457277621
269607,2016-10-31,447098.4140045348
269607,2016-11-30,447428.7311657272
269607,2016-12-31,448159.9469882008
269607,2017-01-31,447476.58576532826
269607,2017-02-28,446919.89381888096
269607,2017-03-31,447976.27345127176
269607,2017-04-30,448694.240705301
269607,2017-05-31,449572.2446290606
269607,2017-06-30,448492.69170507416
269607,2017-07-31,448091.90603214543
269607,2017-08-31,445316.5754043906
269607,2017-09-30,441711.0929587864
269607,2017-10-31,437269.45905797184
269607,2017-11-30,434735.52082942607
269607,2017-12-31,432968.10432043934
269607,2018-01-31,431734.1271092451
269607,2018-02-28,430072.3915808511
269607,2018-03-31,430487.00592952064
269607,2018-04-30,431084.5357400249
269607,2018-05-31,430772.0674355736
269607,2018-06-30,426136.7596355647
269607,2018-07-31,419974.94243611326
269607,2018-08-31,412997.7731135913
269607,2018-09-30,407887.97935926745
269607,2018-10-31,404204.74141484266
269607,2018-11-30,401312.4429285733
269607,2018-12-31,399361.3220602302
269607,2019-01-31,397996.89970360073
269607,2019-02-28,398850.3288107741
269607,2019-03-31,399291.8370491534
269607,2019-04-30,399250.2646684532
269607,2019-05-31,397977.27346919663
269607,2019-06-30,396728.3614397532
269607,2019-07-31,395846.8549684333
269607,2019-08-31,394998.36706458445
269607,2019-09-30,393714.8568598668
269607,2019-10-31,393825.9890699522
269607,2019-11-30,394563.4869889066
269607,2019-12-31,395607.813352221
269607,2020-01-31,395507.73857823526
269607,2020-02-29,396289.8751744437
269607,2020-03-31,398483.690970798
269607,2020-04-30,399827.4501776088
269607,2020-05-31,399219.7041898009
269607,2020-06-30,397214.97453166096
269607,2020-07-31,395739.68365122034
269607,2020-08-31,395970.2136078415
269607,2020-09-30,397540.0967112283
269607,2020-10-31,399439.0548099253
269607,2020-11-30,401033.77634927095
269607,2020-12-31,401706.2364601368
269607,2021-01-31,402675.3093304727
269607,2021-02-28,404271.73821103433
269607,2021-03-31,406199.6759730557
269607,2021-04-30,407084.3098483474
269607,2021-05-31,406437.4464793329
269607,2021-06-30,405689.52729066525
269607,2021-07-31,406364.2581617076
269607,2021-08-31,406503.0696286385
269607,2021-09-30,405224.9534839697
269607,2021-10-31,403442.0649712643
269607,2021-11-30,403451.0556278332
269607,2021-12-31,406312.6261898514
269607,2022-01-31,409683.5177899653
269607,2022-02-28,414100.087548798
269607,2022-03-31,418419.228893827
269607,2022-04-30,422092.94331104815
269607,2022-05-31,421995.1917395344
269607,2022-06-30,418428.450240032
269607,2022-07-31,413270.03019937145
269607,2022-08-31,408042.17286099313
269607,2022-09-30,404127.4726795473
269607,2022-10-31,400073.2282564786
269607,2022-11-30,397746.4092345975
269607,2022-12-31,394342.13573743
269607,2023-01-31,392144.7778856848
269607,2023-02-28,388044.789373059
269607,2023-03-31,385370.6281418335
269607,2023-04-30,383699.2886181852
269607,2023-05-31,384290.3246292306
269607,2023-06-30,384952.1626861281
269607,2023-07-31,385431.7959122232
269607,2023-08-31,385903.6866549731
269607,2023-09-30,388399.80089065456
269607,2023-10-31,389299.8560854628
269607,2023-11-30,389056.8370858718
269607,2023-12-31,384710.77874769527
269607,2024-01-31,379656.1167117285
269607,2024-02-29,375482.1451089981
269607,2024-03-31,371440.5229845298
269607,2024-04-30,367660.2546516272
269607,2024-05-31,361522.1836639
269607,2024-06-30,356673.1346772286
269607,2024-07-31,353235.5381572685
269607,2024-08-31,353670.42936545424
269607,2024-09-30,354187.47026331606
269607,2024-10-31,354440.49131026765
269607,2024-11-30,352674.425413698
269607,2024-12-31,352625.46786054946
269607,2025-01-31,353250.3605921703
269607,2025-02-28,355175.3248834307
269607,2025-03-31,356161.2159197807
269607,2025-04-30,356034.8403455212
269607,2025-05-31,355089.83105246746
269607,2025-06-30,353623.8570340944
269607,2025-07-31,351437.0904828659
269607,2025-08-31,348989.6979767372
269607,2025-09-30,347910.99439153913
269607,2025-10-31,348577.3075120528
269607,2025-11-30,348941.3002713238
269607,2025-12-31,346813.85317754035
269607,2026-01-31,343294.1576306892
269607,2026-02-28,341322.7130947897
269607,2026-03-31,340224.9557285249
269607,2026-04-30,341003.8398849593
269607,2026-05-31,340304.54972300073
269607,2026-06-30,340122.5819198738
269607,2026-07-31,339612.0070608662
269607,2026-08-31,340053.8066722124
269609,2016-09-30,247624.488040732
269609,2016-10-31,248260.2377625288
269609,2016-11-30,249871.8036875781
269609,2016-12-31,252435.2990820177
269609,2017-01-31,254170.03393444687
269609,2017-02-28,255859.247821828
269609,2017-03-31,257065.6305206547
269609,2017-04-30,257960.98973271332
269609,2017-05-31,258363.0426316889
269609,2017-06-30,257838.1192593468
269609,2017-07-31,257862.22383347247
269609,2017-08-31,258228.5686247869
269609,2017-09-30,259262.4480953348
269609,2017-10-31,259894.70959425945
269609,2017-11-30,260272.69192853
269609,2017-12-31,260878.39867885024
269609,2018-01-31,262232.3365698708
269609,2018-02-28,263664.4542194544
269609,2018-03-31,265767.6713814514
269609,2018-04-30,267875.9715309353
269609,2018-05-31,269171.8109356217
269609,2018-06-30,268460.4168939445
269609,2018-07-31,266847.87669380195
269609,2018-08-31,265069.72785830084
269609,2018-09-30,264038.1498608903
269609,2018-10-31,263160.6797995611
269609,2018-11-30,262775.0648836075
269609,2018-12-31,262722.01140707853
269609,2019-01-31,262964.2584541845
269609,2019-02-28,263277.2179465744
269609,2019-03-31,262941.5883205921
269609,2019-04-30,262662.5729612849
269609,2019-05-31,262294.6604751045
269609,2019-06-30,261933.09584268983
269609,2019-07-31,261055.51783212365
269609,2019-08-31,260491.4618228729
269609,2019-09-30,260217.04378200043
269609,2019-10-31,260825.46260880376
269609,2019-11-30,261635.33556565703
269609,2019-12-31,262637.6560723235
269609,2020-01-31,263174.99545043136
269609,2020-02-29,263830.62022351474
269609,2020-03-31,264617.49630577804
269609,2020-04-30,265630.6603639815
269609,2020-05-31,265804.6467543813
269609,2020-06-30,265248.4687380032
269609,2020-07-31,264220.3379632155
269609,2020-08-31,264194.56938237045
269609,2020-09-30,265589.8095125959
269609,2020-10-31,267546.6991516761
269609,2020-11-30,269508.7941708226
269609,2020-12-31,271057.82738221384
269609,2021-01-31,272727.2188578428
269609,2021-02-28,274545.8739586911
269609,2021-03-31,275849.3865534269
269609,2021-04-30,276687.7043276235
269609,2021-05-31,277018.04130364466
269609,2021-06-30,277840.6766518305
269609,2021-07-31,279024.63623602554
269609,2021-08-31,279722.55243392696
269609,2021-09-30,279703.7084650116
269609,2021-10-31,279811.9181259624
269609,2021-11-30,280754.34066969977
269609,2021-12-31,282538.5467023362
269609,2022-01-31,284135.1556994259
269609,2022-02-28,285961.7886588028
269609,2022-03-31,288496.15575454617
269609,2022-04-30,291390.74137733696
269609,2022-05-31,292675.6655382709
269609,2022-06-30,292386.16981306364
269609,2022-07-31,291110.5699674929
269609,2022-08-31,289688.44176130136
269609,2022-09-30,288372.79051159904
269609,2022-10-31,287248.2599329875
269609,2022-11-30,286579.6668576216
269609,2022-12-31,285474.2993351447
269609,2023-01-31,283678.0363839108
269609,2023-02-28,281915.706983754
269609,2023-03-31,281198.1395716284
269609,2023-04-30,282105.7098684182
269609,2023-05-31,284033.4733390279
269609,2023-06-30,286475.0658348344
269609,2023-07-31,288992.89491054864
269609,2023-08-31,292856.1021393937
269609,2023-09-30,297149.7452168573
269609,2023-10-31,300518.75329381315
269609,2023-11-30,302123.3536519101
269609,2023-12-31,302086.58840392204
269609,2024-01-31,301314.15501980315
269609,2024-02-29,300409.80275194
269609,2024-03-31,301133.13354897907
269609,2024-04-30,303469.4387826747
269609,2024-05-31,306317.4797074932
269609,2024-06-30,307168.4417720007
269609,2024-07-31,307362.14253195847
269609,2024-08-31,308523.61257686414
269609,2024-09-30,310316.7614662331
269609,2024-10-31,312760.947445092
269609,2024-11-30,314533.0012226792
269609,2024-12-31,317306.69677880587
269609,2025-01-31,319992.0568056617
269609,2025-02-28,322165.9900130441
269609,2025-03-31,323184.800344958
269609,2025-04-30,322760.73837712634
269609,2025-05-31,322497.9193057392
269609,2025-06-30,322458.89908040286
269609,2025-07-31,323935.61248493893
269609,2025-08-31,325748.507258326
269609,2025-09-30,328148.82383569697
269609,2025-10-31,329011.8487235257
269609,2025-11-30,328499.9853063346
269609,2025-12-31,326471.57964411646
269609,2026-01-31,325946.1315312844
269609,2026-02-28,326750.9195962953
269609,2026-03-31,328892.4441991977
269609,2026-04-30,330603.2401795755
269609,2026-05-31,332365.35661382735
269609,2026-06-30,334960.6081443709
269609,2026-07-31,338658.2151593514
269609,2026-08-31,342069.1767337241
269952,2016-09-30,23942.37126832108
269952,2016-10-31,24480.50484120293
269952,2016-11-30,24746.194007911432
269952,2016-12-31,24701.924889212267
269952,2017-01-31,24363.694350349677
269952,2017-02-28,24193.393921350234
269952,2017-03-31,24196.17067182262
269952,2017-04-30,24330.047766595435
269952,2017-05-31,24405.994892999875
269952,2017-06-30,24521.29560156584
269952,2017-07-31,24943.0528424664
269952,2017-08-31,25668.550865454647
269952,2017-09-30,26552.489264150296
269952,2017-10-31,27345.674130463027
269952,2017-11-30,27812.247195738044
269952,2017-12-31,28191.391628632104
269952,2018-01-31,28317.59908209344
269952,2018-02-28,28611.753365332817
269952,2018-03-31,28902.998003546072
269952,2018-04-30,29169.60988494751
269952,2018-05-31,29185.01832454189
269952,2018-06-30,28985.192668476466
269952,2018-07-31,29023.71437176392
269952,2018-08-31,29211.218864890223
269952,2018-09-30,29655.672206020845
269952,2018-10-31,30111.00794790279
269952,2018-11-30,30931.30343280279
269952,2018-12-31,31848.208346888616
269952,2019-01-31,32825.452037603805
269952,2019-02-28,33746.210831094104
269952,2019-03-31,34687.341867311334
269952,2019-04-30,35575.04492626391
269952,2019-05-31,36274.557685700885
269952,2019-06-30,36871.75824477673
269952,2019-07-31,37235.67374954715
269952,2019-08-31,37476.14617036739
269952,2019-09-30,37448.20791616602
269952,2019-10-31,37344.649528910864
269952,2019-11-30,37350.302360639245
269952,2019-12-31,37658.05103733014
269952,2020-01-31,37893.26921556252
269952,2020-02-29,38069.12396638136
269952,2020-03-31,38353.85743379167
269952,2020-04-30,39216.28279881809
269952,2020-05-31,39781.30331213853
269952,2020-06-30,39526.11134601538
269952,2020-07-31,38643.63559944007
269952,2020-08-31,38044.82030072151
269952,2020-09-30,38479.992133251006
269952,2020-10-31,39884.63722248784
269952,2020-11-30,41883.5108565816
269952,2020-12-31,43867.74710294454
269952,2021-01-31,45539.10727118416
269952,2021-02-28,47245.2055627319
269952,2021-03-31,49287.82891166705
269952,2021-04-30,51459.22566937433
269952,2021-05-31,53490.03492223801
269952,2021-06-30,55526.95159278784
269952,2021-07-31,56972.90784932036
269952,2021-08-31,57985.4607828169
269952,2021-09-30,57960.60460138726
269952,2021-10-31,57967.33774694053
269952,2021-11-30,58281.754862079455
269952,2021-12-31,58953.71671928395
269952,2022-01-31,60029.6294759464
269952,2022-02-28,61754.785901445626
269952,2022-03-31,63798.17226230446
269952,2022-04-30,65735.06811371759
269952,2022-05-31,67279.99233939654
269952,2022-06-30,68475.27011624975
269952,2022-07-31,68558.87969036167
269952,2022-08-31,67255.60899297753
269952,2022-09-30,65049.18351531864
269952,2022-10-31,63430.42080077117
269952,2022-11-30,62420.43211655612
269952,2022-12-31,61960.15702763679
269952,2023-01-31,61671.36865366045
269952,2023-02-28,61950.65058007868
269952,2023-03-31,62128.34353773925
269952,2023-04-30,62149.89154698197
269952,2023-05-31,61514.379887117946
269952,2023-06-30,60991.85157365364
269952,2023-07-31,61077.58523538886
269952,2023-08-31,61423.64270624927
269952,2023-09-30,61839.55413393999
269952,2023-10-31,61755.17235351936
269952,2023-11-30,61804.3202996791
269952,2023-12-31,61874.94450627843
269952,2024-01-31,62288.53923475721
269952,2024-02-29,62875.84077502645
269952,2024-03-31,64153.34396074739
269952,2024-04-30,65828.18944888689
269952,2024-05-31,67341.42698495496
269952,2024-06-30,68673.89041399158
269952,2024-07-31,69524.713533621
269952,2024-08-31,70420.46564450134
269952,2024-09-30,70846.02194718421
269952,2024-10-31,70647.70113533112
269952,2024-11-30,69744.8739461777
269952,2024-12-31,69144.14821250619
269952,2025-01-31,68663.45915962633
269952,2025-02-28,68482.68038237937
269952,2025-03-31,68188.21184076584
269952,2025-04-30,68422.9318674179
269952,2025-05-31,68840.60020582748
269952,2025-06-30,68957.27429587305
269952,2025-07-31,68882.7456658814
269952,2025-08-31,68474.14903397007
269952,2025-09-30,67734.81537618174
269952,2025-10-31,66693.33518767027
269952,2025-11-30,65837.0009246398
269952,2025-12-31,65422.972620499175
269952,2026-01-31,65048.996211096026
269952,2026-02-28,64827.13301088264
269952,2026-03-31,64285.75070959537
269952,2026-04-30,63516.33422259571
269952,2026-05-31,62769.815667152405
269952,2026-06-30,62484.6083268492
269952,2026-07-31,62523.47729705964
269952,2026-08-31,63109.46948432818
269961,2016-09-30,20240.54724019804
269961,2016-10-31,20395.010251951146
269961,2016-11-30,20532.78455902314
269961,2016-12-31,20575.37353266555
269961,2017-01-31,20468.03702073402
269961,2017-02-28,20528.316634648592
269961,2017-03-31,20652.00140091137
269961,2017-04-30,20814.05095990852
269961,2017-05-31,21014.4891125253
269961,2017-06-30,21377.516424733367
269961,2017-07-31,21852.244686085214
269961,2017-08-31,22349.182313791185
269961,2017-09-30,22760.59581548029
269961,2017-10-31,23088.2925660563
269961,2017-11-30,23313.562042735964
269961,2017-12-31,23675.70361100497
269961,2018-01-31,24102.949646046836
269961,2018-02-28,24555.92257845102
269961,2018-03-31,25107.200672188457
269961,2018-04-30,25661.666086522728
269961,2018-05-31,26360.092897995823
269961,2018-06-30,26936.8481113796
269961,2018-07-31,27762.60702209098
269961,2018-08-31,28266.68611408733
269961,2018-09-30,28780.171469003133
269961,2018-10-31,29173.323341551477
269961,2018-11-30,29936.998250364573
269961,2018-12-31,30526.616668803137
269961,2019-01-31,30992.24519386345
269961,2019-02-28,31240.48757022717
269961,2019-03-31,31672.024113268595
269961,2019-04-30,32131.748062613016
269961,2019-05-31,32857.8993807164
269961,2019-06-30,33640.15754114706
269961,2019-07-31,34085.50469045341
269961,2019-08-31,34114.684773066045
269961,2019-09-30,33721.37854017516
269961,2019-10-31,33494.24985613697
269961,2019-11-30,33356.397283208215
269961,2019-12-31,33608.06587005205
269961,2020-01-31,33888.49126423572
269961,2020-02-29,34313.409139298994
269961,2020-03-31,34835.77951671934
269961,2020-04-30,35713.659847661045
269961,2020-05-31,36591.92001544515
269961,2020-06-30,36813.61249205535
269961,2020-07-31,36705.46977036184
269961,2020-08-31,36620.33323673013
269961,2020-09-30,37263.00215361666
269961,2020-10-31,38505.06925821592
269961,2020-11-30,39945.48588727347
269961,2020-12-31,41411.37811967856
269961,2021-01-31,42359.497331060506
269961,2021-02-28,43305.61823723533
269961,2021-03-31,44172.09327465025
269961,2021-04-30,45150.917747145846
269961,2021-05-31,46238.887069798766
269961,2021-06-30,47605.35190296967
269961,2021-07-31,48717.207512893794
269961,2021-08-31,49588.64382676568
269961,2021-09-30,49751.93511446655
269961,2021-10-31,49828.22286427807
269961,2021-11-30,49695.7022933835
269961,2021-12-31,49693.71256908865
269961,2022-01-31,50096.83479568715
269961,2022-02-28,51246.72255241278
269961,2022-03-31,53009.932580876426
269961,2022-04-30,54663.516243032216
269961,2022-05-31,56345.08412422024
269961,2022-06-30,57752.3661004956
269961,2022-07-31,58443.1482179247
269961,2022-08-31,57718.90810380327
269961,2022-09-30,56233.409459907176
269961,2022-10-31,55118.26054392546
269961,2022-11-30,54592.22865396263
269961,2022-12-31,54223.44683336498
269961,2023-01-31,53914.13261151649
269961,2023-02-28,53932.97308260604
269961,2023-03-31,54174.89544105064
269961,2023-04-30,54581.99834328776
269961,2023-05-31,54193.095413640935
269961,2023-06-30,53420.81979889935
269961,2023-07-31,52538.238375742025
269961,2023-08-31,52161.80118290455
269961,2023-09-30,52420.15361973129
269961,2023-10-31,53016.279149672926
269961,2023-11-30,54311.48208565663
269961,2023-12-31,55239.86877681527
269961,2024-01-31,56175.405547283335
269961,2024-02-29,56588.88719716281
269961,2024-03-31,57560.68282529149
269961,2024-04-30,58191.20033463247
269961,2024-05-31,58414.70239192539
269961,2024-06-30,58165.635896692685
269961,2024-07-31,58044.014595002845
269961,2024-08-31,58541.42548008403
269961,2024-09-30,58550.43091638366
269961,2024-10-31,58209.25026153365
269961,2024-11-30,57021.906412066695
269961,2024-12-31,56154.31887837488
269961,2025-01-31,55229.91215912098
269961,2025-02-28,54656.185709515536
269961,2025-03-31,54528.04229255384
269961,2025-04-30,54972.16485531352
269961,2025-05-31,56018.76734776586
269961,2025-06-30,56702.753096236935
269961,2025-07-31,56783.3804676196
269961,2025-08-31,56109.96816189215
269961,2025-09-30,55272.178772098014
269961,2025-10-31,54169.56514586849
269961,2025-11-30,53043.118799691576
269961,2025-12-31,51990.52474489455
269961,2026-01-31,51140.80838162844
269961,2026-02-28,50607.809595406616
269961,2026-03-31,49854.7820359797
269961,2026-04-30,49221.30257646416
269961,2026-05-31,48544.97530787767
269961,2026-06-30,48560.04089752376
269961,2026-07-31,48803.09299869007
269961,2026-08-31,48917.60698981275
269992,2016-09-30,26401.37845567796
269992,2016-10-31,26496.713702246856
269992,2016-11-30,26524.21574535046
269992,2016-12-31,26493.009569193742
269992,2017-01-31,26380.46424994172
269992,2017-02-28,26438.25434250061
269992,2017-03-31,26735.242935359176
269992,2017-04-30,27024.079744275703
269992,2017-05-31,27187.908348704485
269992,2017-06-30,27296.771094556152
269992,2017-07-31,27602.58467463721
269992,2017-08-31,28023.082943724035
269992,2017-09-30,28294.108906
269992,2017-10-31,28576.3467566067
269992,2017-11-30,28658.405351164693
269992,2017-12-31,28827.504902627144
269992,2018-01-31,28837.50280211275
269992,2018-02-28,29239.80079213801
269992,2018-03-31,29795.5182329392
269992,2018-04-30,30447.704616753
269992,2018-05-31,30635.668940997668
269992,2018-06-30,30476.16809003967
269992,2018-07-31,30375.95919965637
269992,2018-08-31,30188.598382576383
269992,2018-09-30,30104.68898143787
269992,2018-10-31,29970.98190517293
269992,2018-11-30,30362.468785028977
269992,2018-12-31,31050.402585200147
269992,2019-01-31,31959.93512737108
269992,2019-02-28,32853.10224908536
269992,2019-03-31,33706.220543823845
269992,2019-04-30,34420.98788594096
269992,2019-05-31,35049.32857375696
269992,2019-06-30,35757.413875323575
269992,2019-07-31,36445.25258480287
269992,2019-08-31,36939.85787709535
269992,2019-09-30,36789.64947904101
269992,2019-10-31,36311.7550035068
269992,2019-11-30,35773.99653592954
269992,2019-12-31,35628.32821478511
269992,2020-01-31,35412.591380187354
269992,2020-02-29,35119.77794649149
269992,2020-03-31,34815.35992258948
269992,2020-04-30,35088.7002410247
269992,2020-05-31,35392.29985479397
269992,2020-06-30,35400.062164152325
269992,2020-07-31,35089.513453503954
269992,2020-08-31,35182.225141496776
269992,2020-09-30,35938.11474427244
269992,2020-10-31,37357.77369220127
269992,2020-11-30,39059.03798297044
269992,2020-12-31,40975.81392256448
269992,2021-01-31,42711.74578398146
269992,2021-02-28,44660.83782893988
269992,2021-03-31,46697.852772175975
269992,2021-04-30,48729.43751597804
269992,2021-05-31,50670.729715531874
269992,2021-06-30,52530.5453422732
269992,2021-07-31,53899.28121916144
269992,2021-08-31,54706.478423770895
269992,2021-09-30,54821.74079602506
269992,2021-10-31,54849.77715218864
269992,2021-11-30,55094.3972141122
269992,2021-12-31,55603.582012098246
269992,2022-01-31,56672.38542195701
269992,2022-02-28,58296.76976835097
269992,2022-03-31,60052.72962845284
269992,2022-04-30,61341.94204691325
269992,2022-05-31,62223.39036588266
269992,2022-06-30,63157.82281108146
269992,2022-07-31,63731.09347527862
269992,2022-08-31,63221.41077220129
269992,2022-09-30,61711.032502650014
269992,2022-10-31,60368.84771928851
269992,2022-11-30,59465.759776389576
269992,2022-12-31,58881.65282898273
269992,2023-01-31,58521.90848980137
269992,2023-02-28,58602.91477326885
269992,2023-03-31,58620.40587857381
269992,2023-04-30,58305.11936596184
269992,2023-05-31,57450.84293786181
269992,2023-06-30,56574.720656916346
269992,2023-07-31,56142.15465447103
269992,2023-08-31,55839.75911880336
269992,2023-09-30,55736.06219527751
269992,2023-10-31,55494.559895535225
269992,2023-11-30,55447.09243801656
269992,2023-12-31,55447.61361452181
269992,2024-01-31,55520.51351003485
269992,2024-02-29,55746.64624377142
269992,2024-03-31,56682.488219092666
269992,2024-04-30,58226.48250793558
269992,2024-05-31,59682.76918501402
269992,2024-06-30,60582.06282582836
269992,2024-07-31,61313.64156743901
269992,2024-08-31,62664.43330813656
269992,2024-09-30,63838.73281584327
269992,2024-10-31,64521.59250738072
269992,2024-11-30,64714.32973534222
269992,2024-12-31,65492.08180454362
269992,2025-01-31,66360.72864756217
269992,2025-02-28,67078.78627514836
269992,2025-03-31,66993.63040252132
269992,2025-04-30,66691.95338081176
269992,2025-05-31,66162.47823889372
269992,2025-06-30,66285.86758299496
269992,2025-07-31,67188.7273418704
269992,2025-08-31,68316.50768918853
269992,2025-09-30,69308.27021549531
269992,2025-10-31,69913.93169937903
269992,2025-11-30,71030.46174632876
269992,2025-12-31,72234.89575221851
269992,2026-01-31,72666.38243163428
269992,2026-02-28,72221.99232882979
269992,2026-03-31,71190.02664104426
269992,2026-04-30,70457.46897920703
269992,2026-05-31,69887.3091004378
269992,2026-06-30,69634.04715160526
269992,2026-07-31,69316.17083997828
269992,2026-08-31,69438.42286623342
270005,2016-09-30,25503.6326382368
270005,2016-10-31,25588.92806555936
270005,2016-11-30,25521.89534393676
270005,2016-12-31,25421.20389278799
270005,2017-01-31,25332.44813176725
270005,2017-02-28,25350.789468921612
270005,2017-03-31,25518.40096597484
270005,2017-04-30,25677.0812712978
270005,2017-05-31,25773.028228538056
270005,2017-06-30,25982.956660774504
270005,2017-07-31,26302.34537462896
270005,2017-08-31,26693.95672893275
270005,2017-09-30,27120.928653787105
270005,2017-10-31,27770.0322995435
270005,2017-11-30,28475.09656622873
270005,2017-12-31,29354.63350662765
270005,2018-01-31,30115.858954837167
270005,2018-02-28,30932.120338167577
270005,2018-03-31,31689.612437035063
270005,2018-04-30,32288.89036461628
270005,2018-05-31,32675.239313984657
270005,2018-06-30,32740.40887689887
270005,2018-07-31,33002.8074716387
270005,2018-08-31,33275.31635455271
270005,2018-09-30,33666.43906577376
270005,2018-10-31,33875.16186833716
270005,2018-11-30,34384.38293581578
270005,2018-12-31,34903.21236807608
270005,2019-01-31,35565.96923869575
270005,2019-02-28,36081.27045052326
270005,2019-03-31,36565.91198139648
270005,2019-04-30,37025.86024969273
270005,2019-05-31,37666.919541756375
270005,2019-06-30,38603.53130657913
270005,2019-07-31,39498.43983330845
270005,2019-08-31,40258.65779903181
270005,2019-09-30,40361.783759028425
270005,2019-10-31,40269.75425521141
270005,2019-11-30,40073.63459751292
270005,2019-12-31,40212.4314972645
270005,2020-01-31,40327.01073449614
270005,2020-02-29,40207.89227929814
270005,2020-03-31,40243.93229166207
270005,2020-04-30,40774.9733577238
270005,2020-05-31,41416.80888160078
270005,2020-06-30,41665.99413925551
270005,2020-07-31,41700.26267414318
270005,2020-08-31,42080.68429360556
270005,2020-09-30,43126.74544970784
270005,2020-10-31,44858.727531829725
270005,2020-11-30,46886.51337776723
270005,2020-12-31,49078.39636348972
270005,2021-01-31,50871.56085650126
270005,2021-02-28,52632.77958337776
270005,2021-03-31,54322.85109560719
270005,2021-04-30,56037.67874457503
270005,2021-05-31,57926.14536366173
270005,2021-06-30,59878.07866223851
270005,2021-07-31,61276.05267753618
270005,2021-08-31,62158.76568569531
270005,2021-09-30,62372.5960828219
270005,2021-10-31,62738.24469168437
270005,2021-11-30,63188.28954728253
270005,2021-12-31,64331.05092728959
270005,2022-01-31,66097.4931094867
270005,2022-02-28,68566.07615950721
270005,2022-03-31,70735.86788301966
270005,2022-04-30,72228.59024465227
270005,2022-05-31,73045.02898487895
270005,2022-06-30,73971.52040295611
270005,2022-07-31,74490.0082879286
270005,2022-08-31,74025.56891833294
270005,2022-09-30,72515.11850426318
270005,2022-10-31,71043.66205267195
270005,2022-11-30,70001.40379093436
270005,2022-12-31,69283.2657039136
270005,2023-01-31,68934.2766580469
270005,2023-02-28,69229.42469364997
270005,2023-03-31,69657.5635894986
270005,2023-04-30,69863.12182699796
270005,2023-05-31,69309.565888135
270005,2023-06-30,68618.29909050075
270005,2023-07-31,68264.33488652833
270005,2023-08-31,68446.91444424185
270005,2023-09-30,69038.62089302001
270005,2023-10-31,69553.34029951005
270005,2023-11-30,69905.71403679367
270005,2023-12-31,70036.39744708242
270005,2024-01-31,70107.16680440323
270005,2024-02-29,70386.25885659692
270005,2024-03-31,71295.08506795981
270005,2024-04-30,72804.24573460802
270005,2024-05-31,74091.97553111073
270005,2024-06-30,74961.93087374132
270005,2024-07-31,75502.2244993515
270005,2024-08-31,76380.39230502382
270005,2024-09-30,77134.54675767363
270005,2024-10-31,77431.12261758203
270005,2024-11-30,77340.82758914593
270005,2024-12-31,77490.25590175447
270005,2025-01-31,77862.16474527084
270005,2025-02-28,77987.70301826675
270005,2025-03-31,77842.77247981002
270005,2025-04-30,77681.41816940044
270005,2025-05-31,78041.07007201565
270005,2025-06-30,78587.86373428277
270005,2025-07-31,79599.68210615253
270005,2025-08-31,80799.88440242689
270005,2025-09-30,82374.16242791105
270005,2025-10-31,83651.16535953518
270005,2025-11-30,85006.8939529492
270005,2025-12-31,86070.28033288213
270005,2026-01-31,86431.90559645959
270005,2026-02-28,86091.57964448172
270005,2026-03-31,85220.33530683054
270005,2026-04-30,84587.0500889047
270005,2026-05-31,83930.64300065314
270005,2026-06-30,83225.7819754494
270005,2026-07-31,82358.49983573648
270005,2026-08-31,81926.55102922431
270034,2016-09-30,34631.17576248885
270034,2016-10-31,34914.43861544223
270034,2016-11-30,35002.71204216298
270034,2016-12-31,34358.39260887294
270034,2017-01-31,33596.44976719129
270034,2017-02-28,32969.94692065933
270034,2017-03-31,33071.329751174635
270034,2017-04-30,33287.79769448738
270034,2017-05-31,33573.14437108368
270034,2017-06-30,34053.148826695295
270034,2017-07-31,34914.01036466561
270034,2017-08-31,36023.87117528421
270034,2017-09-30,37044.098036219686
270034,2017-10-31,37869.47509359926
270034,2017-11-30,38283.690233424975
270034,2017-12-31,38645.206727368255
270034,2018-01-31,38941.64388032326
270034,2018-02-28,39763.593882606096
270034,2018-03-31,40755.83858820593
270034,2018-04-30,42059.9322607189
270034,2018-05-31,43169.92320883854
270034,2018-06-30,43775.95402669957
270034,2018-07-31,44399.71017190717
270034,2018-08-31,45079.832217210125
270034,2018-09-30,46252.82557130686
270034,2018-10-31,47363.45313996097
270034,2018-11-30,48642.57242126044
270034,2018-12-31,49674.48664221057
270034,2019-01-31,50492.89106796711
270034,2019-02-28,51077.01659299395
270034,2019-03-31,51832.973086970975
270034,2019-04-30,53048.163416686926
270034,2019-05-31,54657.17082661041
270034,2019-06-30,56739.77486631637
270034,2019-07-31,58087.51729173056
270034,2019-08-31,58862.993806329694
270034,2019-09-30,58823.940506780775
270034,2019-10-31,58673.703434487055
270034,2019-11-30,58856.83232994527
270034,2019-12-31,59547.366270709696
270034,2020-01-31,60306.76100789706
270034,2020-02-29,60837.95744509326
270034,2020-03-31,61310.3033907332
270034,2020-04-30,62430.53532192416
270034,2020-05-31,63051.0650655671
270034,2020-06-30,62857.153660128446
270034,2020-07-31,62124.87967438539
270034,2020-08-31,62350.391799778045
270034,2020-09-30,63911.77787918725
270034,2020-10-31,66326.03472375391
270034,2020-11-30,68753.6671744171
270034,2020-12-31,70952.18586037523
270034,2021-01-31,73139.07671566898
270034,2021-02-28,75696.23363258371
270034,2021-03-31,78930.78686918615
270034,2021-04-30,82355.3686787371
270034,2021-05-31,85626.26025038557
270034,2021-06-30,88081.84475170117
270034,2021-07-31,88949.75374627109
270034,2021-08-31,88671.96847851151
270034,2021-09-30,87846.31212457198
270034,2021-10-31,87497.42058062796
270034,2021-11-30,88210.14031993136
270034,2021-12-31,89675.15170059835
270034,2022-01-31,92184.14709107492
270034,2022-02-28,95022.80736855564
270034,2022-03-31,98085.72594900176
270034,2022-04-30,100435.34328559072
270034,2022-05-31,102508.9062949295
270034,2022-06-30,104264.27698004535
270034,2022-07-31,105149.89241777686
270034,2022-08-31,103991.19167418646
270034,2022-09-30,101098.88414281928
270034,2022-10-31,98503.89408982616
270034,2022-11-30,96796.09053968194
270034,2022-12-31,95721.49632462492
270034,2023-01-31,94469.30302833924
270034,2023-02-28,93872.58412944624
270034,2023-03-31,93470.75982274883
270034,2023-04-30,93594.12949262644
270034,2023-05-31,93261.2300186304
270034,2023-06-30,92778.0298454976
270034,2023-07-31,92311.9732445653
270034,2023-08-31,91802.3307609217
270034,2023-09-30,91720.21862959609
270034,2023-10-31,91993.11589310056
270034,2023-11-30,92388.3312299903
270034,2023-12-31,92667.70161605792
270034,2024-01-31,92382.9373863149
270034,2024-02-29,92188.73157395808
270034,2024-03-31,92563.78091593352
270034,2024-04-30,94082.76151898496
270034,2024-05-31,95888.09414989884
270034,2024-06-30,97232.88182217209
270034,2024-07-31,97635.07937135718
270034,2024-08-31,98263.88574517483
270034,2024-09-30,98803.06396054484
270034,2024-10-31,99249.51303969925
270034,2024-11-30,99422.26445206114
270034,2024-12-31,99991.21825001192
270034,2025-01-31,101175.9418247714
270034,2025-02-28,102742.40599780485
270034,2025-03-31,104385.64844611112
270034,2025-04-30,105574.2673357434
270034,2025-05-31,106304.89087789958
270034,2025-06-30,106403.0695804209
270034,2025-07-31,106605.915696202
270034,2025-08-31,106995.9808441695
270034,2025-09-30,107856.82885219876
270034,2025-10-31,107704.97546816718
270034,2025-11-30,107042.68742343032
270034,2025-12-31,105866.42700087112
270034,2026-01-31,104993.2313941033
270034,2026-02-28,103899.14809141336
270034,2026-03-31,102643.29528349992
270034,2026-04-30,102090.60230311724
270034,2026-05-31,102458.25124583498
270034,2026-06-30,103412.28192950424
270034,2026-07-31,104248.46030588324
270034,2026-08-31,104733.21039396372
270064,2016-09-30,45805.29383939677
270064,2016-10-31,46023.807768956736
270064,2016-11-30,46050.65294767202
270064,2016-12-31,46002.24016376133
270064,2017-01-31,46388.06342328811
270064,2017-02-28,47129.35872275517
270064,2017-03-31,48091.97994330753
270064,2017-04-30,48920.08810624468
270064,2017-05-31,49516.32636321889
270064,2017-06-30,49837.48115346545
270064,2017-07-31,50037.937529434574
270064,2017-08-31,50644.86374509551
270064,2017-09-30,51821.762447678426
270064,2017-10-31,53361.95754758713
270064,2017-11-30,54358.94048503794
270064,2017-12-31,54729.497221123
270064,2018-01-31,55252.45900471119
270064,2018-02-28,56088.9450653742
270064,2018-03-31,57821.54398258213
270064,2018-04-30,59519.06471853794
270064,2018-05-31,61028.60709771807
270064,2018-06-30,62195.92026954544
270064,2018-07-31,63300.46524895596
270064,2018-08-31,64539.243625167386
270064,2018-09-30,65530.002676144446
270064,2018-10-31,66127.71673903911
270064,2018-11-30,67110.4945434385
270064,2018-12-31,68023.39451391365
270064,2019-01-31,69262.26569718569
270064,2019-02-28,70132.9311524296
270064,2019-03-31,71547.92563518252
270064,2019-04-30,72258.27698415444
270064,2019-05-31,72900.5522532697
270064,2019-06-30,73289.319382501
270064,2019-07-31,74381.70750063386
270064,2019-08-31,75552.05015759724
270064,2019-09-30,75788.4846598603
270064,2019-10-31,75586.80710288943
270064,2019-11-30,75578.33941098665
270064,2019-12-31,76920.57639818928
270064,2020-01-31,78078.7516472457
270064,2020-02-29,79490.5283244461
270064,2020-03-31,81502.00264984096
270064,2020-04-30,85050.3120276954
270064,2020-05-31,88243.14241365781
270064,2020-06-30,89907.56731540138
270064,2020-07-31,90016.46864979707
270064,2020-08-31,90122.5358803788
270064,2020-09-30,91262.8317129432
270064,2020-10-31,93568.87445711432
270064,2020-11-30,96595.67279219646
270064,2020-12-31,99779.53237103004
270064,2021-01-31,102587.547347767
270064,2021-02-28,105610.78952375607
270064,2021-03-31,109094.18633571875
270064,2021-04-30,113313.63623954124
270064,2021-05-31,116089.96677177028
270064,2021-06-30,117245.13712674304
270064,2021-07-31,115839.30757359248
270064,2021-08-31,113745.5409604205
270064,2021-09-30,110643.21540146554
270064,2021-10-31,108028.73814003493
270064,2021-11-30,105935.29798251674
270064,2021-12-31,104807.1813411755
270064,2022-01-31,104754.91065753432
270064,2022-02-28,105615.6320526967
270064,2022-03-31,106880.27785884596
270064,2022-04-30,107817.26345254346
270064,2022-05-31,109016.10725715075
270064,2022-06-30,110018.8161235985
270064,2022-07-31,109753.54812498076
270064,2022-08-31,106845.25747778318
270064,2022-09-30,102074.96487273726
270064,2022-10-31,97802.95064357098
270064,2022-11-30,95063.2636438368
270064,2022-12-31,92912.25109639822
270064,2023-01-31,91071.98931533104
270064,2023-02-28,90180.99354236084
270064,2023-03-31,90961.25419666256
270064,2023-04-30,92640.30213941798
270064,2023-05-31,93348.6849873525
270064,2023-06-30,93374.42941432084
270064,2023-07-31,94081.10888073016
270064,2023-08-31,96148.34297197004
270064,2023-09-30,99207.08578729916
270064,2023-10-31,101894.6746945621
270064,2023-11-30,104164.45253792702
270064,2023-12-31,105177.25776023835
270064,2024-01-31,105040.48910272912
270064,2024-02-29,104522.20288892438
270064,2024-03-31,105069.38644557876
270064,2024-04-30,105940.79476275978
270064,2024-05-31,106460.09180425372
270064,2024-06-30,107343.91801450816
270064,2024-07-31,108775.29168454593
270064,2024-08-31,109498.40299958264
270064,2024-09-30,108887.4951079299
270064,2024-10-31,107422.4167517224
270064,2024-11-30,107100.688102467
270064,2024-12-31,108144.17498877078
270064,2025-01-31,109764.13602151204
270064,2025-02-28,111007.20396721223
270064,2025-03-31,111698.26865226998
270064,2025-04-30,112024.77061382042
270064,2025-05-31,112689.54544624728
270064,2025-06-30,112662.46570644953
270064,2025-07-31,112408.35703628922
270064,2025-08-31,111654.95561820015
270064,2025-09-30,110735.16677304191
270064,2025-10-31,109129.38487852812
270064,2025-11-30,107942.3973218952
270064,2025-12-31,107518.00030476524
270064,2026-01-31,108179.68380143584
270064,2026-02-28,107845.95534487707
270064,2026-03-31,106912.56306338492
270064,2026-04-30,105270.0596132108
270064,2026-05-31,104115.97245190835
270064,2026-06-30,102113.99675227924
270064,2026-07-31,99644.10288261116
270064,2026-08-31,96754.91464815573
270065,2016-09-30,33807.34372629971
270065,2016-10-31,33829.007816828955
270065,2016-11-30,33671.509044460174
270065,2016-12-31,33590.848189194585
270065,2017-01-31,33937.85027021288
270065,2017-02-28,34713.83696551783
270065,2017-03-31,35687.01096719224
270065,2017-04-30,36629.19821948336
270065,2017-05-31,37150.28234285684
270065,2017-06-30,37691.89703070244
270065,2017-07-31,38380.38134006077
270065,2017-08-31,39304.35002987602
270065,2017-09-30,40088.74656888822
270065,2017-10-31,40952.611151320016
270065,2017-11-30,41567.46442124982
270065,2017-12-31,42415.33015586907
270065,2018-01-31,43127.21594664178
270065,2018-02-28,44062.0147295069
270065,2018-03-31,45172.929659454
270065,2018-04-30,46274.53972481555
270065,2018-05-31,46993.61085030368
270065,2018-06-30,47280.585496873806
270065,2018-07-31,47476.27142052998
270065,2018-08-31,47788.730132837714
270065,2018-09-30,48126.46856340696
270065,2018-10-31,48450.22259137258
270065,2018-11-30,49070.16637866468
270065,2018-12-31,49865.589730676926
270065,2019-01-31,50851.18684023188
270065,2019-02-28,51689.21556236178
270065,2019-03-31,52615.05879429363
270065,2019-04-30,53056.98302179356
270065,2019-05-31,53884.72086199423
270065,2019-06-30,54759.37337764682
270065,2019-07-31,55593.53598551617
270065,2019-08-31,56002.75998020554
270065,2019-09-30,55427.285572091634
270065,2019-10-31,54797.80321715236
270065,2019-11-30,54091.54458423527
270065,2019-12-31,54329.20288695729
270065,2020-01-31,54542.00974084049
270065,2020-02-29,55192.590995655126
270065,2020-03-31,56320.84340454943
270065,2020-04-30,58821.08584316309
270065,2020-05-31,61258.44125708004
270065,2020-06-30,63015.36796470181
270065,2020-07-31,63696.63876333823
270065,2020-08-31,64267.37274971695
270065,2020-09-30,65247.04151295151
270065,2020-10-31,66972.03837012708
270065,2020-11-30,69636.97895206067
270065,2020-12-31,72376.90529639133
270065,2021-01-31,74700.50065887798
270065,2021-02-28,76540.85204500439
270065,2021-03-31,78577.08267868763
270065,2021-04-30,80928.51697867956
270065,2021-05-31,82889.11987137797
270065,2021-06-30,84147.12600315844
270065,2021-07-31,83815.68971235152
270065,2021-08-31,82523.54662226808
270065,2021-09-30,80164.21430183074
270065,2021-10-31,78485.39851126376
270065,2021-11-30,77270.96569923853
270065,2021-12-31,76644.73824010971
270065,2022-01-31,76452.15971788375
270065,2022-02-28,77393.79595415753
270065,2022-03-31,79041.28356874554
270065,2022-04-30,80315.59865541715
270065,2022-05-31,81345.75606752106
270065,2022-06-30,82226.93191940508
270065,2022-07-31,82344.19217989715
270065,2022-08-31,81270.41330892948
270065,2022-09-30,79153.36052214606
270065,2022-10-31,77589.02328121218
270065,2022-11-30,76379.89744193002
270065,2022-12-31,75392.20371941122
270065,2023-01-31,74515.34533316012
270065,2023-02-28,74151.02892293232
270065,2023-03-31,74244.85895454074
270065,2023-04-30,74799.27031908359
270065,2023-05-31,74948.99106483313
270065,2023-06-30,75073.98228655917
270065,2023-07-31,75802.50733341697
270065,2023-08-31,76832.61524177418
270065,2023-09-30,78188.930421498
270065,2023-10-31,78836.16646575679
270065,2023-11-30,79714.73796154505
270065,2023-12-31,80336.41228090895
270065,2024-01-31,81104.77827312848
270065,2024-02-29,81727.74975775613
270065,2024-03-31,82482.72899004481
270065,2024-04-30,82798.87033955443
270065,2024-05-31,82733.61494932506
270065,2024-06-30,82891.05310349072
270065,2024-07-31,83161.30743031813
270065,2024-08-31,83085.30430978298
270065,2024-09-30,82392.5586881794
270065,2024-10-31,81470.31443574541
270065,2024-11-30,80546.29490242757
270065,2024-12-31,79335.79120332391
270065,2025-01-31,78420.92018572116
270065,2025-02-28,77800.4943401052
270065,2025-03-31,77798.57020268797
270065,2025-04-30,77387.31633688167
270065,2025-05-31,77582.48509699876
270065,2025-06-30,78084.62195292565
270065,2025-07-31,79535.72873403603
270065,2025-08-31,80461.88451903088
270065,2025-09-30,80978.67353940528
270065,2025-10-31,80050.41924624155
270065,2025-11-30,79268.8701879789
270065,2025-12-31,79187.32472528981
270065,2026-01-31,80285.88049193501
270065,2026-02-28,81123.62355843409
270065,2026-03-31,81499.13162558203
270065,2026-04-30,81470.72119153914
270065,2026-05-31,82416.8248682155
270065,2026-06-30,83777.77500121389
270065,2026-07-31,84928.05510960317
270065,2026-08-31,84395.40348405381
270073,2016-09-30,22809.953122896397
270073,2016-10-31,22855.14376360317
270073,2016-11-30,22924.456818285948
270073,2016-12-31,22983.762864045853
270073,2017-01-31,23074.237485608875
270073,2017-02-28,23195.262725339013
270073,2017-03-31,23509.286232727696
270073,2017-04-30,23779.76164278276
270073,2017-05-31,24057.95230699121
270073,2017-06-30,24372.77550338577
270073,2017-07-31,24855.549040767408
270073,2017-08-31,25289.095284574
270073,2017-09-30,25706.269527927478
270073,2017-10-31,26227.42349632601
270073,2017-11-30,26719.842938986665
270073,2017-12-31,27182.23474065096
270073,2018-01-31,27401.09808055905
270073,2018-02-28,27771.8118131488
270073,2018-03-31,28317.327164662536
270073,2018-04-30,28945.474245462712
270073,2018-05-31,29402.19783867116
270073,2018-06-30,29560.676561415366
270073,2018-07-31,29880.331346071354
270073,2018-08-31,30077.598833092576
270073,2018-09-30,30310.865991948744
270073,2018-10-31,30291.039952682597
270073,2018-11-30,30601.08340349545
270073,2018-12-31,31155.93234325401
270073,2019-01-31,31942.587039929484
270073,2019-02-28,32766.12700167799
270073,2019-03-31,33411.976991356314
270073,2019-04-30,33964.61225357509
270073,2019-05-31,34524.74828670044
270073,2019-06-30,35286.96881146568
270073,2019-07-31,36006.53685352728
270073,2019-08-31,36413.48007895029
270073,2019-09-30,36138.73742415333
270073,2019-10-31,35553.99624218197
270073,2019-11-30,35092.60206225456
270073,2019-12-31,35086.9844566847
270073,2020-01-31,35182.21266924826
270073,2020-02-29,35171.72815116552
270073,2020-03-31,35228.49583134725
270073,2020-04-30,35753.32570371741
270073,2020-05-31,36333.4894993753
270073,2020-06-30,36591.3484718052
270073,2020-07-31,36527.00462790986
270073,2020-08-31,36616.36979185396
270073,2020-09-30,37366.17111028908
270073,2020-10-31,38789.37787995421
270073,2020-11-30,40638.08922451676
270073,2020-12-31,42593.25815893303
270073,2021-01-31,44317.4241404109
270073,2021-02-28,46066.93113215299
270073,2021-03-31,47686.95699789673
270073,2021-04-30,49124.24623162579
270073,2021-05-31,50494.95299068871
270073,2021-06-30,52024.73364919098
270073,2021-07-31,53171.75512732559
270073,2021-08-31,54066.715853596885
270073,2021-09-30,54374.9080393288
270073,2021-10-31,54634.15178311119
270073,2021-11-30,54912.242169753175
270073,2021-12-31,55735.005521584266
270073,2022-01-31,57234.83551496456
270073,2022-02-28,59139.16797916428
270073,2022-03-31,60779.01134284772
270073,2022-04-30,61817.27545484535
270073,2022-05-31,62477.70296153577
270073,2022-06-30,63172.36293655898
270073,2022-07-31,63503.98714864239
270073,2022-08-31,62912.19500410938
270073,2022-09-30,61516.54124793061
270073,2022-10-31,60288.12498463807
270073,2022-11-30,59465.20141616357
270073,2022-12-31,58841.06874048248
270073,2023-01-31,58437.15308331117
270073,2023-02-28,58487.4475373643
270073,2023-03-31,58647.84353545008
270073,2023-04-30,58517.05418193748
270073,2023-05-31,57858.33684456945
270073,2023-06-30,57090.39649982836
270073,2023-07-31,56767.033989708354
270073,2023-08-31,56655.35808284359
270073,2023-09-30,56850.86137688494
270073,2023-10-31,57068.66528112695
270073,2023-11-30,57563.11714102499
270073,2023-12-31,58039.47256175333
270073,2024-01-31,58385.96957235935
270073,2024-02-29,58681.91447388948
270073,2024-03-31,59529.97060082317
270073,2024-04-30,61016.98598875348
270073,2024-05-31,62472.8524356745
270073,2024-06-30,63573.58638609158
270073,2024-07-31,64405.00018934531
270073,2024-08-31,65575.59735742323
270073,2024-09-30,66148.96707812921
270073,2024-10-31,66088.17527733011
270073,2024-11-30,65355.82589258595
270073,2024-12-31,65256.64754382457
270073,2025-01-31,65261.599931739445
270073,2025-02-28,65323.47474942452
270073,2025-03-31,65159.646372890216
270073,2025-04-30,64971.708333804
270073,2025-05-31,65062.18650430444
270073,2025-06-30,65299.37805325831
270073,2025-07-31,66195.33365455575
270073,2025-08-31,67232.82145033324
270073,2025-09-30,68331.45614404819
270073,2025-10-31,69046.5632840005
270073,2025-11-30,69659.37427017698
270073,2025-12-31,70084.87403937499
270073,2026-01-31,70220.22367282974
270073,2026-02-28,70318.9405408764
270073,2026-03-31,70280.84120902995
270073,2026-04-30,70105.45851345285
270073,2026-05-31,69621.93031196918
270073,2026-06-30,69369.1445629961
270073,2026-07-31,69147.78545758354
270073,2026-08-31,69547.8731663322
270957,2016-09-30,1548472.898482062
270957,2016-10-31,1541714.4360741626
270957,2016-11-30,1538762.5269952992
270957,2016-12-31,1545696.2536669709
270957,2017-01-31,1552268.370070189
270957,2017-02-28,1561449.3433855828
270957,2017-03-31,1563097.301408266
270957,2017-04-30,1569381.0875460606
270957,2017-05-31,1562124.6347967423
270957,2017-06-30,1557036.7625626456
270957,2017-07-31,1547742.1746750446
270957,2017-08-31,1551604.7537886994
270957,2017-09-30,1543678.7908337442
270957,2017-10-31,1533684.0759287055
270957,2017-11-30,1513315.5093634771
270957,2017-12-31,1509579.654094502
270957,2018-01-31,1517155.549224388
270957,2018-02-28,1530157.3904789493
270957,2018-03-31,1543252.833594456
270957,2018-04-30,1558698.1765205662
270957,2018-05-31,1579864.000198181
270957,2018-06-30,1600792.0832868728
270957,2018-07-31,1615971.364942003
270957,2018-08-31,1625118.1182207924
270957,2018-09-30,1637702.3068231398
270957,2018-10-31,1641549.908641938
270957,2018-11-30,1636228.7851695449
270957,2018-12-31,1617926.7685590526
270957,2019-01-31,1587058.0914645025
270957,2019-02-28,1562082.2674659046
270957,2019-03-31,1532729.491480955
270957,2019-04-30,1515321.229546468
270957,2019-05-31,1505868.5167952916
270957,2019-06-30,1505595.2419571374
270957,2019-07-31,1512344.5587185505
270957,2019-08-31,1512943.7224351007
270957,2019-09-30,1504098.7484827917
270957,2019-10-31,1488321.516645019
270957,2019-11-30,1483954.4196333392
270957,2019-12-31,1482502.1590739926
270957,2020-01-31,1485396.144433503
270957,2020-02-29,1474718.9968185292
270957,2020-03-31,1465741.5889940334
270957,2020-04-30,1454178.134957773
270957,2020-05-31,1454717.8676927623
270957,2020-06-30,1450387.8722531395
270957,2020-07-31,1443172.2441404797
270957,2020-08-31,1429015.7400915148
270957,2020-09-30,1429232.2266065069
270957,2020-10-31,1435410.2241047395
270957,2020-11-30,1438688.3455650134
270957,2020-12-31,1441415.0313327413
270957,2021-01-31,1445519.692981152
270957,2021-02-28,1462515.8152188298
270957,2021-03-31,1482662.7596630396
270957,2021-04-30,1495983.759539738
270957,2021-05-31,1506389.2155028598
270957,2021-06-30,1516289.5153289223
270957,2021-07-31,1537470.7596213743
270957,2021-08-31,1553711.3143563063
270957,2021-09-30,1559203.6547735734
270957,2021-10-31,1559743.965232272
270957,2021-11-30,1564210.1723043134
270957,2021-12-31,1569249.3166377535
270957,2022-01-31,1573472.374972083
270957,2022-02-28,1582857.4926356855
270957,2022-03-31,1614273.920576495
270957,2022-04-30,1642082.5205483057
270957,2022-05-31,1665463.8278978849
270957,2022-06-30,1674711.9733523645
270957,2022-07-31,1671762.0040212509
270957,2022-08-31,1650600.291639777
270957,2022-09-30,1612122.7971307512
270957,2022-10-31,1580830.6769714511
270957,2022-11-30,1549370.0296513317
270957,2022-12-31,1509658.7326001872
270957,2023-01-31,1460750.919591159
270957,2023-02-28,1413104.440665846
270957,2023-03-31,1379540.2018626945
270957,2023-04-30,1359405.0770288445
270957,2023-05-31,1349651.5711752533
270957,2023-06-30,1343681.924956333
270957,2023-07-31,1339027.5860983164
270957,2023-08-31,1334252.7974646296
270957,2023-09-30,1329412.3697829435
270957,2023-10-31,1320624.9458013552
270957,2023-11-30,1308704.94993119
270957,2023-12-31,1297746.327702639
270957,2024-01-31,1290443.4350583472
270957,2024-02-29,1284020.425365269
270957,2024-03-31,1279820.4542577236
270957,2024-04-30,1277710.994046416
270957,2024-05-31,1274379.3705143882
270957,2024-06-30,1272664.1633919382
270957,2024-07-31,1274619.6230121134
270957,2024-08-31,1281477.3093391194
270957,2024-09-30,1284795.9154005954
270957,2024-10-31,1286763.1567883992
270957,2024-11-30,1299221.2651060775
270957,2024-12-31,1318125.6998721184
270957,2025-01-31,1334674.1386424822
270957,2025-02-28,1341069.6890872242
270957,2025-03-31,1339612.9861675808
270957,2025-04-30,1329654.0961545885
270957,2025-05-31,1318141.7553838766
270957,2025-06-30,1309219.982615961
270957,2025-07-31,1306900.841780232
270957,2025-08-31,1307409.8909739116
270957,2025-09-30,1313347.5339798268
270957,2025-10-31,1322130.772168763
270957,2025-11-30,1329769.5770963936
270957,2025-12-31,1333803.319139711
270957,2026-01-31,1342788.1187742203
270957,2026-02-28,1359003.3951215488
270957,2026-03-31,1373928.4802148489
270957,2026-04-30,1380405.1578810147
270957,2026-05-31,1376197.906757444
270957,2026-06-30,1370138.7602873852
270957,2026-07-31,1372058.652045115
270957,2026-08-31,1378885.6841484725
270958,2016-09-30,1468851.5666852046
270958,2016-10-31,1463335.4943419509
270958,2016-11-30,1460941.2269394577
270958,2016-12-31,1466225.7670902314
270958,2017-01-31,1466391.6842165615
270958,2017-02-28,1472206.464298619
270958,2017-03-31,1473613.964539524
270958,2017-04-30,1484188.7912133606
270958,2017-05-31,1478560.6362926697
270958,2017-06-30,1475692.9534426928
270958,2017-07-31,1465125.5488759994
270958,2017-08-31,1467653.884389884
270958,2017-09-30,1460262.5549476657
270958,2017-10-31,1455271.3909570442
270958,2017-11-30,1441426.3211719887
270958,2017-12-31,1440451.0301581752
270958,2018-01-31,1448537.835033875
270958,2018-02-28,1458297.534383787
270958,2018-03-31,1468620.2520121112
270958,2018-04-30,1481910.663662567
270958,2018-05-31,1500354.3725735669
270958,2018-06-30,1523133.1951988663
270958,2018-07-31,1539608.7006179895
270958,2018-08-31,1552575.0943599064
270958,2018-09-30,1568224.0993620332
270958,2018-10-31,1579261.839535945
270958,2018-11-30,1580533.6213327504
270958,2018-12-31,1566627.520817453
270958,2019-01-31,1531998.7320222063
270958,2019-02-28,1501701.483719393
270958,2019-03-31,1463375.9696772585
270958,2019-04-30,1442552.1413068774
270958,2019-05-31,1432460.5358904412
270958,2019-06-30,1433156.9260778816
270958,2019-07-31,1442781.9552052226
270958,2019-08-31,1445315.3063869288
270958,2019-09-30,1440232.8751756398
270958,2019-10-31,1425169.8188656748
270958,2019-11-30,1423320.8435200544
270958,2019-12-31,1423441.0581353265
270958,2020-01-31,1428479.52025576
270958,2020-02-29,1417765.830372675
270958,2020-03-31,1409475.2097429696
270958,2020-04-30,1399560.9713991724
270958,2020-05-31,1400280.5446391348
270958,2020-06-30,1394616.3033706846
270958,2020-07-31,1389833.3742188604
270958,2020-08-31,1383028.9928338465
270958,2020-09-30,1394560.6991758903
270958,2020-10-31,1408852.9852419756
270958,2020-11-30,1419401.1482246686
270958,2020-12-31,1423772.1924977668
270958,2021-01-31,1424186.2715176914
270958,2021-02-28,1432587.2882619707
270958,2021-03-31,1443623.8468458578
270958,2021-04-30,1452222.5850210118
270958,2021-05-31,1459522.6674619208
270958,2021-06-30,1467048.860168989
270958,2021-07-31,1485237.265988117
270958,2021-08-31,1502377.6481160272
270958,2021-09-30,1512960.3919724224
270958,2021-10-31,1519164.580694136
270958,2021-11-30,1528121.1272679446
270958,2021-12-31,1537471.4607855936
270958,2022-01-31,1547263.8122458986
270958,2022-02-28,1560016.141591743
270958,2022-03-31,1594179.3643709251
270958,2022-04-30,1624301.073772806
270958,2022-05-31,1653242.7361703329
270958,2022-06-30,1666290.8144406604
270958,2022-07-31,1663228.419852785
270958,2022-08-31,1638461.4297384026
270958,2022-09-30,1594684.017398158
270958,2022-10-31,1557332.576536933
270958,2022-11-30,1518895.3720496567
270958,2022-12-31,1479662.8393685382
270958,2023-01-31,1439711.2185583953
270958,2023-02-28,1406876.0347771132
270958,2023-03-31,1384437.497546767
270958,2023-04-30,1369408.039995358
270958,2023-05-31,1362362.0813153496
270958,2023-06-30,1356212.3566966737
270958,2023-07-31,1349566.982116284
270958,2023-08-31,1339254.5803207138
270958,2023-09-30,1328676.9105132278
270958,2023-10-31,1316998.387290936
270958,2023-11-30,1304492.1607722926
270958,2023-12-31,1296559.2606279724
270958,2024-01-31,1290653.9663539634
270958,2024-02-29,1284160.001741721
270958,2024-03-31,1278450.35460214
270958,2024-04-30,1275989.0645720356
270958,2024-05-31,1273557.0610371092
270958,2024-06-30,1273645.8053354088
270958,2024-07-31,1278014.4403240953
270958,2024-08-31,1287847.240811554
270958,2024-09-30,1292989.567849253
270958,2024-10-31,1297293.9416539709
270958,2024-11-30,1310922.1771625087
270958,2024-12-31,1330777.2314321217
270958,2025-01-31,1347728.073663498
270958,2025-02-28,1356438.2709380283
270958,2025-03-31,1360328.514937108
270958,2025-04-30,1356804.78721085
270958,2025-05-31,1350968.680479569
270958,2025-06-30,1344955.336559492
270958,2025-07-31,1341386.586023613
270958,2025-08-31,1336208.7583983715
270958,2025-09-30,1334928.7611217294
270958,2025-10-31,1338621.7163455673
270958,2025-11-30,1344890.834962617
270958,2025-12-31,1349951.080197287
270958,2026-01-31,1357914.6360416964
270958,2026-02-28,1368449.1592725369
270958,2026-03-31,1376284.066464482
270958,2026-04-30,1377702.806650131
270958,2026-05-31,1373940.370064665
270958,2026-06-30,1367617.7034383083
270958,2026-07-31,1367975.8861539287
270958,2026-08-31,1371092.8304941764
271166,2016-09-30,80416.09393895837
271166,2016-10-31,82728.11519709749
271166,2016-11-30,84852.77948123607
271166,2016-12-31,86256.6094336642
271166,2017-01-31,87247.51590302773
271166,2017-02-28,87986.54508628945
271166,2017-03-31,89323.22490356829
271166,2017-04-30,90927.6191857963
271166,2017-05-31,93059.58841270844
271166,2017-06-30,94972.92705372589
271166,2017-07-31,96139.35929877206
271166,2017-08-31,96681.11985445236
271166,2017-09-30,97226.0842920373
271166,2017-10-31,98369.37881456089
271166,2017-11-30,100217.4566299059
271166,2017-12-31,102330.18087776558
271166,2018-01-31,104054.4236596764
271166,2018-02-28,105377.2528168644
271166,2018-03-31,106916.24397629302
271166,2018-04-30,108792.3160332509
271166,2018-05-31,110333.48185931258
271166,2018-06-30,110803.7372247458
271166,2018-07-31,110937.1114405428
271166,2018-08-31,111137.67820253402
271166,2018-09-30,111970.1808436106
271166,2018-10-31,112925.90433509529
271166,2018-11-30,113873.60194811424
271166,2018-12-31,115100.56444711646
271166,2019-01-31,116811.1612622178
271166,2019-02-28,118994.20465950882
271166,2019-03-31,120931.07150135654
271166,2019-04-30,122355.18064752578
271166,2019-05-31,123278.60913958326
271166,2019-06-30,124111.09495014958
271166,2019-07-31,124639.79127606012
271166,2019-08-31,125417.4954669996
271166,2019-09-30,126499.70994552264
271166,2019-10-31,128244.04498551851
271166,2019-11-30,130569.22546675114
271166,2019-12-31,132688.99631153082
271166,2020-01-31,134925.19027620732
271166,2020-02-29,137062.8714129243
271166,2020-03-31,139509.19580214456
271166,2020-04-30,142427.67084601137
271166,2020-05-31,144251.06758093822
271166,2020-06-30,144076.59935128197
271166,2020-07-31,142886.63514111878
271166,2020-08-31,142182.5389801882
271166,2020-09-30,143854.94020506812
271166,2020-10-31,146478.62691331728
271166,2020-11-30,150244.82994124666
271166,2020-12-31,153843.6090563113
271166,2021-01-31,156870.7892243292
271166,2021-02-28,159741.44691300482
271166,2021-03-31,163159.39819765577
271166,2021-04-30,166663.159295689
271166,2021-05-31,169875.56416215267
271166,2021-06-30,171287.91679829409
271166,2021-07-31,170361.71744546402
271166,2021-08-31,166618.27708230654
271166,2021-09-30,161281.50514517134
271166,2021-10-31,156663.84462471845
271166,2021-11-30,153549.67507028882
271166,2021-12-31,152072.1871438202
271166,2022-01-31,152907.92954809507
271166,2022-02-28,155049.4915489777
271166,2022-03-31,158312.6304499572
271166,2022-04-30,161180.0905380644
271166,2022-05-31,164324.11233258713
271166,2022-06-30,166675.30876197302
271166,2022-07-31,166591.78136460882
271166,2022-08-31,164077.70227745283
271166,2022-09-30,161257.29394904446
271166,2022-10-31,160044.8855339803
271166,2022-11-30,159868.6162136188
271166,2022-12-31,158461.64111780928
271166,2023-01-31,155145.9000132898
271166,2023-02-28,151122.90026304312
271166,2023-03-31,147566.46054205782
271166,2023-04-30,145618.89856584615
271166,2023-05-31,144582.24180734737
271166,2023-06-30,144150.1132239014
271166,2023-07-31,143866.66597812506
271166,2023-08-31,143926.0421523559
271166,2023-09-30,144101.41183230665
271166,2023-10-31,143929.5363426226
271166,2023-11-30,143239.50976903932
271166,2023-12-31,143236.8350612058
271166,2024-01-31,143677.4299456928
271166,2024-02-29,144413.69477219632
271166,2024-03-31,144925.96716820763
271166,2024-04-30,146206.6529342032
271166,2024-05-31,147841.2042704201
271166,2024-06-30,149081.1471471913
271166,2024-07-31,149236.80256327664
271166,2024-08-31,148277.1790505067
271166,2024-09-30,147150.86482445255
271166,2024-10-31,146648.55640359965
271166,2024-11-30,146923.44652772756
271166,2024-12-31,148501.17469444373
271166,2025-01-31,150392.44210691162
271166,2025-02-28,151859.72085534307
271166,2025-03-31,152152.06031517975
271166,2025-04-30,151162.4814210305
271166,2025-05-31,149271.3773453212
271166,2025-06-30,147402.49429275104
271166,2025-07-31,146833.83950478912
271166,2025-08-31,147671.04651824606
271166,2025-09-30,149303.8055462476
271166,2025-10-31,149961.66216127676
271166,2025-11-30,150936.09290089388
271166,2025-12-31,152040.6721387489
271166,2026-01-31,153890.38660049456
271166,2026-02-28,154949.2737234943
271166,2026-03-31,154627.95950577257
271166,2026-04-30,152710.61847136202
271166,2026-05-31,150937.06347413358
271166,2026-06-30,149881.2063694376
271166,2026-07-31,149873.0365501575
271166,2026-08-31,150405.5136699419
271326,2016-09-30,126739.05958782729
271326,2016-10-31,127741.843229417
271326,2016-11-30,129020.94325651508
271326,2016-12-31,130287.20499225604
271326,2017-01-31,131401.63786913326
271326,2017-02-28,132301.0629080285
271326,2017-03-31,133203.66515513195
271326,2017-04-30,134258.57670205185
271326,2017-05-31,135179.50483706282
271326,2017-06-30,136069.15395764503
271326,2017-07-31,136897.7547865458
271326,2017-08-31,137707.16755603882
271326,2017-09-30,138382.78187259383
271326,2017-10-31,139049.01624511098
271326,2017-11-30,139769.41166009606
271326,2017-12-31,140348.85420701187
271326,2018-01-31,140710.1433960453
271326,2018-02-28,141098.3255295316
271326,2018-03-31,141875.22377961874
271326,2018-04-30,142802.95121048178
271326,2018-05-31,143940.9711147841
271326,2018-06-30,145050.96892798785
271326,2018-07-31,146309.51336223757
271326,2018-08-31,147496.47617825857
271326,2018-09-30,148881.60102162845
271326,2018-10-31,150372.2396360541
271326,2018-11-30,151813.9181372247
271326,2018-12-31,153099.39369146625
271326,2019-01-31,154535.6369033132
271326,2019-02-28,155968.45824172997
271326,2019-03-31,157231.6834585968
271326,2019-04-30,157974.34770223722
271326,2019-05-31,158731.1305919252
271326,2019-06-30,159360.4141725596
271326,2019-07-31,159808.3468443165
271326,2019-08-31,159900.68222801198
271326,2019-09-30,160130.94664835758
271326,2019-10-31,160601.15344139337
271326,2019-11-30,161464.04058762794
271326,2019-12-31,162330.82881916605
271326,2020-01-31,163405.1242290325
271326,2020-02-29,164378.17581392976
271326,2020-03-31,165283.69124075
271326,2020-04-30,165971.79308683836
271326,2020-05-31,166259.40994749288
271326,2020-06-30,166633.75640784655
271326,2020-07-31,167241.02056549257
271326,2020-08-31,168435.84150440994
271326,2020-09-30,169956.2995361502
271326,2020-10-31,171789.64063919667
271326,2020-11-30,173953.56544989478
271326,2020-12-31,176057.45570801795
271326,2021-01-31,178249.0306912581
271326,2021-02-28,180496.41207668907
271326,2021-03-31,183090.41196793277
271326,2021-04-30,185616.09865472157
271326,2021-05-31,188286.66582362648
271326,2021-06-30,191168.49443424717
271326,2021-07-31,192903.510524279
271326,2021-08-31,193053.75949643092
271326,2021-09-30,192231.69106263143
271326,2021-10-31,192471.4452542631
271326,2021-11-30,194026.06019318796
271326,2021-12-31,196149.81995149437
271326,2022-01-31,200151.4284207697
271326,2022-02-28,205479.60519582935
271326,2022-03-31,211927.92528749572
271326,2022-04-30,217169.102932297
271326,2022-05-31,221246.17490257867
271326,2022-06-30,224411.72818809745
271326,2022-07-31,226738.36177405092
271326,2022-08-31,228372.58702121003
271326,2022-09-30,229471.5836706904
271326,2022-10-31,230557.29945827115
271326,2022-11-30,231264.52796693644
271326,2022-12-31,230853.05292591185
271326,2023-01-31,229213.6910527984
271326,2023-02-28,227427.3884472535
271326,2023-03-31,226396.73390767755
271326,2023-04-30,226250.83551012512
271326,2023-05-31,226834.74381889173
271326,2023-06-30,227677.39401422424
271326,2023-07-31,228350.28334252432
271326,2023-08-31,228797.3919172492
271326,2023-09-30,228939.68997502956
271326,2023-10-31,229067.41473383276
271326,2023-11-30,229038.34373190883
271326,2023-12-31,229204.0219086581
271326,2024-01-31,229873.79258016404
271326,2024-02-29,230631.5123469184
271326,2024-03-31,231672.78017744003
271326,2024-04-30,232470.59189680245
271326,2024-05-31,232999.2603850884
271326,2024-06-30,232781.98551922129
271326,2024-07-31,232253.3706487477
271326,2024-08-31,231513.55214531615
271326,2024-09-30,230735.69047482123
271326,2024-10-31,229805.0002520801
271326,2024-11-30,229213.98955590688
271326,2024-12-31,229216.60214325
271326,2025-01-31,229287.6656313424
271326,2025-02-28,229037.96116932816
271326,2025-03-31,227703.92456406893
271326,2025-04-30,225760.79369047185
271326,2025-05-31,223721.3260704806
271326,2025-06-30,222073.18077240215
271326,2025-07-31,220903.0681069761
271326,2025-08-31,219534.1519627669
271326,2025-09-30,218178.92815299588
271326,2025-10-31,216756.46855525512
271326,2025-11-30,216035.62944345133
271326,2025-12-31,215793.43235791696
271326,2026-01-31,215811.00397357185
271326,2026-02-28,215696.54827321964
271326,2026-03-31,215116.24376031337
271326,2026-04-30,214308.42214784372
271326,2026-05-31,213188.5045505987
271326,2026-06-30,212475.84892228447
271326,2026-07-31,212350.78281250357
271326,2026-08-31,212894.25163409908
271411,2016-09-30,383428.41208426
271411,2016-10-31,382209.0230061418
271411,2016-11-30,381629.04051877017
271411,2016-12-31,381167.4706404954
271411,2017-01-31,380943.3269032111
271411,2017-02-28,380476.1420928431
271411,2017-03-31,380164.17437749513
271411,2017-04-30,380131.2692401577
271411,2017-05-31,379543.8242136528
271411,2017-06-30,378987.4282544181
271411,2017-07-31,377658.4631814202
271411,2017-08-31,376796.625941819
271411,2017-09-30,376224.20811907295
271411,2017-10-31,376172.81635306665
271411,2017-11-30,376080.4021509742
271411,2017-12-31,375738.63813078793
271411,2018-01-31,374656.0181541164
271411,2018-02-28,373088.7275385596
271411,2018-03-31,371776.86030529626
271411,2018-04-30,371145.2384447711
271411,2018-05-31,371671.4404222732
271411,2018-06-30,372438.03001909447
271411,2018-07-31,373478.3860463334
271411,2018-08-31,373639.4257731033
271411,2018-09-30,373354.1360928842
271411,2018-10-31,372817.23972305865
271411,2018-11-30,372505.7133062591
271411,2018-12-31,372782.40887132473
271411,2019-01-31,373250.1810455104
271411,2019-02-28,373501.4189196441
271411,2019-03-31,373690.5664984234
271411,2019-04-30,373429.5103140512
271411,2019-05-31,373073.72232819005
271411,2019-06-30,372130.9496998519
271411,2019-07-31,370936.74247634393
271411,2019-08-31,369673.7461121902
271411,2019-09-30,368368.82856728736
271411,2019-10-31,367615.70936495234
271411,2019-11-30,367616.1750347217
271411,2019-12-31,367896.36190783005
271411,2020-01-31,368333.8589179159
271411,2020-02-29,368474.7528355322
271411,2020-03-31,368920.8670155802
271411,2020-04-30,368777.0186843416
271411,2020-05-31,368012.5707043524
271411,2020-06-30,366268.3022886391
271411,2020-07-31,365077.91022271145
271411,2020-08-31,365029.9486736093
271411,2020-09-30,366313.4935191472
271411,2020-10-31,367873.9939263547
271411,2020-11-30,369846.5033518471
271411,2020-12-31,371562.02648917306
271411,2021-01-31,373258.195921117
271411,2021-02-28,374661.6758827519
271411,2021-03-31,376255.3255638997
271411,2021-04-30,377491.7787534266
271411,2021-05-31,379375.33462745417
271411,2021-06-30,381161.066260942
271411,2021-07-31,382881.6780558107
271411,2021-08-31,383496.99240848847
271411,2021-09-30,383938.3051835831
271411,2021-10-31,384793.5486960448
271411,2021-11-30,386545.325134031
271411,2021-12-31,388584.70412099786
271411,2022-01-31,391566.2329587903
271411,2022-02-28,394811.8973212892
271411,2022-03-31,399226.3752434519
271411,2022-04-30,403638.8793973218
271411,2022-05-31,407606.34743998334
271411,2022-06-30,410680.9250108496
271411,2022-07-31,412053.6881009694
271411,2022-08-31,412233.9745585784
271411,2022-09-30,411013.7976606844
271411,2022-10-31,409892.39828847937
271411,2022-11-30,409161.7342074203
271411,2022-12-31,408888.4174557163
271411,2023-01-31,408145.180209079
271411,2023-02-28,407002.8117982229
271411,2023-03-31,406533.8840433964
271411,2023-04-30,407475.3206774077
271411,2023-05-31,409147.3253618108
271411,2023-06-30,411297.8482811673
271411,2023-07-31,412975.558137532
271411,2023-08-31,414856.2803119665
271411,2023-09-30,415545.7544411759
271411,2023-10-31,415272.4499697319
271411,2023-11-30,413649.40857385617
271411,2023-12-31,411686.2091611505
271411,2024-01-31,411046.26362315606
271411,2024-02-29,411498.0581023232
271411,2024-03-31,412998.7342343281
271411,2024-04-30,414231.8489642829
271411,2024-05-31,414761.1444084893
271411,2024-06-30,414069.778933757
271411,2024-07-31,412709.7403466979
271411,2024-08-31,411513.7820258755
271411,2024-09-30,411004.6858321956
271411,2024-10-31,410856.1512205872
271411,2024-11-30,410528.95375439
271411,2024-12-31,410558.28401147807
271411,2025-01-31,410691.4001917432
271411,2025-02-28,411160.998232563
271411,2025-03-31,410816.1710135084
271411,2025-04-30,410057.8070571677
271411,2025-05-31,409091.4591852172
271411,2025-06-30,407696.3622240648
271411,2025-07-31,405564.6121153967
271411,2025-08-31,403701.7511927075
271411,2025-09-30,402993.86853588064
271411,2025-10-31,404286.3071380591
271411,2025-11-30,406339.4963643974
271411,2025-12-31,408166.83183372446
271411,2026-01-31,409189.3944488042
271411,2026-02-28,408878.0998100441
271411,2026-03-31,407573.81716109486
271411,2026-04-30,405599.6931790386
271411,2026-05-31,403883.7511304508
271411,2026-06-30,403707.1038538455
271411,2026-07-31,404407.4574146541
271411,2026-08-31,406091.9457884005
271832,2016-09-30,214701.2184097808
271832,2016-10-31,217362.9852941708
271832,2016-11-30,220644.62457566164
271832,2016-12-31,223921.9094329608
271832,2017-01-31,227078.51108933592
271832,2017-02-28,230062.83163933363
271832,2017-03-31,233273.01824463945
271832,2017-04-30,236643.4064846128
271832,2017-05-31,239883.7504925941
271832,2017-06-30,243222.84477864637
271832,2017-07-31,246651.53949142605
271832,2017-08-31,249425.56210891352
271832,2017-09-30,251649.68727404773
271832,2017-10-31,253508.38842101608
271832,2017-11-30,256069.92286653304
271832,2017-12-31,258984.44726543548
271832,2018-01-31,262165.76460153447
271832,2018-02-28,265695.0592129849
271832,2018-03-31,269717.8075459144
271832,2018-04-30,273697.21400533913
271832,2018-05-31,277322.6860648941
271832,2018-06-30,280332.49116248474
271832,2018-07-31,283719.2064749009
271832,2018-08-31,286715.9322595326
271832,2018-09-30,289354.7311145223
271832,2018-10-31,291367.8658194446
271832,2018-11-30,293567.1909445518
271832,2018-12-31,295828.7548396217
271832,2019-01-31,298725.0928813295
271832,2019-02-28,301909.92558361497
271832,2019-03-31,305628.4628365665
271832,2019-04-30,308258.04830375704
271832,2019-05-31,310067.9481064581
271832,2019-06-30,311080.1688341201
271832,2019-07-31,312230.65297652135
271832,2019-08-31,313521.5511629584
271832,2019-09-30,314847.2211023427
271832,2019-10-31,316472.49676656007
271832,2019-11-30,319094.4512221455
271832,2019-12-31,322773.3342494724
271832,2020-01-31,327673.13413397985
271832,2020-02-29,333047.5229183454
271832,2020-03-31,338651.36011700344
271832,2020-04-30,343451.4409346713
271832,2020-05-31,346232.88969885977
271832,2020-06-30,347700.7241814045
271832,2020-07-31,348978.5190913708
271832,2020-08-31,351687.83758417587
271832,2020-09-30,356763.959671665
271832,2020-10-31,363055.4408718695
271832,2020-11-30,370269.5983849168
271832,2020-12-31,376695.8795668115
271832,2021-01-31,383700.24342590646
271832,2021-02-28,392042.9940443993
271832,2021-03-31,401793.9192317024
271832,2021-04-30,411572.80888453405
271832,2021-05-31,419780.0108818181
271832,2021-06-30,426009.5226497699
271832,2021-07-31,429790.7135050868
271832,2021-08-31,430711.1668297032
271832,2021-09-30,429467.1269176644
271832,2021-10-31,428005.5779634281
271832,2021-11-30,428335.7324157054
271832,2021-12-31,430733.4085606404
271832,2022-01-31,436507.5193095476
271832,2022-02-28,444382.1678484105
271832,2022-03-31,454564.74697569
271832,2022-04-30,463798.0135352365
271832,2022-05-31,470948.0697050708
271832,2022-06-30,473857.8132540661
271832,2022-07-31,471472.4728016404
271832,2022-08-31,465261.1760055759
271832,2022-09-30,457656.7488257599
271832,2022-10-31,452133.1819494517
271832,2022-11-30,448591.6536071485
271832,2022-12-31,446179.86582148046
271832,2023-01-31,443784.5640437503
271832,2023-02-28,442199.08827239886
271832,2023-03-31,441776.7251324192
271832,2023-04-30,442514.53613850445
271832,2023-05-31,443680.0740508814
271832,2023-06-30,445374.1704569974
271832,2023-07-31,447426.5843376514
271832,2023-08-31,449574.6903465641
271832,2023-09-30,450767.4328829222
271832,2023-10-31,451272.8924952291
271832,2023-11-30,451748.3353603743
271832,2023-12-31,452840.6082308769
271832,2024-01-31,454704.8012536292
271832,2024-02-29,457276.20440984005
271832,2024-03-31,460758.98451850825
271832,2024-04-30,464082.6781841819
271832,2024-05-31,466333.8395010801
271832,2024-06-30,466516.767386796
271832,2024-07-31,465804.98039409897
271832,2024-08-31,464890.2694399585
271832,2024-09-30,464851.5373020219
271832,2024-10-31,465060.2809242073
271832,2024-11-30,465586.6527581033
271832,2024-12-31,466387.5479738792
271832,2025-01-31,467315.1209137503
271832,2025-02-28,467920.8446132157
271832,2025-03-31,466814.1765238857
271832,2025-04-30,464942.5407533243
271832,2025-05-31,462244.0861094298
271832,2025-06-30,459998.11446745554
271832,2025-07-31,457948.4553507908
271832,2025-08-31,457026.504706175
271832,2025-09-30,457062.9074093053
271832,2025-10-31,458278.9577344751
271832,2025-11-30,459792.3532829746
271832,2025-12-31,461686.0331721911
271832,2026-01-31,463416.89286987897
271832,2026-02-28,464938.9851888273
271832,2026-03-31,464895.8847229149
271832,2026-04-30,463215.9193860353
271832,2026-05-31,461061.81466431054
271832,2026-06-30,459813.3999854531
271832,2026-07-31,459134.29865925614
271832,2026-08-31,458452.3298366478
271936,2016-09-30,342986.3820577983
271936,2016-10-31,345388.1536466188
271936,2016-11-30,348277.11431180337
271936,2016-12-31,352109.02356593544
271936,2017-01-31,356319.35488203267
271936,2017-02-28,360612.6166023802
271936,2017-03-31,364575.0706767098
271936,2017-04-30,368638.1671360366
271936,2017-05-31,372027.3070190352
271936,2017-06-30,375414.6654288882
271936,2017-07-31,378764.27765452577
271936,2017-08-31,381938.9047190508
271936,2017-09-30,385199.9499586611
271936,2017-10-31,387732.6454934806
271936,2017-11-30,390588.3968203116
271936,2017-12-31,393271.5507438644
271936,2018-01-31,396895.7272571858
271936,2018-02-28,401174.794787092
271936,2018-03-31,406380.9486317474
271936,2018-04-30,411874.8867981157
271936,2018-05-31,417337.2887514062
271936,2018-06-30,421888.8943688312
271936,2018-07-31,426026.0865027487
271936,2018-08-31,428840.4191482951
271936,2018-09-30,430351.1695448984
271936,2018-10-31,431218.28880904446
271936,2018-11-30,432759.73451500974
271936,2018-12-31,434959.2553484976
271936,2019-01-31,437803.8507475785
271936,2019-02-28,441022.3711926757
271936,2019-03-31,445130.7625330689
271936,2019-04-30,448152.0598462328
271936,2019-05-31,450379.5469750629
271936,2019-06-30,452279.48287229845
271936,2019-07-31,454456.0978754343
271936,2019-08-31,456195.49736050697
271936,2019-09-30,457357.1335213205
271936,2019-10-31,459265.4724579488
271936,2019-11-30,462370.5421719318
271936,2019-12-31,466498.2633915278
271936,2020-01-31,471033.3611827595
271936,2020-02-29,476528.6015487819
271936,2020-03-31,482484.6798879338
271936,2020-04-30,488670.9735739013
271936,2020-05-31,492204.5907191347
271936,2020-06-30,493842.75718079257
271936,2020-07-31,494605.04366860026
271936,2020-08-31,497855.7855490618
271936,2020-09-30,504921.5221235243
271936,2020-10-31,512949.1302918983
271936,2020-11-30,521399.6136239106
271936,2020-12-31,528587.0055312929
271936,2021-01-31,536705.6339193513
271936,2021-02-28,546693.813068922
271936,2021-03-31,558430.9983773255
271936,2021-04-30,571307.8904569115
271936,2021-05-31,584147.6645451095
271936,2021-06-30,595443.1366346338
271936,2021-07-31,603565.509723278
271936,2021-08-31,605936.3818942973
271936,2021-09-30,604114.5708894072
271936,2021-10-31,601846.4904392768
271936,2021-11-30,602627.578851081
271936,2021-12-31,606548.2791545619
271936,2022-01-31,615531.4923413992
271936,2022-02-28,628534.5397644122
271936,2022-03-31,645417.9857153525
271936,2022-04-30,660976.112287637
271936,2022-05-31,672027.9773470649
271936,2022-06-30,675425.0429810291
271936,2022-07-31,670162.5396671789
271936,2022-08-31,659427.2011167883
271936,2022-09-30,647642.322098656
271936,2022-10-31,638882.0633371299
271936,2022-11-30,633053.9248641169
271936,2022-12-31,628540.7111089128
271936,2023-01-31,623660.8316268312
271936,2023-02-28,621034.839246787
271936,2023-03-31,620000.2785345116
271936,2023-04-30,620818.7068213663
271936,2023-05-31,621437.6701225193
271936,2023-06-30,623537.8395901826
271936,2023-07-31,627022.324718005
271936,2023-08-31,631378.9453316001
271936,2023-09-30,635010.3998049948
271936,2023-10-31,637296.2010901236
271936,2023-11-30,638243.2493057955
271936,2023-12-31,638678.2299048761
271936,2024-01-31,639266.1701428451
271936,2024-02-29,640169.6438413736
271936,2024-03-31,643139.6363733276
271936,2024-04-30,647282.2153434721
271936,2024-05-31,651000.5179558106
271936,2024-06-30,651523.3829854048
271936,2024-07-31,650695.4638779988
271936,2024-08-31,649566.0801378085
271936,2024-09-30,650957.9726647873
271936,2024-10-31,653248.0605229946
271936,2024-11-30,655876.4029889214
271936,2024-12-31,657753.6179001598
271936,2025-01-31,659011.7985140462
271936,2025-02-28,660300.5787491907
271936,2025-03-31,658913.879902268
271936,2025-04-30,655646.7438013277
271936,2025-05-31,650652.3538462584
271936,2025-06-30,646863.5300117406
271936,2025-07-31,644924.3857822629
271936,2025-08-31,644959.5235234735
271936,2025-09-30,646238.8871054001
271936,2025-10-31,648467.82189181
271936,2025-11-30,650652.3636461452
271936,2025-12-31,652321.1356778123
271936,2026-01-31,653076.0772458082
271936,2026-02-28,652619.6363244418
271936,2026-03-31,650747.5698435269
271936,2026-04-30,647053.2692117621
271936,2026-05-31,644567.6605619241
271936,2026-06-30,644578.7098076477
271936,2026-07-31,646756.7191142573
271936,2026-08-31,649570.11215248
271985,2016-09-30,201727.3226995037
271985,2016-10-31,204391.80346455207
271985,2016-11-30,207475.7413892664
271985,2016-12-31,210628.532196104
271985,2017-01-31,213335.58964552823
271985,2017-02-28,215787.86567464343
271985,2017-03-31,218433.65178100855
271985,2017-04-30,221308.69049613853
271985,2017-05-31,224047.1093498436
271985,2017-06-30,226792.5343026777
271985,2017-07-31,229678.4180868386
271985,2017-08-31,232545.11233634327
271985,2017-09-30,234915.58189943395
271985,2017-10-31,236946.23373927068
271985,2017-11-30,239204.89314978407
271985,2017-12-31,242066.4980715001
271985,2018-01-31,245250.53681084127
271985,2018-02-28,248626.3590962348
271985,2018-03-31,252283.54997559395
271985,2018-04-30,256016.75409396444
271985,2018-05-31,259717.031995696
271985,2018-06-30,263046.8108334742
271985,2018-07-31,266556.6035362591
271985,2018-08-31,269600.5243165199
271985,2018-09-30,271956.6657625041
271985,2018-10-31,273667.58932602435
271985,2018-11-30,275284.4220741697
271985,2018-12-31,276908.9631179583
271985,2019-01-31,279096.76034949225
271985,2019-02-28,281720.054151983
271985,2019-03-31,285177.2413473775
271985,2019-04-30,287887.1185242444
271985,2019-05-31,290051.91101231327
271985,2019-06-30,291159.453653894
271985,2019-07-31,292165.4778367087
271985,2019-08-31,293147.62853227207
271985,2019-09-30,294255.8510460683
271985,2019-10-31,295798.3384168109
271985,2019-11-30,298232.2986071779
271985,2019-12-31,301676.4987842722
271985,2020-01-31,305829.58000921475
271985,2020-02-29,310520.9444965917
271985,2020-03-31,315681.439018017
271985,2020-04-30,320781.56485500536
271985,2020-05-31,324159.08205826255
271985,2020-06-30,326121.32947755326
271985,2020-07-31,327528.3399473815
271985,2020-08-31,330266.6268313119
271985,2020-09-30,335081.34060243046
271985,2020-10-31,341434.4473386084
271985,2020-11-30,348935.7725620311
271985,2020-12-31,356449.90159483394
271985,2021-01-31,364487.42224455735
271985,2021-02-28,373441.3270587247
271985,2021-03-31,383035.9956555335
271985,2021-04-30,392227.7860153623
271985,2021-05-31,400072.312141612
271985,2021-06-30,406506.0223129828
271985,2021-07-31,411190.0441531384
271985,2021-08-31,412811.5121083981
271985,2021-09-30,411939.4139044132
271985,2021-10-31,410660.94159841
271985,2021-11-30,411272.9142196789
271985,2021-12-31,413934.9377970095
271985,2022-01-31,419743.2087111498
271985,2022-02-28,427763.5843125959
271985,2022-03-31,437890.4397529145
271985,2022-04-30,446859.9075924197
271985,2022-05-31,453162.1336980077
271985,2022-06-30,455139.1157189247
271985,2022-07-31,452461.79087234807
271985,2022-08-31,446630.7694594367
271985,2022-09-30,439629.7623012745
271985,2022-10-31,434112.4294412224
271985,2022-11-30,429996.1895316551
271985,2022-12-31,426695.32686491386
271985,2023-01-31,423770.570376747
271985,2023-02-28,421900.0559645103
271985,2023-03-31,421446.5517719011
271985,2023-04-30,421715.8332644625
271985,2023-05-31,422511.451316163
271985,2023-06-30,423969.3750838882
271985,2023-07-31,425912.1189625789
271985,2023-08-31,428180.3917085593
271985,2023-09-30,429723.1211775366
271985,2023-10-31,430907.5194575384
271985,2023-11-30,431539.9845367915
271985,2023-12-31,432337.8897590864
271985,2024-01-31,433508.0446920504
271985,2024-02-29,435706.05638057645
271985,2024-03-31,438696.55477222864
271985,2024-04-30,441689.2528896236
271985,2024-05-31,443782.4059444095
271985,2024-06-30,444306.8763436738
271985,2024-07-31,444034.531997378
271985,2024-08-31,443376.7996893592
271985,2024-09-30,443512.93061946455
271985,2024-10-31,443921.4756509785
271985,2024-11-30,444717.6729963326
271985,2024-12-31,445648.1896063397
271985,2025-01-31,446415.8377050312
271985,2025-02-28,446352.0149837102
271985,2025-03-31,444305.2585683726
271985,2025-04-30,441326.9683326708
271985,2025-05-31,437909.038707611
271985,2025-06-30,435374.2394212263
271985,2025-07-31,433487.0104303612
271985,2025-08-31,432734.2595278501
271985,2025-09-30,432937.7344600447
271985,2025-10-31,433951.41977838776
271985,2025-11-30,435007.48338425736
271985,2025-12-31,436310.4173536119
271985,2026-01-31,437323.9005671146
271985,2026-02-28,437956.3707781082
271985,2026-03-31,437136.5231195535
271985,2026-04-30,435071.55302568665
271985,2026-05-31,432651.5232284893
271985,2026-06-30,430993.0152604864
271985,2026-07-31,430370.0299276384
271985,2026-08-31,430467.03466387256
271990,2016-09-30,798225.1100921179
271990,2016-10-31,800103.1951273782
271990,2016-11-30,803508.6931272903
271990,2016-12-31,811462.3980022179
271990,2017-01-31,820399.6475603668
271990,2017-02-28,832144.5232183179
271990,2017-03-31,845745.9559234319
271990,2017-04-30,860787.6169690151
271990,2017-05-31,873693.5471285101
271990,2017-06-30,882951.494508632
271990,2017-07-31,889388.0696555291
271990,2017-08-31,894485.3717917409
271990,2017-09-30,900181.0904197363
271990,2017-10-31,906550.8079691884
271990,2017-11-30,914940.1103801582
271990,2017-12-31,926063.7149657144
271990,2018-01-31,940056.6924161142
271990,2018-02-28,955173.8612599564
271990,2018-03-31,971476.658625109
271990,2018-04-30,984999.6080496684
271990,2018-05-31,996489.2402221116
271990,2018-06-30,1001065.3163253624
271990,2018-07-31,1004109.0991879556
271990,2018-08-31,1003246.9566028578
271990,2018-09-30,999441.4049972114
271990,2018-10-31,993050.4250667857
271990,2018-11-30,985607.2128699856
271990,2018-12-31,978764.0166718628
271990,2019-01-31,971625.6151533264
271990,2019-02-28,966188.8942371304
271990,2019-03-31,963629.8927911826
271990,2019-04-30,963405.2036777834
271990,2019-05-31,963088.8501689726
271990,2019-06-30,962855.0063547302
271990,2019-07-31,960442.7446098076
271990,2019-08-31,958354.9568003528
271990,2019-09-30,955275.3198019596
271990,2019-10-31,954372.3239984036
271990,2019-11-30,955264.5046651574
271990,2019-12-31,958363.3441434418
271990,2020-01-31,961142.1511767716
271990,2020-02-29,965509.464915582
271990,2020-03-31,972700.7521162586
271990,2020-04-30,982170.7681340184
271990,2020-05-31,988740.1441126658
271990,2020-06-30,991267.0677290978
271990,2020-07-31,994096.7714876224
271990,2020-08-31,1002415.3566064456
271990,2020-09-30,1017265.88440431
271990,2020-10-31,1032505.25876407
271990,2020-11-30,1046495.2663217512
271990,2020-12-31,1057277.447082875
271990,2021-01-31,1066162.2831129995
271990,2021-02-28,1075232.8239203107
271990,2021-03-31,1086903.4514708174
271990,2021-04-30,1104677.857221879
271990,2021-05-31,1123698.3089207597
271990,2021-06-30,1141450.480470993
271990,2021-07-31,1153407.5463874172
271990,2021-08-31,1159298.5099010707
271990,2021-09-30,1159895.5222884223
271990,2021-10-31,1161225.3892960623
271990,2021-11-30,1167911.6846308543
271990,2021-12-31,1181913.381256907
271990,2022-01-31,1206692.3755110663
271990,2022-02-28,1238635.2759726776
271990,2022-03-31,1279154.5312341277
271990,2022-04-30,1318328.1665734353
271990,2022-05-31,1348238.385824612
271990,2022-06-30,1359151.6695016746
271990,2022-07-31,1345521.8089146824
271990,2022-08-31,1317429.4351219367
271990,2022-09-30,1283492.9141968556
271990,2022-10-31,1260381.551247388
271990,2022-11-30,1248236.9110688956
271990,2022-12-31,1242459.5169519412
271990,2023-01-31,1231375.8881163972
271990,2023-02-28,1218080.522714427
271990,2023-03-31,1204220.0049513571
271990,2023-04-30,1197620.517090578
271990,2023-05-31,1196016.5292436148
271990,2023-06-30,1200919.7641216794
271990,2023-07-31,1208195.7280238234
271990,2023-08-31,1216356.537519911
271990,2023-09-30,1221822.0699175948
271990,2023-10-31,1225059.6115506145
271990,2023-11-30,1225498.3781981468
271990,2023-12-31,1225093.1105412124
271990,2024-01-31,1223213.9243331251
271990,2024-02-29,1225378.8573102325
271990,2024-03-31,1233685.636578774
271990,2024-04-30,1246329.176818485
271990,2024-05-31,1255953.9873361096
271990,2024-06-30,1257886.0966494295
271990,2024-07-31,1256933.4100132368
271990,2024-08-31,1256319.0002830003
271990,2024-09-30,1260744.1050662664
271990,2024-10-31,1267711.0556471744
271990,2024-11-30,1274293.4743758196
271990,2024-12-31,1279581.0246422377
271990,2025-01-31,1282967.3613994373
271990,2025-02-28,1285564.9817340309
271990,2025-03-31,1283198.212008207
271990,2025-04-30,1277789.6303543726
271990,2025-05-31,1268449.4069380518
271990,2025-06-30,1259150.700226048
271990,2025-07-31,1249975.1484433734
271990,2025-08-31,1244712.790644266
271990,2025-09-30,1245082.7971939016
271990,2025-10-31,1250244.455139801
271990,2025-11-30,1257123.6608238714
271990,2025-12-31,1262254.082316205
271990,2026-01-31,1267945.6644016833
271990,2026-02-28,1269711.2489620785
271990,2026-03-31,1266333.3309635853
271990,2026-04-30,1257088.062519794
271990,2026-05-31,1249537.6059336532
271990,2026-06-30,1245813.5714475606
271990,2026-07-31,1245492.3593098086
271990,2026-08-31,1246519.4114396134
272001,2016-09-30,687506.2284252838
272001,2016-10-31,690798.1244835876
272001,2016-11-30,695718.7476019813
272001,2016-12-31,703097.5637258268
272001,2017-01-31,711065.8547108177
272001,2017-02-28,721107.2465234654
272001,2017-03-31,732960.7882574784
272001,2017-04-30,747164.7125917817
272001,2017-05-31,759783.9556111888
272001,2017-06-30,771545.9184620548
272001,2017-07-31,782183.0646807402
272001,2017-08-31,792330.0493312218
272001,2017-09-30,801053.209059918
272001,2017-10-31,809175.2114466311
272001,2017-11-30,817244.3689302336
272001,2017-12-31,826484.8362807896
272001,2018-01-31,835928.7678833503
272001,2018-02-28,847394.118966558
272001,2018-03-31,860488.1441699938
272001,2018-04-30,873455.0728453025
272001,2018-05-31,884229.1776256451
272001,2018-06-30,887432.0120397126
272001,2018-07-31,887596.3768799504
272001,2018-08-31,884238.1385101328
272001,2018-09-30,880227.8256026512
272001,2018-10-31,874899.7575434443
272001,2018-11-30,869489.710501244
272001,2018-12-31,863747.5690888482
272001,2019-01-31,857348.1865426492
272001,2019-02-28,850256.2577204161
272001,2019-03-31,845520.2329009003
272001,2019-04-30,841414.6182023698
272001,2019-05-31,837777.6460023687
272001,2019-06-30,834136.4096901222
272001,2019-07-31,830754.2471438333
272001,2019-08-31,827614.7532625134
272001,2019-09-30,823645.6397017346
272001,2019-10-31,821866.0204205952
272001,2019-11-30,821729.52059739
272001,2019-12-31,823497.6001162422
272001,2020-01-31,824781.7034442663
272001,2020-02-29,828048.8412961047
272001,2020-03-31,834416.4131923242
272001,2020-04-30,842753.3735257108
272001,2020-05-31,848269.2916663602
272001,2020-06-30,849172.1672157404
272001,2020-07-31,848873.315092369
272001,2020-08-31,851494.1915650902
272001,2020-09-30,859036.6759413262
272001,2020-10-31,866936.6002992542
272001,2020-11-30,875381.705106611
272001,2020-12-31,880374.6790389679
272001,2021-01-31,884308.1284510362
272001,2021-02-28,888153.6395168012
272001,2021-03-31,895354.0380749743
272001,2021-04-30,905532.7295984756
272001,2021-05-31,917343.5400808024
272001,2021-06-30,926347.1922975644
272001,2021-07-31,932486.263830716
272001,2021-08-31,934847.8646821674
272001,2021-09-30,937792.8379669068
272001,2021-10-31,942983.789883842
272001,2021-11-30,950848.8421443114
272001,2021-12-31,962323.1318496476
272001,2022-01-31,978351.1013992218
272001,2022-02-28,998297.19583007
272001,2022-03-31,1021986.5146744852
272001,2022-04-30,1043983.0951770524
272001,2022-05-31,1059044.7170447214
272001,2022-06-30,1061378.510242639
272001,2022-07-31,1049344.856226031
272001,2022-08-31,1029290.1258677872
272001,2022-09-30,1005962.569918522
272001,2022-10-31,989605.8863182664
272001,2022-11-30,978527.4356687424
272001,2022-12-31,970056.808848062
272001,2023-01-31,957991.9210619446
272001,2023-02-28,947492.7399898522
272001,2023-03-31,940437.827428088
272001,2023-04-30,938825.9927626948
272001,2023-05-31,937045.0454340604
272001,2023-06-30,936473.7933149172
272001,2023-07-31,934929.261917232
272001,2023-08-31,933975.9396065949
272001,2023-09-30,931225.4203987924
272001,2023-10-31,928568.3344988432
272001,2023-11-30,925206.8110076404
272001,2023-12-31,920971.1107981914
272001,2024-01-31,917872.006843078
272001,2024-02-29,918367.7520764016
272001,2024-03-31,923643.035718492
272001,2024-04-30,929261.8334487496
272001,2024-05-31,931819.4630262736
272001,2024-06-30,928822.995034501
272001,2024-07-31,924427.4740825008
272001,2024-08-31,920461.8879455376
272001,2024-09-30,919829.4656229652
272001,2024-10-31,920205.4424345196
272001,2024-11-30,921463.8392960816
272001,2024-12-31,923111.2321821386
272001,2025-01-31,925246.9046782126
272001,2025-02-28,926403.3227371996
272001,2025-03-31,923659.489626579
272001,2025-04-30,918859.0363716488
272001,2025-05-31,911144.6189580468
272001,2025-06-30,904652.3100517452
272001,2025-07-31,897283.0345850555
272001,2025-08-31,892615.2409497332
272001,2025-09-30,889515.4435296301
272001,2025-10-31,888218.577699104
272001,2025-11-30,886835.9322816952
272001,2025-12-31,885724.3440266289
272001,2026-01-31,886219.5208741274
272001,2026-02-28,885172.3517852937
272001,2026-03-31,881259.9820138732
272001,2026-04-30,872117.7794077903
272001,2026-05-31,863546.8136792897
272001,2026-06-30,856760.0385734048
272001,2026-07-31,853053.075397058
272001,2026-08-31,849762.3908565553
272015,2016-09-30,294158.6503187667
272015,2016-10-31,297070.7112499856
272015,2016-11-30,300446.48656090675
272015,2016-12-31,304165.7145018502
272015,2017-01-31,307639.0445609267
272015,2017-02-28,310903.0183209561
272015,2017-03-31,314059.10848724254
272015,2017-04-30,317741.8083464797
272015,2017-05-31,321274.7388919544
272015,2017-06-30,324883.5958671719
272015,2017-07-31,328270.2528797876
272015,2017-08-31,331117.8086071557
272015,2017-09-30,333526.5575797212
272015,2017-10-31,335399.52038489905
272015,2017-11-30,337828.39008421014
272015,2017-12-31,340462.0950676016
272015,2018-01-31,343694.5563510225
272015,2018-02-28,347604.2492175205
272015,2018-03-31,352188.6254044757
272015,2018-04-30,357041.03841578955
272015,2018-05-31,361723.1910858961
272015,2018-06-30,365757.9137236169
272015,2018-07-31,369793.5487743346
272015,2018-08-31,372736.52282079234
272015,2018-09-30,374859.5123729477
272015,2018-10-31,375846.5703487238
272015,2018-11-30,376994.6485868438
272015,2018-12-31,378288.75206960033
272015,2019-01-31,380105.7343097284
272015,2019-02-28,382355.9034416625
272015,2019-03-31,385251.3380825816
272015,2019-04-30,387632.25459927577
272015,2019-05-31,389517.6893162495
272015,2019-06-30,391144.32985893945
272015,2019-07-31,392990.0831830486
272015,2019-08-31,394428.5393792928
272015,2019-09-30,395188.7951696228
272015,2019-10-31,396286.2736393313
272015,2019-11-30,398269.3072961377
272015,2019-12-31,401244.3232898465
272015,2020-01-31,404705.6073371067
272015,2020-02-29,409074.3553519514
272015,2020-03-31,414104.7606511754
272015,2020-04-30,419382.9543301522
272015,2020-05-31,422410.67980603833
272015,2020-06-30,423870.7512330935
272015,2020-07-31,424520.9451111562
272015,2020-08-31,427903.050468698
272015,2020-09-30,434971.4668886227
272015,2020-10-31,443945.000437333
272015,2020-11-30,453456.8332358605
272015,2020-12-31,462051.2836488963
272015,2021-01-31,470996.32341917045
272015,2021-02-28,480887.3126349159
272015,2021-03-31,491653.7210491141
272015,2021-04-30,503082.8432993749
272015,2021-05-31,514250.9057457855
272015,2021-06-30,524267.8238202398
272015,2021-07-31,531325.7944106598
272015,2021-08-31,533507.3769701243
272015,2021-09-30,531955.2680839653
272015,2021-10-31,529936.3232712228
272015,2021-11-30,530719.4128038939
272015,2021-12-31,534558.5141758997
272015,2022-01-31,543487.9662492699
272015,2022-02-28,556192.9418816474
272015,2022-03-31,572000.2168378603
272015,2022-04-30,586178.6327629498
272015,2022-05-31,596289.6281760084
272015,2022-06-30,600234.0870831866
272015,2022-07-31,597080.7386178988
272015,2022-08-31,589022.8364337935
272015,2022-09-30,579562.7397519511
272015,2022-10-31,572645.8459695302
272015,2022-11-30,568203.214129659
272015,2022-12-31,564747.48661182
272015,2023-01-31,560980.13139401
272015,2023-02-28,558888.0175917908
272015,2023-03-31,558592.1158882203
272015,2023-04-30,559681.6510899729
272015,2023-05-31,561272.1786013314
272015,2023-06-30,564222.8908912028
272015,2023-07-31,568393.9492068575
272015,2023-08-31,573195.951802048
272015,2023-09-30,576710.1617244618
272015,2023-10-31,578724.6143152519
272015,2023-11-30,579364.9922035671
272015,2023-12-31,579919.6618701433
272015,2024-01-31,580844.1516731485
272015,2024-02-29,582314.4196907441
272015,2024-03-31,585539.4969400255
272015,2024-04-30,589700.4525566964
272015,2024-05-31,593048.329199589
272015,2024-06-30,593731.5167327845
272015,2024-07-31,593240.7685389254
272015,2024-08-31,592619.5052583875
272015,2024-09-30,593603.4342754154
272015,2024-10-31,595282.0692021049
272015,2024-11-30,597914.027444201
272015,2024-12-31,600926.8534991312
272015,2025-01-31,603343.140017024
272015,2025-02-28,604746.0688914516
272015,2025-03-31,603751.3534888499
272015,2025-04-30,601646.312359054
272015,2025-05-31,598300.8802447923
272015,2025-06-30,595085.9450363842
272015,2025-07-31,592733.3725606439
272015,2025-08-31,592143.1859975533
272015,2025-09-30,593362.908950734
272015,2025-10-31,596104.1224969598
272015,2025-11-30,599169.9371139146
272015,2025-12-31,601983.5423784511
272015,2026-01-31,604212.1820706272
272015,2026-02-28,605397.3367926801
272015,2026-03-31,604719.1229807037
272015,2026-04-30,601859.8845666251
272015,2026-05-31,599022.6364946924
272015,2026-06-30,597439.4422036562
272015,2026-07-31,597573.4013583778
272015,2026-08-31,598777.7953470311
272734,2016-09-30,170112.72615935822
272734,2016-10-31,171812.98317437188
272734,2016-11-30,173304.07919007077
272734,2016-12-31,174652.0033384338
272734,2017-01-31,175905.70995551313
272734,2017-02-28,177384.49025563445
272734,2017-03-31,179172.7260968578
272734,2017-04-30,180925.03405515692
272734,2017-05-31,182482.0877519453
272734,2017-06-30,183792.6549413231
272734,2017-07-31,185026.4215151768
272734,2017-08-31,186391.47862252055
272734,2017-09-30,187902.25263187743
272734,2017-10-31,189348.82575504784
272734,2017-11-30,190557.22452932005
272734,2017-12-31,191693.34759857933
272734,2018-01-31,193425.350212722
272734,2018-02-28,195502.4147574966
272734,2018-03-31,197495.8724639704
272734,2018-04-30,198932.50591358403
272734,2018-05-31,200438.97517600536
272734,2018-06-30,202098.09471220663
272734,2018-07-31,203910.30872270625
272734,2018-08-31,205662.7915166005
272734,2018-09-30,207346.12081180475
272734,2018-10-31,208834.2479252878
272734,2018-11-30,210089.26505306573
272734,2018-12-31,211321.2125125646
272734,2019-01-31,213184.28081426324
272734,2019-02-28,215556.99300506347
272734,2019-03-31,217844.2872177464
272734,2019-04-30,219497.39739293512
272734,2019-05-31,220436.71537962928
272734,2019-06-30,221166.4422740195
272734,2019-07-31,221643.25762527948
272734,2019-08-31,222480.7613328691
272734,2019-09-30,223570.90364738376
272734,2019-10-31,225323.43324732795
272734,2019-11-30,227296.9690659735
272734,2019-12-31,229476.45463017595
272734,2020-01-31,232068.5138604056
272734,2020-02-29,235273.06408124397
272734,2020-03-31,238911.7144929752
272734,2020-04-30,242017.53052128665
272734,2020-05-31,243954.4133565405
272734,2020-06-30,244759.5970063708
272734,2020-07-31,245701.34330870383
272734,2020-08-31,247649.69685783572
272734,2020-09-30,251339.9164148016
272734,2020-10-31,255842.6637358152
272734,2020-11-30,260840.00713242928
272734,2020-12-31,265856.7622354789
272734,2021-01-31,270711.0826312308
272734,2021-02-28,275747.779754619
272734,2021-03-31,281638.066840103
272734,2021-04-30,288131.7401458766
272734,2021-05-31,295498.77935418347
272734,2021-06-30,303433.2907553469
272734,2021-07-31,311703.2562412525
272734,2021-08-31,319219.55454380746
272734,2021-09-30,325210.51433046174
272734,2021-10-31,330445.4392520611
272734,2021-11-30,335709.0546480254
272734,2021-12-31,341086.4998851028
272734,2022-01-31,347078.0144791683
272734,2022-02-28,353816.26250921073
272734,2022-03-31,361863.07319296384
272734,2022-04-30,370314.13836295577
272734,2022-05-31,378544.0693067192
272734,2022-06-30,385535.6884145751
272734,2022-07-31,389060.3918957308
272734,2022-08-31,388028.405762278
272734,2022-09-30,382849.6192548794
272734,2022-10-31,376387.3148052821
272734,2022-11-30,369458.8667628066
272734,2022-12-31,362478.3355255054
272734,2023-01-31,355579.1403992526
272734,2023-02-28,350330.9750991525
272734,2023-03-31,347874.0622444462
272734,2023-04-30,347596.2060399885
272734,2023-05-31,348498.30518860795
272734,2023-06-30,350079.25113994814
272734,2023-07-31,352607.2550153673
272734,2023-08-31,356226.0885552231
272734,2023-09-30,359924.18813387613
272734,2023-10-31,363321.4267787761
272734,2023-11-30,365926.7866396441
272734,2023-12-31,367350.5051256721
272734,2024-01-31,367869.8650836434
272734,2024-02-29,368314.3125643912
272734,2024-03-31,369439.3263238422
272734,2024-04-30,371212.4675390176
272734,2024-05-31,372631.2216479976
272734,2024-06-30,373194.3489865079
272734,2024-07-31,372734.8167399866
272734,2024-08-31,371492.5051814583
272734,2024-09-30,369994.6974272632
272734,2024-10-31,368615.18068458064
272734,2024-11-30,367394.3643099203
272734,2024-12-31,366641.595642195
272734,2025-01-31,365520.747101486
272734,2025-02-28,363672.61632060254
272734,2025-03-31,360835.0697468818
272734,2025-04-30,358220.4698081624
272734,2025-05-31,356269.42801148864
272734,2025-06-30,354480.71701378125
272734,2025-07-31,352749.7222511854
272734,2025-08-31,350988.7619658471
272734,2025-09-30,349683.3845830256
272734,2025-10-31,348615.8957200831
272734,2025-11-30,347946.51913369977
272734,2025-12-31,347649.3464556435
272734,2026-01-31,347646.9604395378
272734,2026-02-28,347879.03773661825
272734,2026-03-31,347847.0777953408
272734,2026-04-30,347251.87338583136
272734,2026-05-31,346012.2232607669
272734,2026-06-30,344794.2399735175
272734,2026-07-31,343940.32734100573
272734,2026-08-31,343658.6274840854
272744,2016-09-30,259991.6048107573
272744,2016-10-31,260611.7603378912
272744,2016-11-30,261366.7635861841
272744,2016-12-31,261863.5721118053
272744,2017-01-31,261878.01346001207
272744,2017-02-28,262203.2352629077
272744,2017-03-31,262688.09428991465
272744,2017-04-30,263894.04485529225
272744,2017-05-31,264617.6345524479
272744,2017-06-30,265226.8218041742
272744,2017-07-31,265691.6642896322
272744,2017-08-31,266602.6870593056
272744,2017-09-30,267561.6444390228
272744,2017-10-31,268686.504849344
272744,2017-11-30,269582.2289581567
272744,2017-12-31,270626.9525141874
272744,2018-01-31,270692.20342066884
272744,2018-02-28,270479.2280142367
272744,2018-03-31,270391.8532146806
272744,2018-04-30,270945.4315394105
272744,2018-05-31,271656.7447189816
272744,2018-06-30,271837.8700866921
272744,2018-07-31,272775.8063841639
272744,2018-08-31,273509.9330598991
272744,2018-09-30,274450.6678586178
272744,2018-10-31,274963.2464900245
272744,2018-11-30,275777.63881500735
272744,2018-12-31,277245.66723437
272744,2019-01-31,278620.4117200177
272744,2019-02-28,280619.52382156416
272744,2019-03-31,282837.2135277048
272744,2019-04-30,285897.97359620937
272744,2019-05-31,288531.1464373883
272744,2019-06-30,290531.5963650457
272744,2019-07-31,291814.5003464268
272744,2019-08-31,293326.9185633366
272744,2019-09-30,295193.85770378564
272744,2019-10-31,297124.49671854946
272744,2019-11-30,299733.11592732515
272744,2019-12-31,303158.6842552133
272744,2020-01-31,307863.1718883918
272744,2020-02-29,313068.9221972228
272744,2020-03-31,318370.3611190023
272744,2020-04-30,322829.63643394184
272744,2020-05-31,324866.02511942765
272744,2020-06-30,325039.3075039163
272744,2020-07-31,324242.312803206
272744,2020-08-31,324584.76449744013
272744,2020-09-30,326099.2834353053
272744,2020-10-31,328731.5442110707
272744,2020-11-30,331712.47264816816
272744,2020-12-31,334311.10843505315
272744,2021-01-31,335559.5556287832
272744,2021-02-28,335995.4096720055
272744,2021-03-31,336059.01041220914
272744,2021-04-30,336533.54878882185
272744,2021-05-31,337069.98479614
272744,2021-06-30,337039.8753651091
272744,2021-07-31,336619.5409264322
272744,2021-08-31,336493.9074278047
272744,2021-09-30,336303.6497474493
272744,2021-10-31,336447.0960392751
272744,2021-11-30,336948.1786441958
272744,2021-12-31,338347.5966781857
272744,2022-01-31,339755.68542672315
272744,2022-02-28,340277.0351678781
272744,2022-03-31,341405.6274173248
272744,2022-04-30,342989.3655323146
272744,2022-05-31,345413.21254473535
272744,2022-06-30,347261.6702432017
272744,2022-07-31,347647.5466926571
272744,2022-08-31,346580.2195389149
272744,2022-09-30,344562.37363302434
272744,2022-10-31,343892.3242163505
272744,2022-11-30,344081.3780991649
272744,2022-12-31,344345.5474700474
272744,2023-01-31,343581.2419688064
272744,2023-02-28,342804.24228217715
272744,2023-03-31,342530.2872887775
272744,2023-04-30,343498.1654891057
272744,2023-05-31,345162.11329259444
272744,2023-06-30,347975.4149159904
272744,2023-07-31,351225.0338557839
272744,2023-08-31,354572.93668384216
272744,2023-09-30,357319.33384092496
272744,2023-10-31,358982.69420302846
272744,2023-11-30,360162.33614265703
272744,2023-12-31,360192.65701518254
272744,2024-01-31,360407.5126556855
272744,2024-02-29,360693.13217626495
272744,2024-03-31,362000.8957121807
272744,2024-04-30,363173.1452312298
272744,2024-05-31,363849.2703696437
272744,2024-06-30,363855.1215855439
272744,2024-07-31,363839.38483023614
272744,2024-08-31,363830.56712789135
272744,2024-09-30,364148.1448352343
272744,2024-10-31,364619.56390953896
272744,2024-11-30,364825.6793213821
272744,2024-12-31,365297.024891536
272744,2025-01-31,365595.5212300048
272744,2025-02-28,365952.2281639719
272744,2025-03-31,365263.8794653388
272744,2025-04-30,364397.6832456426
272744,2025-05-31,363088.6782453433
272744,2025-06-30,362188.549007894
272744,2025-07-31,361911.9601323276
272744,2025-08-31,362480.9997387626
272744,2025-09-30,363670.0190630186
272744,2025-10-31,364669.6187202122
272744,2025-11-30,365446.9454675422
272744,2025-12-31,365387.1653125932
272744,2026-01-31,365152.9928055249
272744,2026-02-28,364393.4083223708
272744,2026-03-31,363643.7518957159
272744,2026-04-30,361922.3664687268
272744,2026-05-31,360696.741366972
272744,2026-06-30,359915.8713464613
272744,2026-07-31,359773.759015024
272744,2026-08-31,359719.457724714
272816,2016-09-30,754755.5985307036
272816,2016-10-31,757980.7078167722
272816,2016-11-30,762163.6420589765
272816,2016-12-31,769448.5152315494
272816,2017-01-31,778312.3238634206
272816,2017-02-28,787895.249941859
272816,2017-03-31,796305.7154837614
272816,2017-04-30,805160.1155998552
272816,2017-05-31,810162.4213732419
272816,2017-06-30,813531.63544574
272816,2017-07-31,815962.1282668673
272816,2017-08-31,818998.9030173281
272816,2017-09-30,819693.4079460059
272816,2017-10-31,820379.496800093
272816,2017-11-30,819505.9008647292
272816,2017-12-31,822143.6069018571
272816,2018-01-31,827282.5242569869
272816,2018-02-28,835060.7784204637
272816,2018-03-31,843093.7968120812
272816,2018-04-30,848720.2582279653
272816,2018-05-31,854108.399952822
272816,2018-06-30,858218.9372777119
272816,2018-07-31,861302.7531103701
272816,2018-08-31,863747.325326346
272816,2018-09-30,867748.650592606
272816,2018-10-31,871240.6741377033
272816,2018-11-30,873288.3874283066
272816,2018-12-31,869961.6683989144
272816,2019-01-31,868474.4348371853
272816,2019-02-28,868643.6493499951
272816,2019-03-31,872081.8638961132
272816,2019-04-30,873804.2152729006
272816,2019-05-31,873828.4817076331
272816,2019-06-30,873353.8030878612
272816,2019-07-31,874047.4889989815
272816,2019-08-31,875481.7614925117
272816,2019-09-30,876826.1744830521
272816,2019-10-31,876865.6447389318
272816,2019-11-30,876819.921983369
272816,2019-12-31,876684.3478203343
272816,2020-01-31,876567.3442186294
272816,2020-02-29,876307.2456660384
272816,2020-03-31,872613.2652045018
272816,2020-04-30,867683.1428921968
272816,2020-05-31,862291.8378870735
272816,2020-06-30,857960.846513705
272816,2020-07-31,852553.0883837662
272816,2020-08-31,843445.2856160629
272816,2020-09-30,834836.6517065238
272816,2020-10-31,827856.6179729266
272816,2020-11-30,823962.9943566294
272816,2020-12-31,821546.0459354931
272816,2021-01-31,819733.4276956628
272816,2021-02-28,820588.3096864944
272816,2021-03-31,823233.0827791779
272816,2021-04-30,824505.4013992338
272816,2021-05-31,825411.2082407129
272816,2021-06-30,825367.2003764483
272816,2021-07-31,827197.4288285021
272816,2021-08-31,828602.3566498603
272816,2021-09-30,829795.2598775527
272816,2021-10-31,833461.2822102467
272816,2021-11-30,838397.1550646756
272816,2021-12-31,842661.2846027714
272816,2022-01-31,842972.2552133474
272816,2022-02-28,840208.8769135755
272816,2022-03-31,837158.555276916
272816,2022-04-30,835954.0136830007
272816,2022-05-31,835749.0396577008
272816,2022-06-30,837970.6876322571
272816,2022-07-31,837971.1053252821
272816,2022-08-31,835198.9231583629
272816,2022-09-30,827528.5610476198
272816,2022-10-31,820332.3376803013
272816,2022-11-30,815627.0933540333
272816,2022-12-31,812047.155393964
272816,2023-01-31,807679.8517993769
272816,2023-02-28,800694.0547011341
272816,2023-03-31,793839.6056388031
272816,2023-04-30,786808.6441574857
272816,2023-05-31,779847.9318524329
272816,2023-06-30,770421.5426147337
272816,2023-07-31,760319.86660555
272816,2023-08-31,749740.5064544529
272816,2023-09-30,742922.163578236
272816,2023-10-31,736312.9377374398
272816,2023-11-30,730094.3915439242
272816,2023-12-31,724430.0558900727
272816,2024-01-31,720020.2539265193
272816,2024-02-29,717210.8757966976
272816,2024-03-31,715632.5736509073
272816,2024-04-30,715050.5372948712
272816,2024-05-31,715440.0206688199
272816,2024-06-30,715171.172928977
272816,2024-07-31,717201.9302972928
272816,2024-08-31,720872.5957826072
272816,2024-09-30,724141.5243089692
272816,2024-10-31,726756.4839870278
272816,2024-11-30,729576.489573665
272816,2024-12-31,734448.5159429964
272816,2025-01-31,737930.5755599829
272816,2025-02-28,740957.0832053847
272816,2025-03-31,743359.7524616189
272816,2025-04-30,748570.2838088577
272816,2025-05-31,753545.196009485
272816,2025-06-30,758175.2421109552
272816,2025-07-31,760108.584812204
272816,2025-08-31,762238.7718053106
272816,2025-09-30,764875.4464471732
272816,2025-10-31,766762.5833300416
272816,2025-11-30,766244.6856970191
272816,2025-12-31,763336.6557759872
272816,2026-01-31,762360.7294986467
272816,2026-02-28,763745.1193033309
272816,2026-03-31,768612.0248456249
272816,2026-04-30,771340.7364646457
272816,2026-05-31,772432.8622532737
272816,2026-06-30,770563.6792197279
272816,2026-07-31,771479.3705843772
272816,2026-08-31,773950.8702514431
272839,2016-09-30,53438.00986846432
272839,2016-10-31,53952.815207741456
272839,2016-11-30,54152.269534818704
272839,2016-12-31,54073.90227111031
272839,2017-01-31,54221.81857175523
272839,2017-02-28,54885.42278845728
272839,2017-03-31,56376.156474422176
272839,2017-04-30,57659.404400216416
272839,2017-05-31,58844.16049215369
272839,2017-06-30,60235.20975420692
272839,2017-07-31,61859.22976052047
272839,2017-08-31,63799.102446567056
272839,2017-09-30,65873.32284653258
272839,2017-10-31,68586.18746124074
272839,2017-11-30,71372.5638541249
272839,2017-12-31,73786.88344675508
272839,2018-01-31,75947.13015083666
272839,2018-02-28,78383.84875807234
272839,2018-03-31,81266.55317105615
272839,2018-04-30,83528.12939130182
272839,2018-05-31,84886.6497999084
272839,2018-06-30,85582.44050404862
272839,2018-07-31,87192.15404032142
272839,2018-08-31,89253.19393260583
272839,2018-09-30,91594.71677926944
272839,2018-10-31,93584.17155413589
272839,2018-11-30,96064.72215723594
272839,2018-12-31,98783.16348099904
272839,2019-01-31,101552.39972411488
272839,2019-02-28,103707.8290624664
272839,2019-03-31,105636.1097684003
272839,2019-04-30,107296.86868054066
272839,2019-05-31,108933.17319964257
272839,2019-06-30,110538.68686011848
272839,2019-07-31,111731.66611306858
272839,2019-08-31,112899.12538039385
272839,2019-09-30,113205.39611658888
272839,2019-10-31,112998.8847244805
272839,2019-11-30,112837.41307349752
272839,2019-12-31,113339.66584954038
272839,2020-01-31,114794.94929878258
272839,2020-02-29,116251.68441232618
272839,2020-03-31,117860.40882131086
272839,2020-04-30,119642.13122863074
272839,2020-05-31,121431.32272105722
272839,2020-06-30,122816.10830282964
272839,2020-07-31,123867.3766306932
272839,2020-08-31,125139.69912631212
272839,2020-09-30,126781.95915791922
272839,2020-10-31,128937.03493766996
272839,2020-11-30,131783.5353422981
272839,2020-12-31,134712.245774708
272839,2021-01-31,138167.0174440526
272839,2021-02-28,141539.92447769552
272839,2021-03-31,145970.3569858969
272839,2021-04-30,149801.1886841542
272839,2021-05-31,153381.69559496254
272839,2021-06-30,156079.31776399407
272839,2021-07-31,157573.5173785696
272839,2021-08-31,157152.8517653875
272839,2021-09-30,155911.10690833535
272839,2021-10-31,154652.66144471336
272839,2021-11-30,154980.50310610954
272839,2021-12-31,156394.05735250536
272839,2022-01-31,158954.9145186164
272839,2022-02-28,162451.01494342575
272839,2022-03-31,166043.09387301185
272839,2022-04-30,169139.63352025987
272839,2022-05-31,171322.30889200929
272839,2022-06-30,172722.65401731778
272839,2022-07-31,172415.57823896734
272839,2022-08-31,169804.66853399985
272839,2022-09-30,165707.37365311035
272839,2022-10-31,162586.1207964519
272839,2022-11-30,160884.90002404925
272839,2022-12-31,159757.06300817555
272839,2023-01-31,158865.48082393076
272839,2023-02-28,158513.2023416944
272839,2023-03-31,159214.82958752514
272839,2023-04-30,159770.59819912474
272839,2023-05-31,159221.33027542115
272839,2023-06-30,157845.5380155369
272839,2023-07-31,156934.48014773164
272839,2023-08-31,157002.51868269494
272839,2023-09-30,157624.2924221919
272839,2023-10-31,158241.27821841955
272839,2023-11-30,158577.18022085066
272839,2023-12-31,159193.16182991382
272839,2024-01-31,159986.05861796718
272839,2024-02-29,161333.95088382612
272839,2024-03-31,162412.29764944196
272839,2024-04-30,163869.20442557053
272839,2024-05-31,165236.36943833143
272839,2024-06-30,167247.00835157436
272839,2024-07-31,168375.533814024
272839,2024-08-31,168719.91333106408
272839,2024-09-30,168349.40379792918
272839,2024-10-31,167932.1557154058
272839,2024-11-30,167648.02783119577
272839,2024-12-31,167128.31371406312
272839,2025-01-31,167109.92394442795
272839,2025-02-28,167603.6724389804
272839,2025-03-31,168050.43992202755
272839,2025-04-30,168127.88245521928
272839,2025-05-31,167881.19016057768
272839,2025-06-30,167535.30533185907
272839,2025-07-31,167347.51108357418
272839,2025-08-31,166345.019189922
272839,2025-09-30,164871.3704844278
272839,2025-10-31,162143.14995092724
272839,2025-11-30,159676.5181158822
272839,2025-12-31,157806.0183458835
272839,2026-01-31,156730.22695715437
272839,2026-02-28,155956.11271642082
272839,2026-03-31,154794.4342010397
272839,2026-04-30,154451.77158550764
272839,2026-05-31,154734.88374080064
272839,2026-06-30,156265.980600453
272839,2026-07-31,157207.7302957255
272839,2026-08-31,158102.14740747857
272902,2016-09-30,750021.2992004795
272902,2016-10-31,752189.7819300528
272902,2016-11-30,757895.2156247258
272902,2016-12-31,771295.4150496796
272902,2017-01-31,784737.8299426347
272902,2017-02-28,793805.1535377231
272902,2017-03-31,796185.1588428384
272902,2017-04-30,800096.0087955549
272902,2017-05-31,804952.7667000281
272902,2017-06-30,812658.2194093204
272902,2017-07-31,819302.6747986559
272902,2017-08-31,828104.2320201813
272902,2017-09-30,833153.6292366396
272902,2017-10-31,839589.8423639168
272902,2017-11-30,843054.7517375912
272902,2017-12-31,850621.8717472899
272902,2018-01-31,855065.0527745704
272902,2018-02-28,861007.4402585849
272902,2018-03-31,865143.4720254462
272902,2018-04-30,870555.2435533843
272902,2018-05-31,877489.223624791
272902,2018-06-30,884911.3275416428
272902,2018-07-31,890496.6138226697
272902,2018-08-31,893103.4351726571
272902,2018-09-30,893847.9470534079
272902,2018-10-31,894384.2011273435
272902,2018-11-30,898845.9817732148
272902,2018-12-31,900409.0537963305
272902,2019-01-31,905038.5062958724
272902,2019-02-28,906757.099734596
272902,2019-03-31,909192.7188820662
272902,2019-04-30,910995.0063254358
272902,2019-05-31,913172.3694896324
272902,2019-06-30,921295.5502118246
272902,2019-07-31,929985.2497661044
272902,2019-08-31,934868.8136031312
272902,2019-09-30,933908.8654350586
272902,2019-10-31,930602.5541419624
272902,2019-11-30,931033.8325230662
272902,2019-12-31,932187.2419638174
272902,2020-01-31,937047.7930138408
272902,2020-02-29,943507.3359162592
272902,2020-03-31,953435.7015017916
272902,2020-04-30,959574.574446891
272902,2020-05-31,962556.2068316152
272902,2020-06-30,961676.4444005776
272902,2020-07-31,958674.716495824
272902,2020-08-31,949936.2772820212
272902,2020-09-30,940147.7214957172
272902,2020-10-31,932485.5410182616
272902,2020-11-30,931747.6309028184
272902,2020-12-31,932334.3305048752
272902,2021-01-31,933922.1530319862
272902,2021-02-28,937490.4050994476
272902,2021-03-31,943732.0439077908
272902,2021-04-30,949670.2113419588
272902,2021-05-31,957249.9740081914
272902,2021-06-30,962772.6773797334
272902,2021-07-31,969829.8999249456
272902,2021-08-31,976474.4191673886
272902,2021-09-30,987906.184605823
272902,2021-10-31,1005422.2577218482
272902,2021-11-30,1024064.8224683928
272902,2021-12-31,1036959.6914218866
272902,2022-01-31,1037867.8031237036
272902,2022-02-28,1031462.5441751266
272902,2022-03-31,1026744.3139489928
272902,2022-04-30,1028068.3976600196
272902,2022-05-31,1033579.4718570488
272902,2022-06-30,1042638.024252374
272902,2022-07-31,1045270.7195258416
272902,2022-08-31,1043889.4457242292
272902,2022-09-30,1032366.091857768
272902,2022-10-31,1023508.6063455212
272902,2022-11-30,1016093.5520389904
272902,2022-12-31,1014751.3767713844
272902,2023-01-31,1011964.2387013276
272902,2023-02-28,1004304.1906555328
272902,2023-03-31,994209.6035547006
272902,2023-04-30,989553.6565661128
272902,2023-05-31,992617.57645669
272902,2023-06-30,996526.1426498224
272902,2023-07-31,999496.0943441108
272902,2023-08-31,999918.989707699
272902,2023-09-30,997616.8946151794
272902,2023-10-31,990802.5675109328
272902,2023-11-30,982390.749095008
272902,2023-12-31,978817.8386442164
272902,2024-01-31,981612.5345057804
272902,2024-02-29,987438.2079227312
272902,2024-03-31,996769.1401299164
272902,2024-04-30,1002609.9062516488
272902,2024-05-31,1005296.4835564824
272902,2024-06-30,1001936.7560852906
272902,2024-07-31,1003000.2473874004
272902,2024-08-31,1007379.4506690908
272902,2024-09-30,1013182.1560370106
272902,2024-10-31,1017839.5714522204
272902,2024-11-30,1021459.2068890576
272902,2024-12-31,1024404.9065820868
272902,2025-01-31,1023411.3725059404
272902,2025-02-28,1021246.292755324
272902,2025-03-31,1022339.3593579632
272902,2025-04-30,1029854.2115112536
272902,2025-05-31,1041047.3104105816
272902,2025-06-30,1051513.8621091817
272902,2025-07-31,1059968.9321401538
272902,2025-08-31,1068487.1102664357
272902,2025-09-30,1079126.5823743895
272902,2025-10-31,1086002.5395907948
272902,2025-11-30,1088629.732858298
272902,2025-12-31,1087945.7448655297
272902,2026-01-31,1091990.9878129093
272902,2026-02-28,1103155.9657676348
272902,2026-03-31,1118687.3077371516
272902,2026-04-30,1126934.2015626568
272902,2026-05-31,1128632.6614463632
272902,2026-06-30,1121471.5617860951
272902,2026-07-31,1118230.420199157
272902,2026-08-31,1116711.3437002588
273180,2016-09-30,131971.10156422763
273180,2016-10-31,133469.63261589594
273180,2016-11-30,135164.59626522355
273180,2016-12-31,136846.26610022088
273180,2017-01-31,138603.73230398094
273180,2017-02-28,140359.64285498115
273180,2017-03-31,142050.50043319628
273180,2017-04-30,143770.56444216464
273180,2017-05-31,145474.2574794734
273180,2017-06-30,147341.62555775535
273180,2017-07-31,149029.74365589462
273180,2017-08-31,150651.9872441907
273180,2017-09-30,152182.786032576
273180,2017-10-31,153754.55013513382
273180,2017-11-30,155424.77050912433
273180,2017-12-31,157265.57916495478
273180,2018-01-31,159353.93827293825
273180,2018-02-28,161601.49221418652
273180,2018-03-31,163588.26726864174
273180,2018-04-30,164998.79798710355
273180,2018-05-31,166123.40249798555
273180,2018-06-30,167060.8793335428
273180,2018-07-31,168094.5559816589
273180,2018-08-31,168803.0142996324
273180,2018-09-30,169441.04280812998
273180,2018-10-31,169967.1359554615
273180,2018-11-30,170834.57458974537
273180,2018-12-31,171970.88994321163
273180,2019-01-31,173493.4050875502
273180,2019-02-28,174822.3498518979
273180,2019-03-31,175862.47985648175
273180,2019-04-30,176631.39918106273
273180,2019-05-31,177415.12448662947
273180,2019-06-30,178579.35911477054
273180,2019-07-31,179679.61434040745
273180,2019-08-31,180729.1798376868
273180,2019-09-30,181459.0565308655
273180,2019-10-31,182309.30669127684
273180,2019-11-30,183358.10672473
273180,2019-12-31,184744.79196832096
273180,2020-01-31,186387.1333235828
273180,2020-02-29,188101.55803389492
273180,2020-03-31,189694.4678519269
273180,2020-04-30,190725.52738955797
273180,2020-05-31,191033.8087596024
273180,2020-06-30,191101.49704144543
273180,2020-07-31,191782.00813458452
273180,2020-08-31,193337.65442945916
273180,2020-09-30,195756.99958019645
273180,2020-10-31,198466.38711258347
273180,2020-11-30,201595.81936296224
273180,2020-12-31,204619.67626203236
273180,2021-01-31,207670.27432400596
273180,2021-02-28,210678.2497577377
273180,2021-03-31,214252.9306321441
273180,2021-04-30,218021.81186242428
273180,2021-05-31,222207.7427873603
273180,2021-06-30,226121.7350053489
273180,2021-07-31,228740.63795459343
273180,2021-08-31,229319.1315963094
273180,2021-09-30,228477.596194938
273180,2021-10-31,228459.90565544143
273180,2021-11-30,230330.7131676301
273180,2021-12-31,233361.1762304445
273180,2022-01-31,239246.0226036808
273180,2022-02-28,246873.3069151097
273180,2022-03-31,255943.1353093685
273180,2022-04-30,263868.617976315
273180,2022-05-31,270354.6584719113
273180,2022-06-30,275566.25855867245
273180,2022-07-31,279004.04255863774
273180,2022-08-31,280437.2571422485
273180,2022-09-30,280865.9158881686
273180,2022-10-31,280787.8953050902
273180,2022-11-30,280868.19851900527
273180,2022-12-31,280500.76079267025
273180,2023-01-31,278889.5541885894
273180,2023-02-28,277107.22812308214
273180,2023-03-31,275508.82832270727
273180,2023-04-30,275073.2927875482
273180,2023-05-31,275543.7982080965
273180,2023-06-30,276546.5969973071
273180,2023-07-31,277881.2806915732
273180,2023-08-31,279344.2909489007
273180,2023-09-30,280286.39775282744
273180,2023-10-31,280672.54705166974
273180,2023-11-30,280094.8922626676
273180,2023-12-31,279786.0258693184
273180,2024-01-31,280079.2180481138
273180,2024-02-29,280774.1232482624
273180,2024-03-31,281812.5025551711
273180,2024-04-30,282879.7060968685
273180,2024-05-31,283554.4894723522
273180,2024-06-30,283637.28030643245
273180,2024-07-31,283522.04714235204
273180,2024-08-31,283512.0968329
273180,2024-09-30,283561.00484831445
273180,2024-10-31,283096.38959171774
273180,2024-11-30,282695.5404392146
273180,2024-12-31,282623.1522622824
273180,2025-01-31,282609.4056591398
273180,2025-02-28,282296.37102143443
273180,2025-03-31,280850.3144004364
273180,2025-04-30,278979.3236731884
273180,2025-05-31,276861.2944432515
273180,2025-06-30,275037.7595753507
273180,2025-07-31,273793.14715276944
273180,2025-08-31,272934.7688436658
273180,2025-09-30,272143.7865387302
273180,2025-10-31,271033.7242634064
273180,2025-11-30,270740.13559129817
273180,2025-12-31,271361.18229737045
273180,2026-01-31,272052.78181928984
273180,2026-02-28,272507.49256888626
273180,2026-03-31,272530.5856962257
273180,2026-04-30,272692.65697481274
273180,2026-05-31,272661.24195190426
273180,2026-06-30,272695.54495676863
273180,2026-07-31,272857.79618854617
273180,2026-08-31,273643.02653783513
273509,2016-09-30,217670.4539076288
273509,2016-10-31,214317.07219467472
273509,2016-11-30,208778.49595840127
273509,2016-12-31,204666.24712037717
273509,2017-01-31,205222.3372111029
273509,2017-02-28,210152.59333284572
273509,2017-03-31,218614.0028825788
273509,2017-04-30,226407.56298340563
273509,2017-05-31,232217.47261245883
273509,2017-06-30,236173.22268547156
273509,2017-07-31,238910.81265385333
273509,2017-08-31,241322.7232133184
273509,2017-09-30,245086.17140854071
273509,2017-10-31,250572.50697530308
273509,2017-11-30,256832.27802913488
273509,2017-12-31,262577.91842483013
273509,2018-01-31,266297.14286872215
273509,2018-02-28,268131.0259573929
273509,2018-03-31,267931.11374020256
273509,2018-04-30,266799.61776219617
273509,2018-05-31,266261.9318805911
273509,2018-06-30,266538.69076415524
273509,2018-07-31,267819.46674738073
273509,2018-08-31,269585.8524200322
273509,2018-09-30,272330.1207655946
273509,2018-10-31,276151.4859487818
273509,2018-11-30,279896.228474111
273509,2018-12-31,283037.82081413374
273509,2019-01-31,284625.8512454695
273509,2019-02-28,285303.2189208409
273509,2019-03-31,285065.3626147896
273509,2019-04-30,284821.76474379835
273509,2019-05-31,284130.08073289803
273509,2019-06-30,283289.18773816136
273509,2019-07-31,282521.5541113385
273509,2019-08-31,282607.7522822372
273509,2019-09-30,284149.9932851747
273509,2019-10-31,287300.8463732889
273509,2019-11-30,292029.94017481734
273509,2019-12-31,296688.3217539143
273509,2020-01-31,299839.6387739212
273509,2020-02-29,301276.37217014004
273509,2020-03-31,301452.7457039268
273509,2020-04-30,301647.0621354308
273509,2020-05-31,301308.13369692216
273509,2020-06-30,300968.7384112472
273509,2020-07-31,300866.6139827133
273509,2020-08-31,302293.63773075
273509,2020-09-30,306540.71477984544
273509,2020-10-31,313791.2669726358
273509,2020-11-30,323014.03453807096
273509,2020-12-31,332441.15461802547
273509,2021-01-31,339501.61562219984
273509,2021-02-28,344881.79642526194
273509,2021-03-31,348941.4410216872
273509,2021-04-30,353760.1466484063
273509,2021-05-31,359707.49433998694
273509,2021-06-30,366416.2832887053
273509,2021-07-31,372760.6776681836
273509,2021-08-31,377659.1496069573
273509,2021-09-30,382209.1563889476
273509,2021-10-31,387754.3082654309
273509,2021-11-30,394723.3669954289
273509,2021-12-31,402176.45292282273
273509,2022-01-31,409568.26753734914
273509,2022-02-28,416726.4754109269
273509,2022-03-31,423777.0096204149
273509,2022-04-30,430293.0178488472
273509,2022-05-31,436057.1984046498
273509,2022-06-30,440718.0145143787
273509,2022-07-31,443061.4477688261
273509,2022-08-31,443046.08061338257
273509,2022-09-30,441983.04500959726
273509,2022-10-31,442272.72645863023
273509,2022-11-30,443448.0217354217
273509,2022-12-31,444674.0521209564
273509,2023-01-31,442945.33492399263
273509,2023-02-28,439784.1453515941
273509,2023-03-31,435788.1812264833
273509,2023-04-30,434261.2849151739
273509,2023-05-31,434788.29661983135
273509,2023-06-30,436751.4712233924
273509,2023-07-31,439476.0858211668
273509,2023-08-31,443464.2981161541
273509,2023-09-30,448646.1991482186
273509,2023-10-31,455225.3531856868
273509,2023-11-30,461664.6644001649
273509,2023-12-31,467857.8178848778
273509,2024-01-31,471226.7554484185
273509,2024-02-29,471534.5248843
273509,2024-03-31,470646.83655091305
273509,2024-04-30,470773.42931606254
273509,2024-05-31,472672.8009098616
273509,2024-06-30,474144.2144121344
273509,2024-07-31,475330.41044423374
273509,2024-08-31,476380.685589941
273509,2024-09-30,478672.5618191648
273509,2024-10-31,481347.49279158586
273509,2024-11-30,484047.5313970487
273509,2024-12-31,485819.6491045705
273509,2025-01-31,485622.4556739203
273509,2025-02-28,483964.8864856868
273509,2025-03-31,481015.9998733509
273509,2025-04-30,478734.456802205
273509,2025-05-31,477001.52696792735
273509,2025-06-30,475512.0777079233
273509,2025-07-31,474328.402497416
273509,2025-08-31,473332.8476533166
273509,2025-09-30,472570.8920811567
273509,2025-10-31,472930.23560236936
273509,2025-11-30,474048.06603058655
273509,2025-12-31,475970.8165437801
273509,2026-01-31,477156.29959599697
273509,2026-02-28,478539.97300003446
273509,2026-03-31,479621.1151745566
273509,2026-04-30,480696.36672719335
273509,2026-05-31,481405.0446461442
273509,2026-06-30,482071.3106548295
273509,2026-07-31,482829.448299031
273509,2026-08-31,483776.0512073548
273527,2016-09-30,114149.24140219991
273527,2016-10-31,115832.82178234424
273527,2016-11-30,117664.55489817906
273527,2016-12-31,119442.70576272251
273527,2017-01-31,121108.52231262454
273527,2017-02-28,122564.03691268685
273527,2017-03-31,123822.9938861183
273527,2017-04-30,125218.9840335152
273527,2017-05-31,126826.54107679307
273527,2017-06-30,128721.6757583732
273527,2017-07-31,130511.3590806832
273527,2017-08-31,132207.2517660072
273527,2017-09-30,133810.82902870266
273527,2017-10-31,135474.0517344807
273527,2017-11-30,137145.6711702864
273527,2017-12-31,138902.41720263637
273527,2018-01-31,140822.66049043092
273527,2018-02-28,143010.33333352648
273527,2018-03-31,145050.7961827997
273527,2018-04-30,146558.65568579195
273527,2018-05-31,147628.0283330612
273527,2018-06-30,148596.72510861012
273527,2018-07-31,149744.33196823098
273527,2018-08-31,150848.29198681717
273527,2018-09-30,151866.04811293262
273527,2018-10-31,152849.2478406375
273527,2018-11-30,153952.03449934104
273527,2018-12-31,155331.6941783967
273527,2019-01-31,156818.0317056791
273527,2019-02-28,158216.42946857074
273527,2019-03-31,159310.9413397765
273527,2019-04-30,160160.51993073235
273527,2019-05-31,160942.74073312595
273527,2019-06-30,161921.64717726916
273527,2019-07-31,162777.4784971967
273527,2019-08-31,163752.42468097652
273527,2019-09-30,164634.54238906872
273527,2019-10-31,165875.82109160957
273527,2019-11-30,167245.25409257493
273527,2019-12-31,168827.88929228953
273527,2020-01-31,170487.19702621544
273527,2020-02-29,172058.6962104142
273527,2020-03-31,173393.09224355608
273527,2020-04-30,174284.6418023664
273527,2020-05-31,174567.79640726993
273527,2020-06-30,174790.92604451682
273527,2020-07-31,175512.3445013226
273527,2020-08-31,176919.26763783352
273527,2020-09-30,179030.94826635983
273527,2020-10-31,181445.9617349504
273527,2020-11-30,184442.1631777488
273527,2020-12-31,187368.44412902347
273527,2021-01-31,190264.9777138364
273527,2021-02-28,193296.1320664403
273527,2021-03-31,196841.0745093237
273527,2021-04-30,200576.2290635657
273527,2021-05-31,204364.39799383943
273527,2021-06-30,207844.5219327784
273527,2021-07-31,210015.35573848404
273527,2021-08-31,210400.28178339984
273527,2021-09-30,209613.4235191275
273527,2021-10-31,209644.0235777288
273527,2021-11-30,211394.31683564943
273527,2021-12-31,214246.8940588058
273527,2022-01-31,219822.0371898812
273527,2022-02-28,227068.135636872
273527,2022-03-31,235425.44537688725
273527,2022-04-30,242655.64204579775
273527,2022-05-31,248525.8814047481
273527,2022-06-30,253398.4628247978
273527,2022-07-31,256741.2347363654
273527,2022-08-31,258285.67271070307
273527,2022-09-30,258727.9214665684
273527,2022-10-31,258540.2733869753
273527,2022-11-30,258158.64077728413
273527,2022-12-31,256998.65160871003
273527,2023-01-31,254520.5046724929
273527,2023-02-28,252144.73860058104
273527,2023-03-31,250539.7903644403
273527,2023-04-30,250543.96633285377
273527,2023-05-31,251450.7852387352
273527,2023-06-30,252764.5583183392
273527,2023-07-31,254121.9315038249
273527,2023-08-31,255506.8899398766
273527,2023-09-30,256411.01478312723
273527,2023-10-31,256838.9555699588
273527,2023-11-30,256265.53177870717
273527,2023-12-31,255989.31665244827
273527,2024-01-31,256435.01241878397
273527,2024-02-29,257203.9784602656
273527,2024-03-31,258200.75309241327
273527,2024-04-30,259127.62393233963
273527,2024-05-31,259752.20949421532
273527,2024-06-30,259854.90822041425
273527,2024-07-31,259704.346386257
273527,2024-08-31,259577.9229094944
273527,2024-09-30,259185.3189209999
273527,2024-10-31,258110.2578034507
273527,2024-11-30,257261.61389334785
273527,2024-12-31,256744.90243948856
273527,2025-01-31,256336.05545837272
273527,2025-02-28,255466.4614463373
273527,2025-03-31,254015.87789179495
273527,2025-04-30,252533.7089062821
273527,2025-05-31,251235.7237790145
273527,2025-06-30,250207.99945417815
273527,2025-07-31,249662.738594772
273527,2025-08-31,249466.3060611025
273527,2025-09-30,249307.19921738104
273527,2025-10-31,248935.3901059845
273527,2025-11-30,248779.2500810173
273527,2025-12-31,249418.34608286663
273527,2026-01-31,249874.4954853248
273527,2026-02-28,250162.1711202954
273527,2026-03-31,249998.1179692581
273527,2026-04-30,249976.6957296119
273527,2026-05-31,249781.0774568452
273527,2026-06-30,249445.5408919356
273527,2026-07-31,249294.90750983413
273527,2026-08-31,249746.1579164193
273587,2016-09-30,198685.58976506884
273587,2016-10-31,201265.6001808324
273587,2016-11-30,204310.58739326763
273587,2016-12-31,207317.40782380555
273587,2017-01-31,209751.0696601656
273587,2017-02-28,212015.78773296624
273587,2017-03-31,214626.21536085484
273587,2017-04-30,217536.54461408165
273587,2017-05-31,220394.37481906707
273587,2017-06-30,223486.5325714441
273587,2017-07-31,226842.98671205365
273587,2017-08-31,230222.5483439306
273587,2017-09-30,232952.2078539531
273587,2017-10-31,235186.3062830917
273587,2017-11-30,237567.64861605145
273587,2017-12-31,240460.65159719423
273587,2018-01-31,243558.7978375432
273587,2018-02-28,246844.367878504
273587,2018-03-31,250328.82223645344
273587,2018-04-30,254002.50765844763
273587,2018-05-31,257303.2007465305
273587,2018-06-30,260298.1411439282
273587,2018-07-31,263474.72251032805
273587,2018-08-31,266364.2764915982
273587,2018-09-30,268592.6372431038
273587,2018-10-31,270436.62182448147
273587,2018-11-30,272415.34919268446
273587,2018-12-31,274551.2765864841
273587,2019-01-31,277075.8608033189
273587,2019-02-28,280038.98690325854
273587,2019-03-31,283655.726814117
273587,2019-04-30,286435.7280128048
273587,2019-05-31,288564.048724614
273587,2019-06-30,289666.2187066839
273587,2019-07-31,290765.2535142116
273587,2019-08-31,291925.1768588753
273587,2019-09-30,293300.6913336394
273587,2019-10-31,295148.95529434807
273587,2019-11-30,297689.80640982254
273587,2019-12-31,301097.2366016914
273587,2020-01-31,304942.10047764453
273587,2020-02-29,309212.22473080765
273587,2020-03-31,313924.88927335833
273587,2020-04-30,318528.7484472048
273587,2020-05-31,321517.1585838583
273587,2020-06-30,323106.0014277109
273587,2020-07-31,324378.7214430585
273587,2020-08-31,326966.8672983381
273587,2020-09-30,331610.1438104986
273587,2020-10-31,337831.6006064807
273587,2020-11-30,345216.222362434
273587,2020-12-31,352671.4552895985
273587,2021-01-31,360622.1980912557
273587,2021-02-28,369394.7044105171
273587,2021-03-31,378876.2660901969
273587,2021-04-30,387842.13637727714
273587,2021-05-31,395505.0795064677
273587,2021-06-30,401569.8820712853
273587,2021-07-31,405918.8715513016
273587,2021-08-31,407376.9619651402
273587,2021-09-30,406404.47070894175
273587,2021-10-31,405273.1888577034
273587,2021-11-30,406143.4837021904
273587,2021-12-31,409100.2644765903
273587,2022-01-31,414709.0910815339
273587,2022-02-28,422191.1669043447
273587,2022-03-31,431563.0580081293
273587,2022-04-30,440084.8679226752
273587,2022-05-31,445905.85164445423
273587,2022-06-30,447489.0449866809
273587,2022-07-31,444592.231412509
273587,2022-08-31,438952.69347002654
273587,2022-09-30,432372.33187159547
273587,2022-10-31,427144.7604696716
273587,2022-11-30,423221.4909811099
273587,2022-12-31,420180.446576005
273587,2023-01-31,417749.6874758718
273587,2023-02-28,416173.9111742202
273587,2023-03-31,415814.31122125295
273587,2023-04-30,415724.4152935429
273587,2023-05-31,416216.2001092194
273587,2023-06-30,417379.9922677056
273587,2023-07-31,419191.98450401664
273587,2023-08-31,421517.1037350123
273587,2023-09-30,423203.7159068296
273587,2023-10-31,424592.7125901534
273587,2023-11-30,425575.1270681304
273587,2023-12-31,426647.6545015766
273587,2024-01-31,427984.023186032
273587,2024-02-29,430076.6341614343
273587,2024-03-31,433216.6554359901
273587,2024-04-30,436814.531229187
273587,2024-05-31,439666.6222188405
273587,2024-06-30,440815.6323165984
273587,2024-07-31,440818.2205984329
273587,2024-08-31,440312.0724326733
273587,2024-09-30,440699.0736628399
273587,2024-10-31,441488.4171390493
273587,2024-11-30,442756.1104554364
273587,2024-12-31,444023.2110632852
273587,2025-01-31,445033.88535594125
273587,2025-02-28,445076.5057963954
273587,2025-03-31,443133.59277680144
273587,2025-04-30,440458.3969923793
273587,2025-05-31,437420.50083379727
273587,2025-06-30,435616.0561997341
273587,2025-07-31,434471.7290635877
273587,2025-08-31,434492.38790347736
273587,2025-09-30,435184.9727359176
273587,2025-10-31,436307.0944168865
273587,2025-11-30,437110.678403942
273587,2025-12-31,437847.4610703567
273587,2026-01-31,438604.3222600976
273587,2026-02-28,439197.69948405336
273587,2026-03-31,438615.18652061344
273587,2026-04-30,436743.3166165061
273587,2026-05-31,434694.848908351
273587,2026-06-30,433186.42117130925
273587,2026-07-31,432417.1449611535
273587,2026-08-31,432152.4861077939
273652,2016-09-30,172156.41739601782
273652,2016-10-31,173562.12472194052
273652,2016-11-30,174891.13522264082
273652,2016-12-31,176107.42211445942
273652,2017-01-31,177347.86961073647
273652,2017-02-28,178832.70212635325
273652,2017-03-31,180523.74623842663
273652,2017-04-30,182198.3317484045
273652,2017-05-31,183780.82864588263
273652,2017-06-30,185418.23704576815
273652,2017-07-31,186957.7926376251
273652,2017-08-31,188434.0994934492
273652,2017-09-30,189614.3375734696
273652,2017-10-31,190948.599419685
273652,2017-11-30,192256.16161726357
273652,2017-12-31,193560.00668953787
273652,2018-01-31,195022.195122023
273652,2018-02-28,196817.4257235229
273652,2018-03-31,198751.6164205424
273652,2018-04-30,200375.00374596845
273652,2018-05-31,201934.5186619656
273652,2018-06-30,203455.4035480077
273652,2018-07-31,205184.051694526
273652,2018-08-31,206676.9777201724
273652,2018-09-30,208134.4465527716
273652,2018-10-31,209517.1282507704
273652,2018-11-30,210969.78366177296
273652,2018-12-31,212326.55504019928
273652,2019-01-31,213796.88594635564
273652,2019-02-28,215400.82332530097
273652,2019-03-31,216992.4535755489
273652,2019-04-30,218370.39131819623
273652,2019-05-31,219483.0543043035
273652,2019-06-30,220574.55086871944
273652,2019-07-31,221462.7920340811
273652,2019-08-31,222506.7413391297
273652,2019-09-30,223623.6705553244
273652,2019-10-31,225084.67317581296
273652,2019-11-30,226928.10970036977
273652,2019-12-31,229057.1698514816
273652,2020-01-31,231588.53109785108
273652,2020-02-29,234331.39178305297
273652,2020-03-31,237219.9266277229
273652,2020-04-30,239814.43837174983
273652,2020-05-31,241712.27708377416
273652,2020-06-30,243097.0040104332
273652,2020-07-31,244663.13737846076
273652,2020-08-31,246983.80187621975
273652,2020-09-30,250551.53663780075
273652,2020-10-31,254828.65282323177
273652,2020-11-30,259916.3377786825
273652,2020-12-31,265359.1443772432
273652,2021-01-31,271121.49630271544
273652,2021-02-28,277097.5558276872
273652,2021-03-31,284115.2485284758
273652,2021-04-30,292097.72061657393
273652,2021-05-31,301529.27754706703
273652,2021-06-30,311782.74606703105
273652,2021-07-31,322175.95863564854
273652,2021-08-31,331829.23216738045
273652,2021-09-30,340451.2783526145
273652,2021-10-31,348426.07057472144
273652,2021-11-30,356043.9415808508
273652,2021-12-31,363016.6016279552
273652,2022-01-31,370078.2739806259
273652,2022-02-28,377673.8407129335
273652,2022-03-31,386365.4943136184
273652,2022-04-30,395780.2273482317
273652,2022-05-31,405141.6249410842
273652,2022-06-30,413199.3690419186
273652,2022-07-31,417510.1670080009
273652,2022-08-31,416761.96800780407
273652,2022-09-30,411268.10290152254
273652,2022-10-31,403794.3978295064
273652,2022-11-30,395509.95778560726
273652,2022-12-31,387485.0933523713
273652,2023-01-31,379825.5371771183
273652,2023-02-28,373559.7087804034
273652,2023-03-31,369556.5751922922
273652,2023-04-30,367628.8094287647
273652,2023-05-31,367636.2176392912
273652,2023-06-30,368972.5684620866
273652,2023-07-31,371349.2537381616
273652,2023-08-31,373926.9876641317
273652,2023-09-30,376087.683618047
273652,2023-10-31,377766.1973576814
273652,2023-11-30,379259.7816724824
273652,2023-12-31,380361.4200298615
273652,2024-01-31,381318.3917093561
273652,2024-02-29,382392.86510648887
273652,2024-03-31,383960.4605489464
273652,2024-04-30,385441.9960054052
273652,2024-05-31,386691.000755215
273652,2024-06-30,387322.1567823586
273652,2024-07-31,387740.85664405936
273652,2024-08-31,387626.4882555479
273652,2024-09-30,386955.2413807708
273652,2024-10-31,385746.9858566013
273652,2024-11-30,384466.3209567452
273652,2024-12-31,383473.13251089794
273652,2025-01-31,382330.1953337121
273652,2025-02-28,380680.1575236944
273652,2025-03-31,378396.01859751815
273652,2025-04-30,376482.685243299
273652,2025-05-31,374826.05023536505
273652,2025-06-30,373465.5929416429
273652,2025-07-31,372050.2110915872
273652,2025-08-31,370693.9203882037
273652,2025-09-30,369508.0218189226
273652,2025-10-31,368381.2279090044
273652,2025-11-30,367584.9923149588
273652,2025-12-31,367237.033963854
273652,2026-01-31,367109.56804682873
273652,2026-02-28,367196.6642016583
273652,2026-03-31,367055.5272148631
273652,2026-04-30,366553.6704923226
273652,2026-05-31,365412.7521084509
273652,2026-06-30,364106.0041244496
273652,2026-07-31,363316.9874277742
273652,2026-08-31,362871.3588998655
274264,2016-09-30,250621.29401434097
274264,2016-10-31,251393.40123786635
274264,2016-11-30,252398.84278637465
274264,2016-12-31,253524.6519592325
274264,2017-01-31,254261.02528568465
274264,2017-02-28,255015.5875461664
274264,2017-03-31,255591.50924272373
274264,2017-04-30,256558.01366640368
274264,2017-05-31,257348.8801606916
274264,2017-06-30,258285.9400791557
274264,2017-07-31,259018.8727090401
274264,2017-08-31,260248.91002007516
274264,2017-09-30,261571.33866107868
274264,2017-10-31,263570.65285507106
274264,2017-11-30,265033.98227540473
274264,2017-12-31,266603.1271006478
274264,2018-01-31,266817.23456230987
274264,2018-02-28,266797.94112429867
274264,2018-03-31,266438.33070387
274264,2018-04-30,266791.9003975526
274264,2018-05-31,267624.3663704393
274264,2018-06-30,268098.7079738774
274264,2018-07-31,269317.0108597229
274264,2018-08-31,270195.425509077
274264,2018-09-30,271258.35632799007
274264,2018-10-31,271446.1930297574
274264,2018-11-30,271827.14002678526
274264,2018-12-31,272833.7601893623
274264,2019-01-31,274119.390383403
274264,2019-02-28,275972.9920062793
274264,2019-03-31,278132.4110712912
274264,2019-04-30,280703.4098334667
274264,2019-05-31,282755.1709009774
274264,2019-06-30,284214.03640614985
274264,2019-07-31,285260.3454877436
274264,2019-08-31,286525.1090443912
274264,2019-09-30,287987.1797917239
274264,2019-10-31,289610.9224785275
274264,2019-11-30,291717.12787782185
274264,2019-12-31,294835.497641117
274264,2020-01-31,298521.40031666466
274264,2020-02-29,302807.26394242694
274264,2020-03-31,306916.81113238895
274264,2020-04-30,310329.07676538493
274264,2020-05-31,311302.0781070793
274264,2020-06-30,311127.4091294567
274264,2020-07-31,310578.01197950373
274264,2020-08-31,311171.5255092532
274264,2020-09-30,312695.9606470347
274264,2020-10-31,315171.5371975488
274264,2020-11-30,318198.14449804864
274264,2020-12-31,320431.2280756665
274264,2021-01-31,321556.723728622
274264,2021-02-28,321934.2870804385
274264,2021-03-31,322031.2996065212
274264,2021-04-30,322135.1672742096
274264,2021-05-31,322186.4211066325
274264,2021-06-30,321965.79316673795
274264,2021-07-31,321566.32715389575
274264,2021-08-31,321102.7972024401
274264,2021-09-30,320323.4522133928
274264,2021-10-31,319564.07533306134
274264,2021-11-30,319240.494631705
274264,2021-12-31,319348.6716215149
274264,2022-01-31,320234.34723145305
274264,2022-02-28,321064.2612922826
274264,2022-03-31,323202.3498282616
274264,2022-04-30,325443.24717644224
274264,2022-05-31,328087.16397748265
274264,2022-06-30,330090.92672868626
274264,2022-07-31,330527.56744793506
274264,2022-08-31,329733.4819723429
274264,2022-09-30,328038.71403516683
274264,2022-10-31,327682.6737888395
274264,2022-11-30,327940.6513188547
274264,2022-12-31,328540.90738990525
274264,2023-01-31,328679.3715422762
274264,2023-02-28,329352.95920272946
274264,2023-03-31,330014.7293994385
274264,2023-04-30,331492.58474047814
274264,2023-05-31,333177.5801490851
274264,2023-06-30,336550.6039435405
274264,2023-07-31,340196.75876579265
274264,2023-08-31,343981.3147530199
274264,2023-09-30,346587.34984305524
274264,2023-10-31,348291.55791325204
274264,2023-11-30,349148.95671457663
274264,2023-12-31,348969.2690822066
274264,2024-01-31,348997.6989959813
274264,2024-02-29,349461.7762369341
274264,2024-03-31,351134.88184813777
274264,2024-04-30,352653.0415795155
274264,2024-05-31,353670.7939369877
274264,2024-06-30,353930.9785504627
274264,2024-07-31,354465.84698239533
274264,2024-08-31,355054.0614203158
274264,2024-09-30,355993.0196925663
274264,2024-10-31,357016.22520831105
274264,2024-11-30,358235.844888517
274264,2024-12-31,360046.30511474964
274264,2025-01-31,361533.85591735895
274264,2025-02-28,362373.6959154156
274264,2025-03-31,361719.09118874575
274264,2025-04-30,361156.71347338526
274264,2025-05-31,360702.3352140759
274264,2025-06-30,360965.9514577415
274264,2025-07-31,361444.6257355528
274264,2025-08-31,362506.6581140769
274264,2025-09-30,363932.3371087373
274264,2025-10-31,365127.14091647154
274264,2025-11-30,366046.936237525
274264,2025-12-31,366538.8233171758
274264,2026-01-31,366968.3296725119
274264,2026-02-28,366979.8577268696
274264,2026-03-31,366609.3756718286
274264,2026-04-30,365019.7449004033
274264,2026-05-31,363479.21347027255
274264,2026-06-30,361719.6752459403
274264,2026-07-31,360483.9206726971
274264,2026-08-31,359588.1898280429
274451,2016-09-30,123905.86188482954
274451,2016-10-31,125599.15326210445
274451,2016-11-30,127461.8130309874
274451,2016-12-31,129358.96961464192
274451,2017-01-31,130802.09397417922
274451,2017-02-28,132062.68870035667
274451,2017-03-31,133181.9472282416
274451,2017-04-30,134342.79720875944
274451,2017-05-31,135211.89276992163
274451,2017-06-30,136207.78955284634
274451,2017-07-31,137356.64247491778
274451,2017-08-31,138891.71611773418
274451,2017-09-30,140314.47541790034
274451,2017-10-31,141960.12408017347
274451,2017-11-30,143866.9930331459
274451,2017-12-31,145990.30158486683
274451,2018-01-31,147806.54145671686
274451,2018-02-28,149470.09586115638
274451,2018-03-31,151102.59426156158
274451,2018-04-30,152766.82533277976
274451,2018-05-31,153852.9811745491
274451,2018-06-30,154599.68515939385
274451,2018-07-31,155260.48097482327
274451,2018-08-31,156447.9629875852
274451,2018-09-30,158318.90039565848
274451,2018-10-31,160695.8523092481
274451,2018-11-30,163238.6685223738
274451,2018-12-31,165440.70454111794
274451,2019-01-31,167570.3878284537
274451,2019-02-28,169627.05182050008
274451,2019-03-31,171450.11413260884
274451,2019-04-30,172723.99847631546
274451,2019-05-31,173509.8586554722
274451,2019-06-30,174257.229884202
274451,2019-07-31,175102.4513977261
274451,2019-08-31,175946.62276242697
274451,2019-09-30,176901.0380066861
274451,2019-10-31,177993.589723186
274451,2019-11-30,179527.8035879856
274451,2019-12-31,181199.8973236496
274451,2020-01-31,183218.1704107416
274451,2020-02-29,185323.26164826972
274451,2020-03-31,187393.36717464557
274451,2020-04-30,188865.40570775812
274451,2020-05-31,189433.98883165125
274451,2020-06-30,189388.7040589708
274451,2020-07-31,189183.73209648396
274451,2020-08-31,189302.44706841465
274451,2020-09-30,190244.04182383584
274451,2020-10-31,191750.78448585255
274451,2020-11-30,194175.95848478223
274451,2020-12-31,196496.69037642004
274451,2021-01-31,198790.3327542269
274451,2021-02-28,200828.2980847281
274451,2021-03-31,202996.03804552893
274451,2021-04-30,205268.2984187895
274451,2021-05-31,208053.98777135627
274451,2021-06-30,211002.17824124973
274451,2021-07-31,213197.5833610558
274451,2021-08-31,213957.40618414743
274451,2021-09-30,213218.81757720985
274451,2021-10-31,212758.93403614723
274451,2021-11-30,213015.67685468437
274451,2021-12-31,214577.0085399385
274451,2022-01-31,217561.49490329935
274451,2022-02-28,221774.95779913024
274451,2022-03-31,226805.0460233073
274451,2022-04-30,231498.34049628527
274451,2022-05-31,235516.2938622328
274451,2022-06-30,238301.98358475868
274451,2022-07-31,239345.66366534613
274451,2022-08-31,238605.07300776965
274451,2022-09-30,237089.1735227882
274451,2022-10-31,235607.0583512696
274451,2022-11-30,234604.8293108421
274451,2022-12-31,233456.4467209257
274451,2023-01-31,231586.8158314691
274451,2023-02-28,229486.7178924356
274451,2023-03-31,227966.27483880956
274451,2023-04-30,227682.51091917595
274451,2023-05-31,228308.1495256155
274451,2023-06-30,229394.60827566453
274451,2023-07-31,230655.006883308
274451,2023-08-31,232099.5469661368
274451,2023-09-30,233035.0023618484
274451,2023-10-31,233860.14858349256
274451,2023-11-30,233852.25759387703
274451,2023-12-31,234028.0723102365
274451,2024-01-31,233853.65883422387
274451,2024-02-29,233975.29545296644
274451,2024-03-31,234137.4660445601
274451,2024-04-30,235158.33693202503
274451,2024-05-31,236312.95368515968
274451,2024-06-30,237334.5252383779
274451,2024-07-31,237772.92990851644
274451,2024-08-31,238200.7696731113
274451,2024-09-30,238774.4952620716
274451,2024-10-31,239381.25002332195
274451,2024-11-30,239651.1590731968
274451,2024-12-31,240212.33868354128
274451,2025-01-31,240724.2456667698
274451,2025-02-28,241016.3220826749
274451,2025-03-31,240889.68426878663
274451,2025-04-30,240887.50694791903
274451,2025-05-31,241204.85553372648
274451,2025-06-30,241341.88475893927
274451,2025-07-31,241598.04975061372
274451,2025-08-31,241966.5138622067
274451,2025-09-30,242421.0092056452
274451,2025-10-31,242064.00159244347
274451,2025-11-30,241081.696801667
274451,2025-12-31,240116.7424295959
274451,2026-01-31,239358.758876484
274451,2026-02-28,238705.74851754995
274451,2026-03-31,237741.06709930827
274451,2026-04-30,236848.24769041396
274451,2026-05-31,235950.0350843426
274451,2026-06-30,235396.7678538624
274451,2026-07-31,234857.4309140313
274451,2026-08-31,234790.44712919937
274514,2016-09-30,745136.1339715427
274514,2016-10-31,737744.5801161887
274514,2016-11-30,738449.4232848393
274514,2016-12-31,744561.6679409635
274514,2017-01-31,760888.8019341696
274514,2017-02-28,783461.117294636
274514,2017-03-31,808984.7265678569
274514,2017-04-30,828075.7921842989
274514,2017-05-31,842003.575510683
274514,2017-06-30,854340.1648514709
274514,2017-07-31,852758.6100048664
274514,2017-08-31,844989.2381801904
274514,2017-09-30,832036.2950649475
274514,2017-10-31,830437.25643921
274514,2017-11-30,831744.1466200637
274514,2017-12-31,834625.8610339243
274514,2018-01-31,846859.5887232414
274514,2018-02-28,869510.2324344955
274514,2018-03-31,900577.3016656479
274514,2018-04-30,927756.8173430325
274514,2018-05-31,949517.4143699585
274514,2018-06-30,964883.380938982
274514,2018-07-31,977292.2107955626
274514,2018-08-31,994808.520832616
274514,2018-09-30,1018435.2478868868
274514,2018-10-31,1046000.3984630354
274514,2018-11-30,1066039.8874220466
274514,2018-12-31,1075786.936077587
274514,2019-01-31,1070621.1886190046
274514,2019-02-28,1053320.10607887
274514,2019-03-31,1033004.711934556
274514,2019-04-30,1016485.0772483094
274514,2019-05-31,1007121.7526831336
274514,2019-06-30,1000464.5132372578
274514,2019-07-31,1002492.415066007
274514,2019-08-31,1012439.4251421974
274514,2019-09-30,1028955.2399634304
274514,2019-10-31,1044948.6286730244
274514,2019-11-30,1058123.0562223615
274514,2019-12-31,1068922.6578897515
274514,2020-01-31,1075437.9092878758
274514,2020-02-29,1080109.6426307566
274514,2020-03-31,1084718.6099789585
274514,2020-04-30,1086726.1144351112
274514,2020-05-31,1082598.1181693804
274514,2020-06-30,1071897.8214486404
274514,2020-07-31,1068888.98243762
274514,2020-08-31,1078564.0072124298
274514,2020-09-30,1101979.9388208364
274514,2020-10-31,1126919.426550341
274514,2020-11-30,1150892.314923584
274514,2020-12-31,1169436.7244370405
274514,2021-01-31,1174111.386180279
274514,2021-02-28,1170016.7113009978
274514,2021-03-31,1162857.6659606686
274514,2021-04-30,1168114.268484818
274514,2021-05-31,1181621.3067284103
274514,2021-06-30,1195587.8471402496
274514,2021-07-31,1210447.7943896784
274514,2021-08-31,1223540.6501549175
274514,2021-09-30,1237047.600977179
274514,2021-10-31,1249291.7694965077
274514,2021-11-30,1261984.816903841
274514,2021-12-31,1276521.065747443
274514,2022-01-31,1289191.8322935954
274514,2022-02-28,1297212.7760696765
274514,2022-03-31,1305291.1581170994
274514,2022-04-30,1313346.448701282
274514,2022-05-31,1325121.8395618072
274514,2022-06-30,1333168.5833134125
274514,2022-07-31,1339480.5551512933
274514,2022-08-31,1336746.9252045806
274514,2022-09-30,1328773.1978510115
274514,2022-10-31,1318859.166599963
274514,2022-11-30,1315510.467113728
274514,2022-12-31,1315361.8208302243
274514,2023-01-31,1306325.309341472
274514,2023-02-28,1287405.2194830934
274514,2023-03-31,1266240.6964418858
274514,2023-04-30,1255331.5998426054
274514,2023-05-31,1253723.0605577722
274514,2023-06-30,1259691.3250558437
274514,2023-07-31,1271473.0546317473
274514,2023-08-31,1290128.364718354
274514,2023-09-30,1308463.9778279832
274514,2023-10-31,1321552.2297377754
274514,2023-11-30,1324349.0037566188
274514,2023-12-31,1319664.1939153152
274514,2024-01-31,1304596.0402735544
274514,2024-02-29,1285075.1326497
274514,2024-03-31,1266897.3546616258
274514,2024-04-30,1257323.4758121695
274514,2024-05-31,1252699.445381968
274514,2024-06-30,1248464.6817805383
274514,2024-07-31,1247449.5709655771
274514,2024-08-31,1249979.0291748485
274514,2024-09-30,1255167.3308600509
274514,2024-10-31,1258740.7452423067
274514,2024-11-30,1262318.9772910534
274514,2024-12-31,1263848.5787453183
274514,2025-01-31,1258130.8673433498
274514,2025-02-28,1247919.4794118516
274514,2025-03-31,1235910.4778033302
274514,2025-04-30,1228872.998183051
274514,2025-05-31,1222162.006512692
274514,2025-06-30,1215398.6695029277
274514,2025-07-31,1212112.331370687
274514,2025-08-31,1211363.062201265
274514,2025-09-30,1212930.6796359457
274514,2025-10-31,1212699.651282836
274514,2025-11-30,1212880.6136210384
274514,2025-12-31,1215839.4793421307
274514,2026-01-31,1215930.3330689722
274514,2026-02-28,1214243.8919438587
274514,2026-03-31,1207260.5352360436
274514,2026-04-30,1201119.9089246464
274514,2026-05-31,1193948.786497638
274514,2026-06-30,1187249.1321235695
274514,2026-07-31,1180900.399079807
274514,2026-08-31,1175806.428004489
274552,2016-09-30,1110058.7849094477
274552,2016-10-31,1107855.143847501
274552,2016-11-30,1112563.0760093173
274552,2016-12-31,1120934.3795960546
274552,2017-01-31,1125717.0856795122
274552,2017-02-28,1128170.185714943
274552,2017-03-31,1127600.4651958656
274552,2017-04-30,1127082.3465647309
274552,2017-05-31,1124616.17908335
274552,2017-06-30,1126224.548835528
274552,2017-07-31,1127499.8695105913
274552,2017-08-31,1130953.4714320982
274552,2017-09-30,1136351.1657573537
274552,2017-10-31,1144694.4163791474
274552,2017-11-30,1157057.1197148587
274552,2017-12-31,1167352.2086821245
274552,2018-01-31,1178805.2633198926
274552,2018-02-28,1185884.3898094448
274552,2018-03-31,1193896.3509366156
274552,2018-04-30,1200752.7856676665
274552,2018-05-31,1210313.0325602589
274552,2018-06-30,1219172.4822527778
274552,2018-07-31,1221128.0786781858
274552,2018-08-31,1218112.8603393782
274552,2018-09-30,1214365.5497541886
274552,2018-10-31,1215400.3441522105
274552,2018-11-30,1218397.4368360203
274552,2018-12-31,1217997.996585916
274552,2019-01-31,1214642.346708222
274552,2019-02-28,1207308.0820796825
274552,2019-03-31,1199535.4281688724
274552,2019-04-30,1194621.3360271305
274552,2019-05-31,1193537.3011939938
274552,2019-06-30,1197810.7747871045
274552,2019-07-31,1204287.9507249063
274552,2019-08-31,1211799.75210596
274552,2019-09-30,1218011.5083621058
274552,2019-10-31,1222286.440222793
274552,2019-11-30,1226271.4986076748
274552,2019-12-31,1229683.6329273342
274552,2020-01-31,1232479.4066653724
274552,2020-02-29,1233272.9452892917
274552,2020-03-31,1235106.232677337
274552,2020-04-30,1238183.4768083468
274552,2020-05-31,1237543.933653599
274552,2020-06-30,1231486.2227536894
274552,2020-07-31,1224788.1925697946
274552,2020-08-31,1223538.813634422
274552,2020-09-30,1224893.3176968778
274552,2020-10-31,1223477.5491332237
274552,2020-11-30,1218239.9299846585
274552,2020-12-31,1211335.24437509
274552,2021-01-31,1203673.2331770873
274552,2021-02-28,1195247.3690626118
274552,2021-03-31,1188804.282137984
274552,2021-04-30,1184080.392278365
274552,2021-05-31,1185983.5417036898
274552,2021-06-30,1189537.2881300885
274552,2021-07-31,1198398.5180975003
274552,2021-08-31,1204610.9381732205
274552,2021-09-30,1210469.401370386
274552,2021-10-31,1214770.7048871005
274552,2021-11-30,1225638.5488702217
274552,2021-12-31,1236521.5844855448
274552,2022-01-31,1242230.5014264074
274552,2022-02-28,1242912.1261609744
274552,2022-03-31,1243030.1705669805
274552,2022-04-30,1244281.7818898864
274552,2022-05-31,1240404.4271277245
274552,2022-06-30,1228160.4494807646
274552,2022-07-31,1210555.8789140284
274552,2022-08-31,1187936.6245173928
274552,2022-09-30,1164766.6945773456
274552,2022-10-31,1143375.5007531124
274552,2022-11-30,1124657.7220754642
274552,2022-12-31,1107930.3962455743
274552,2023-01-31,1090201.767618389
274552,2023-02-28,1075965.453152801
274552,2023-03-31,1065740.8908408002
274552,2023-04-30,1060422.9267847035
274552,2023-05-31,1056547.7353083277
274552,2023-06-30,1054667.2654892306
274552,2023-07-31,1055719.775891923
274552,2023-08-31,1058673.5010640544
274552,2023-09-30,1062590.3582432952
274552,2023-10-31,1062559.3379224353
274552,2023-11-30,1059083.816093904
274552,2023-12-31,1051308.479913243
274552,2024-01-31,1043493.8706082515
274552,2024-02-29,1037429.0840565832
274552,2024-03-31,1038739.050497478
274552,2024-04-30,1044209.0279550962
274552,2024-05-31,1051010.0512185306
274552,2024-06-30,1051840.3439369858
274552,2024-07-31,1051497.2772216508
274552,2024-08-31,1047494.9007334004
274552,2024-09-30,1045835.931009131
274552,2024-10-31,1043494.5065196668
274552,2024-11-30,1045810.8403648792
274552,2024-12-31,1048771.392295938
274552,2025-01-31,1051078.5305805288
274552,2025-02-28,1051016.684289787
274552,2025-03-31,1048761.8415192908
274552,2025-04-30,1050274.9349451133
274552,2025-05-31,1051036.8398065066
274552,2025-06-30,1052800.8478459006
274552,2025-07-31,1051700.5177569625
274552,2025-08-31,1051453.452888457
274552,2025-09-30,1052124.5244423249
274552,2025-10-31,1056521.4962942393
274552,2025-11-30,1062848.2128930625
274552,2025-12-31,1071536.2503711823
274552,2026-01-31,1080341.1405432948
274552,2026-02-28,1090281.7520333598
274552,2026-03-31,1100845.2410834497
274552,2026-04-30,1108754.1296667077
274552,2026-05-31,1119964.630979478
274552,2026-06-30,1134645.851507521
274552,2026-07-31,1155120.682373457
274552,2026-08-31,1177619.098074749
274680,2016-09-30,243517.5049263636
274680,2016-10-31,244917.94095883612
274680,2016-11-30,246808.7119761993
274680,2016-12-31,248779.7871850124
274680,2017-01-31,250716.7988214367
274680,2017-02-28,252591.438735102
274680,2017-03-31,254381.8381309692
274680,2017-04-30,256374.4148819421
274680,2017-05-31,258419.0716238887
274680,2017-06-30,260513.2131472988
274680,2017-07-31,262124.13758698336
274680,2017-08-31,263536.773710669
274680,2017-09-30,265034.42760337447
274680,2017-10-31,266841.5111935776
274680,2017-11-30,268962.96414759086
274680,2017-12-31,271522.41275406256
274680,2018-01-31,273972.0132758717
274680,2018-02-28,276206.13495988987
274680,2018-03-31,277883.58147528657
274680,2018-04-30,279420.8155716156
274680,2018-05-31,280850.2513777214
274680,2018-06-30,282132.57269772765
274680,2018-07-31,283494.5157761755
274680,2018-08-31,284524.48842779495
274680,2018-09-30,285152.1604230415
274680,2018-10-31,285385.8451933993
274680,2018-11-30,285654.57731456176
274680,2018-12-31,286317.5044768013
274680,2019-01-31,287630.26687449263
274680,2019-02-28,289264.7991527068
274680,2019-03-31,290736.31916318834
274680,2019-04-30,291633.6410052836
274680,2019-05-31,291965.0916965853
274680,2019-06-30,292205.3054012795
274680,2019-07-31,292385.9354002462
274680,2019-08-31,292755.16389458434
274680,2019-09-30,293182.0134301206
274680,2019-10-31,293897.10540853394
274680,2019-11-30,294860.90166021284
274680,2019-12-31,296053.9915450293
274680,2020-01-31,297450.43565083743
274680,2020-02-29,299105.90780706174
274680,2020-03-31,300857.02586368
274680,2020-04-30,301925.67187832686
274680,2020-05-31,301866.8844079101
274680,2020-06-30,301334.87629232946
274680,2020-07-31,301447.9786936057
274680,2020-08-31,302750.9212005691
274680,2020-09-30,305310.60640490847
274680,2020-10-31,308621.9587429006
274680,2020-11-30,312667.401467835
274680,2020-12-31,317056.23594835127
274680,2021-01-31,321396.7771429047
274680,2021-02-28,325473.5235486746
274680,2021-03-31,329757.8188175697
274680,2021-04-30,334513.263964731
274680,2021-05-31,340358.19794329413
274680,2021-06-30,346327.92933285167
274680,2021-07-31,351715.3066107451
274680,2021-08-31,355589.31854605186
274680,2021-09-30,357931.0631763879
274680,2021-10-31,360716.8392077622
274680,2021-11-30,364988.6054258724
274680,2021-12-31,370647.2097968519
274680,2022-01-31,378300.2395860753
274680,2022-02-28,386957.29013031215
274680,2022-03-31,396789.1408477361
274680,2022-04-30,406400.1015547584
274680,2022-05-31,414916.6234843604
274680,2022-06-30,422154.1396732305
274680,2022-07-31,426258.2607752068
274680,2022-08-31,427245.50349260896
274680,2022-09-30,426243.75793361897
274680,2022-10-31,425023.05569371366
274680,2022-11-30,424110.71325810783
274680,2022-12-31,423046.2548537858
274680,2023-01-31,420617.97036752506
274680,2023-02-28,418075.30040160543
274680,2023-03-31,416202.1803394759
274680,2023-04-30,415860.7239431034
274680,2023-05-31,416730.0232532011
274680,2023-06-30,417922.7125058525
274680,2023-07-31,419204.6816120461
274680,2023-08-31,420273.08115815086
274680,2023-09-30,420578.2302045109
274680,2023-10-31,420240.990028044
274680,2023-11-30,419737.5058777218
274680,2023-12-31,419469.0662670469
274680,2024-01-31,420086.02732031536
274680,2024-02-29,421039.4886975318
274680,2024-03-31,422748.4468642066
274680,2024-04-30,424139.7240723453
274680,2024-05-31,424516.4654531412
274680,2024-06-30,423904.6080785675
274680,2024-07-31,422956.45865965664
274680,2024-08-31,422649.3945498632
274680,2024-09-30,422669.5505931586
274680,2024-10-31,422858.4706697921
274680,2024-11-30,422946.1771117767
274680,2024-12-31,422810.0784225363
274680,2025-01-31,422285.16482583614
274680,2025-02-28,421288.1873482095
274680,2025-03-31,419717.93075623247
274680,2025-04-30,418010.5400050973
274680,2025-05-31,416232.3077563366
274680,2025-06-30,414348.5779645445
274680,2025-07-31,412257.33075957646
274680,2025-08-31,410619.3228153592
274680,2025-09-30,409804.2315385828
274680,2025-10-31,410025.5785629729
274680,2025-11-30,410669.1665392061
274680,2025-12-31,411562.3601865496
274680,2026-01-31,411823.0913835153
274680,2026-02-28,411720.10117673135
274680,2026-03-31,410865.1361633526
274680,2026-04-30,410020.4967020865
274680,2026-05-31,408726.1966124855
274680,2026-06-30,407660.31580060377
274680,2026-07-31,406705.9472484542
274680,2026-08-31,406685.1214040156
274702,2016-09-30,448567.22941287607
274702,2016-10-31,453014.94166531874
274702,2016-11-30,458615.6498354309
274702,2016-12-31,464270.9919433773
274702,2017-01-31,469591.8008509201
274702,2017-02-28,473837.83738131536
274702,2017-03-31,478598.8297306207
274702,2017-04-30,483515.4454322636
274702,2017-05-31,488145.1191204686
274702,2017-06-30,492936.13962444896
274702,2017-07-31,498138.2253265511
274702,2017-08-31,502937.0729582095
274702,2017-09-30,507155.5964001557
274702,2017-10-31,509546.5835699619
274702,2017-11-30,511657.911612153
274702,2017-12-31,514208.26817516674
274702,2018-01-31,517486.0259220365
274702,2018-02-28,521617.2877107893
274702,2018-03-31,527301.8054602421
274702,2018-04-30,534758.3531466578
274702,2018-05-31,542535.8416611037
274702,2018-06-30,547736.9522583015
274702,2018-07-31,551402.2235982823
274702,2018-08-31,554371.7239701191
274702,2018-09-30,557863.5280540703
274702,2018-10-31,561877.7190624624
274702,2018-11-30,566593.5988026251
274702,2018-12-31,570220.6789737368
274702,2019-01-31,571800.1357031708
274702,2019-02-28,571306.4065128068
274702,2019-03-31,570694.5092033889
274702,2019-04-30,571505.027288447
274702,2019-05-31,572532.5604956202
274702,2019-06-30,574023.3531998264
274702,2019-07-31,574104.5789497113
274702,2019-08-31,573565.9678276029
274702,2019-09-30,572449.4284424538
274702,2019-10-31,572731.2362510016
274702,2019-11-30,573611.570636169
274702,2019-12-31,574945.2470454711
274702,2020-01-31,578268.269171353
274702,2020-02-29,582036.450111641
274702,2020-03-31,585552.8735578529
274702,2020-04-30,586327.3744731474
274702,2020-05-31,587343.3784310445
274702,2020-06-30,588466.1231066063
274702,2020-07-31,589142.8893451897
274702,2020-08-31,589397.4857887328
274702,2020-09-30,591143.0449011497
274702,2020-10-31,595098.7658342355
274702,2020-11-30,600437.3267937509
274702,2020-12-31,604903.8560860874
274702,2021-01-31,607790.5084234244
274702,2021-02-28,610618.3422304256
274702,2021-03-31,613075.3355927988
274702,2021-04-30,615587.3815278928
274702,2021-05-31,618183.7152701314
274702,2021-06-30,620792.4817585986
274702,2021-07-31,625822.340056074
274702,2021-08-31,632383.7333409757
274702,2021-09-30,639455.4076247222
274702,2021-10-31,645537.0081886627
274702,2021-11-30,649505.5316215075
274702,2021-12-31,652107.4038018981
274702,2022-01-31,651689.8605698706
274702,2022-02-28,651543.9004890007
274702,2022-03-31,652916.8944561859
274702,2022-04-30,656105.3574434285
274702,2022-05-31,659843.6278494237
274702,2022-06-30,662492.3077454116
274702,2022-07-31,662210.9730982977
274702,2022-08-31,657393.6223236254
274702,2022-09-30,649722.4483616267
274702,2022-10-31,642996.9482174831
274702,2022-11-30,638768.2029310259
274702,2022-12-31,636260.8357595796
274702,2023-01-31,633827.3416776272
274702,2023-02-28,631601.8309825094
274702,2023-03-31,630644.7588458451
274702,2023-04-30,632548.8378807021
274702,2023-05-31,635336.5362071934
274702,2023-06-30,638373.7883488558
274702,2023-07-31,640493.4078090602
274702,2023-08-31,643064.8808874743
274702,2023-09-30,644326.1235235283
274702,2023-10-31,644646.6914285492
274702,2023-11-30,643052.7569545661
274702,2023-12-31,641246.6932654514
274702,2024-01-31,641996.7540768161
274702,2024-02-29,645891.0748025696
274702,2024-03-31,654009.5079252436
274702,2024-04-30,661855.2249571133
274702,2024-05-31,667515.6959484738
274702,2024-06-30,669068.3557904422
274702,2024-07-31,669144.3309655007
274702,2024-08-31,669249.695996438
274702,2024-09-30,669853.4541843889
274702,2024-10-31,668859.6859074715
274702,2024-11-30,667152.0903076177
274702,2024-12-31,666901.0260943443
274702,2025-01-31,668620.997803351
274702,2025-02-28,672188.4182807779
274702,2025-03-31,674008.7037235781
274702,2025-04-30,674672.6389704063
274702,2025-05-31,671683.1085534516
274702,2025-06-30,667489.749622542
274702,2025-07-31,661316.7692849687
274702,2025-08-31,656667.4959856061
274702,2025-09-30,654191.3059679153
274702,2025-10-31,655247.9668357386
274702,2025-11-30,658598.3261328401
274702,2025-12-31,661959.9589494994
274702,2026-01-31,665454.6074020587
274702,2026-02-28,668153.5199275282
274702,2026-03-31,670872.6939009582
274702,2026-04-30,671223.0192862544
274702,2026-05-31,669492.1044860337
274702,2026-06-30,666061.2385908294
274702,2026-07-31,663099.9106455265
274702,2026-08-31,659704.1489268997
274834,2016-09-30,123534.66069229029
274834,2016-10-31,125365.66645280548
274834,2016-11-30,127109.14992457489
274834,2016-12-31,128833.81402172748
274834,2017-01-31,130000.80875493718
274834,2017-02-28,131130.93990734508
274834,2017-03-31,132348.24904682502
274834,2017-04-30,133030.6161032262
274834,2017-05-31,133338.24221213773
274834,2017-06-30,133563.38990613524
274834,2017-07-31,133887.27588763586
274834,2017-08-31,134277.8402642404
274834,2017-09-30,134679.0894301825
274834,2017-10-31,135356.73802228074
274834,2017-11-30,136562.52982882518
274834,2017-12-31,137911.37256423148
274834,2018-01-31,139520.03364517624
274834,2018-02-28,141096.94261960537
274834,2018-03-31,142960.60931476858
274834,2018-04-30,144672.67453811807
274834,2018-05-31,145550.27558807345
274834,2018-06-30,145529.62595524362
274834,2018-07-31,145015.89524906487
274834,2018-08-31,144922.7136729836
274834,2018-09-30,145229.70382941692
274834,2018-10-31,146082.03646771275
274834,2018-11-30,147028.92359457174
274834,2018-12-31,148325.33124639557
274834,2019-01-31,150112.65290523518
274834,2019-02-28,152187.62602465475
274834,2019-03-31,154106.20164049222
274834,2019-04-30,154878.8940345636
274834,2019-05-31,155168.1060308068
274834,2019-06-30,155464.81723955963
274834,2019-07-31,156416.42237097106
274834,2019-08-31,157792.0677143299
274834,2019-09-30,159080.55024843756
274834,2019-10-31,160281.24709543318
274834,2019-11-30,161649.8181545709
274834,2019-12-31,163263.4840826379
274834,2020-01-31,165260.90374241633
274834,2020-02-29,167364.98529689095
274834,2020-03-31,169756.47778167124
274834,2020-04-30,171765.57066531165
274834,2020-05-31,172682.38300504847
274834,2020-06-30,172376.24423574164
274834,2020-07-31,171734.40592931394
274834,2020-08-31,171845.0491877958
274834,2020-09-30,173195.28895566415
274834,2020-10-31,175681.78181684995
274834,2020-11-30,178861.53141334982
274834,2020-12-31,182247.33833173828
274834,2021-01-31,185145.7375472609
274834,2021-02-28,187946.0430983087
274834,2021-03-31,190634.11622151444
274834,2021-04-30,193555.5520922351
274834,2021-05-31,196559.54789924083
274834,2021-06-30,198905.89261408104
274834,2021-07-31,199091.27844703675
274834,2021-08-31,196361.1112747969
274834,2021-09-30,191773.36012069625
274834,2021-10-31,187934.85789572867
274834,2021-11-30,186017.8799818454
274834,2021-12-31,185824.8692135508
274834,2022-01-31,188504.8240639226
274834,2022-02-28,193258.60027568665
274834,2022-03-31,199474.2832016766
274834,2022-04-30,204520.7118596676
274834,2022-05-31,208041.06443144332
274834,2022-06-30,210357.2399697974
274834,2022-07-31,210630.75054621705
274834,2022-08-31,209360.72018160857
274834,2022-09-30,207695.70652753604
274834,2022-10-31,206819.691717404
274834,2022-11-30,206214.3524801193
274834,2022-12-31,203948.85470348157
274834,2023-01-31,199955.4202966753
274834,2023-02-28,195776.35387633808
274834,2023-03-31,193087.0860637525
274834,2023-04-30,192250.07506588465
274834,2023-05-31,192928.7023449596
274834,2023-06-30,193998.31581477867
274834,2023-07-31,195151.25040545524
274834,2023-08-31,195652.8374071906
274834,2023-09-30,195460.8977005227
274834,2023-10-31,194598.8799470003
274834,2023-11-30,193035.4565110933
274834,2023-12-31,192081.8446385821
274834,2024-01-31,191639.1211058477
274834,2024-02-29,191985.03246508128
274834,2024-03-31,192601.2078527572
274834,2024-04-30,194154.42689862577
274834,2024-05-31,195826.6922468238
274834,2024-06-30,197340.17642724345
274834,2024-07-31,198026.17613887065
274834,2024-08-31,198654.229776632
274834,2024-09-30,198891.9935022283
274834,2024-10-31,199098.65084260784
274834,2024-11-30,199082.11389524743
274834,2024-12-31,199975.6477963437
274834,2025-01-31,200169.4728098713
274834,2025-02-28,199926.68699640405
274834,2025-03-31,199242.46642402784
274834,2025-04-30,199818.22998420591
274834,2025-05-31,201643.83756825235
274834,2025-06-30,203245.1856729032
274834,2025-07-31,204465.91765021728
274834,2025-08-31,205238.06773864696
274834,2025-09-30,206390.004100408
274834,2025-10-31,207585.44813452577
274834,2025-11-30,208560.98069006385
274834,2025-12-31,209352.46899322976
274834,2026-01-31,210268.0898258948
274834,2026-02-28,210646.17684871648
274834,2026-03-31,210240.3929071223
274834,2026-04-30,208911.3582781118
274834,2026-05-31,207959.9679695563
274834,2026-06-30,207814.0650234938
274834,2026-07-31,208475.727672808
274834,2026-08-31,209477.0292496979
275081,2016-09-30,599422.4709386938
275081,2016-10-31,601282.1832731415
275081,2016-11-30,603251.8352859799
275081,2016-12-31,606617.0834985316
275081,2017-01-31,608474.260281735
275081,2017-02-28,610460.1051132364
275081,2017-03-31,611919.421040574
275081,2017-04-30,614013.695054112
275081,2017-05-31,615153.9447231352
275081,2017-06-30,615481.5573475062
275081,2017-07-31,615416.3138341672
275081,2017-08-31,616390.5447546374
275081,2017-09-30,617385.4645982875
275081,2017-10-31,618974.2945724359
275081,2017-11-30,619773.2937237474
275081,2017-12-31,621971.2892410074
275081,2018-01-31,624076.873002785
275081,2018-02-28,626385.2438156111
275081,2018-03-31,629363.746875265
275081,2018-04-30,632568.6055737888
275081,2018-05-31,636204.3431116822
275081,2018-06-30,637687.9722847702
275081,2018-07-31,639866.5358172931
275081,2018-08-31,641988.2204358905
275081,2018-09-30,643859.6887309375
275081,2018-10-31,644716.4085340962
275081,2018-11-30,645790.5122457728
275081,2018-12-31,647766.8221156743
275081,2019-01-31,650097.6246905364
275081,2019-02-28,653300.1345853877
275081,2019-03-31,657674.8712295233
275081,2019-04-30,662453.6766390054
275081,2019-05-31,665504.4653978666
275081,2019-06-30,667784.8284325412
275081,2019-07-31,670008.3176404028
275081,2019-08-31,672704.3824947368
275081,2019-09-30,675461.8042851584
275081,2019-10-31,677971.3853051178
275081,2019-11-30,681071.3712470869
275081,2019-12-31,684684.1999391479
275081,2020-01-31,691526.7137377815
275081,2020-02-29,702036.2332628191
275081,2020-03-31,713643.1339935168
275081,2020-04-30,723617.77526843
275081,2020-05-31,727137.4146041303
275081,2020-06-30,726630.4959898823
275081,2020-07-31,724033.1909637358
275081,2020-08-31,725496.8226295983
275081,2020-09-30,731580.1362421253
275081,2020-10-31,739581.1763676628
275081,2020-11-30,747300.1224480799
275081,2020-12-31,752297.8107915506
275081,2021-01-31,756068.7351130982
275081,2021-02-28,760356.9403718868
275081,2021-03-31,766252.4620505472
275081,2021-04-30,772985.2556163926
275081,2021-05-31,779867.8827901665
275081,2021-06-30,784500.396866286
275081,2021-07-31,784260.831834691
275081,2021-08-31,780004.6906166138
275081,2021-09-30,773587.6182951402
275081,2021-10-31,770212.2124678943
275081,2021-11-30,769833.3784440225
275081,2021-12-31,772181.1953694274
275081,2022-01-31,776553.7749794559
275081,2022-02-28,782882.5883403723
275081,2022-03-31,793381.4712544325
275081,2022-04-30,804336.3723513469
275081,2022-05-31,813897.9374940633
275081,2022-06-30,816884.163882234
275081,2022-07-31,811736.555188768
275081,2022-08-31,800259.3058599127
275081,2022-09-30,787850.654485772
275081,2022-10-31,780539.3284740057
275081,2022-11-30,778730.1506141579
275081,2022-12-31,779252.8242055522
275081,2023-01-31,779731.6183062011
275081,2023-02-28,781235.3253633054
275081,2023-03-31,783166.8754072901
275081,2023-04-30,788810.0840135462
275081,2023-05-31,794001.9718502
275081,2023-06-30,801369.9348116728
275081,2023-07-31,806149.2802894929
275081,2023-08-31,809355.2320662824
275081,2023-09-30,809582.270276788
275081,2023-10-31,809146.973420597
275081,2023-11-30,808576.9857491598
275081,2023-12-31,808797.6383629357
275081,2024-01-31,809989.6364742769
275081,2024-02-29,813461.975763319
275081,2024-03-31,819897.3333427869
275081,2024-04-30,826809.1018161621
275081,2024-05-31,832806.3943645906
275081,2024-06-30,835080.4209621102
275081,2024-07-31,835569.0387243695
275081,2024-08-31,834604.247012677
275081,2024-09-30,835962.251504112
275081,2024-10-31,838361.5215596557
275081,2024-11-30,840971.7681105398
275081,2024-12-31,843491.0375691565
275081,2025-01-31,846391.6700608869
275081,2025-02-28,849043.2126273382
275081,2025-03-31,850292.1372825376
275081,2025-04-30,851712.7554082432
275081,2025-05-31,852374.3600715814
275081,2025-06-30,852663.4486855067
275081,2025-07-31,851496.9143767824
275081,2025-08-31,850309.7366039758
275081,2025-09-30,850351.8481156314
275081,2025-10-31,852154.0797140105
275081,2025-11-30,855383.1274561876
275081,2025-12-31,857428.6058195062
275081,2026-01-31,859180.0699873419
275081,2026-02-28,861268.8850946507
275081,2026-03-31,864124.0548659097
275081,2026-04-30,865701.2997734109
275081,2026-05-31,867138.8175306367
275081,2026-06-30,869226.0640339591
275081,2026-07-31,872554.1506126313
275081,2026-08-31,876517.4802777037
275083,2016-09-30,258543.76002255623
275083,2016-10-31,259646.5122402887
275083,2016-11-30,261429.65664060495
275083,2016-12-31,263746.22092105105
275083,2017-01-31,265911.11916464614
275083,2017-02-28,268172.4262676989
275083,2017-03-31,270695.9161947742
275083,2017-04-30,273003.92484591046
275083,2017-05-31,274527.0223005123
275083,2017-06-30,274340.7793590094
275083,2017-07-31,273639.6564793701
275083,2017-08-31,272819.38676842564
275083,2017-09-30,273692.357043578
275083,2017-10-31,275457.9968396213
275083,2017-11-30,277693.0433245259
275083,2017-12-31,279994.39248361206
275083,2018-01-31,282615.1001289151
275083,2018-02-28,285405.26033672405
275083,2018-03-31,288390.5910967417
275083,2018-04-30,290761.3751051547
275083,2018-05-31,292479.37998895446
275083,2018-06-30,292685.0588610263
275083,2018-07-31,292181.74914754124
275083,2018-08-31,291438.796113686
275083,2018-09-30,290782.0188573972
275083,2018-10-31,290657.22616550256
275083,2018-11-30,290495.64264268527
275083,2018-12-31,290808.6193369757
275083,2019-01-31,291295.2888291743
275083,2019-02-28,292944.032081169
275083,2019-03-31,294860.0164623373
275083,2019-04-30,296673.246106009
275083,2019-05-31,297024.3561628396
275083,2019-06-30,296769.7254345601
275083,2019-07-31,295628.5584788763
275083,2019-08-31,294348.03272976755
275083,2019-09-30,292768.3500378434
275083,2019-10-31,291926.8575381386
275083,2019-11-30,291995.73396389827
275083,2019-12-31,292682.166449165
275083,2020-01-31,295333.20316980354
275083,2020-02-29,298737.06158171274
275083,2020-03-31,302495.3687320545
275083,2020-04-30,304009.58502908394
275083,2020-05-31,304048.42560965294
275083,2020-06-30,302936.9151822653
275083,2020-07-31,301856.046535312
275083,2020-08-31,301619.18065111217
275083,2020-09-30,303491.9142322915
275083,2020-10-31,307106.85812184674
275083,2020-11-30,311695.80054872675
275083,2020-12-31,316139.99140900414
275083,2021-01-31,320267.3502273208
275083,2021-02-28,325220.6693177518
275083,2021-03-31,330617.39411064185
275083,2021-04-30,335803.84301284497
275083,2021-05-31,339717.45729653846
275083,2021-06-30,342529.5786547139
275083,2021-07-31,344233.62375956244
275083,2021-08-31,344379.2023541711
275083,2021-09-30,342947.88266476995
275083,2021-10-31,341320.7517574718
275083,2021-11-30,340128.7643918895
275083,2021-12-31,339898.4282617996
275083,2022-01-31,340780.82306066336
275083,2022-02-28,343770.4479720454
275083,2022-03-31,348932.8797514009
275083,2022-04-30,354420.7810728412
275083,2022-05-31,357775.5942011448
275083,2022-06-30,359296.73817539803
275083,2022-07-31,358302.0402209368
275083,2022-08-31,356142.6458520487
275083,2022-09-30,352376.777879515
275083,2022-10-31,349490.4311829955
275083,2022-11-30,347797.65440128325
275083,2022-12-31,346997.72704203054
275083,2023-01-31,345502.76995121286
275083,2023-02-28,345042.5826437613
275083,2023-03-31,345798.800830661
275083,2023-04-30,348567.47353619186
275083,2023-05-31,351023.9856740153
275083,2023-06-30,353852.2408331547
275083,2023-07-31,356536.3572273317
275083,2023-08-31,359181.16167456616
275083,2023-09-30,360912.1610052176
275083,2023-10-31,361960.1049652053
275083,2023-11-30,362770.1054031987
275083,2023-12-31,363142.7633571277
275083,2024-01-31,363473.3147795801
275083,2024-02-29,364921.7625622332
275083,2024-03-31,368109.7312758853
275083,2024-04-30,372186.16639237007
275083,2024-05-31,375208.6245972132
275083,2024-06-30,376951.5926679421
275083,2024-07-31,378054.0787352521
275083,2024-08-31,378997.9357003464
275083,2024-09-30,380038.46161984646
275083,2024-10-31,380690.2600954704
275083,2024-11-30,382172.4336352849
275083,2024-12-31,383775.74830013554
275083,2025-01-31,385072.125698872
275083,2025-02-28,386089.9341776111
275083,2025-03-31,386854.6037443985
275083,2025-04-30,388372.4470974878
275083,2025-05-31,389723.8235994119
275083,2025-06-30,390790.3305337997
275083,2025-07-31,392756.6024827007
275083,2025-08-31,394522.6478708088
275083,2025-09-30,396047.7084661608
275083,2025-10-31,396906.3793809636
275083,2025-11-30,398156.8335134222
275083,2025-12-31,400803.17154133314
275083,2026-01-31,403674.272993058
275083,2026-02-28,406596.6401234946
275083,2026-03-31,408588.8140278086
275083,2026-04-30,410294.47145956295
275083,2026-05-31,411837.6677282694
275083,2026-06-30,414596.2748543027
275083,2026-07-31,418140.02377384686
275083,2026-08-31,422582.3252642584
275126,2016-09-30,295231.7791009213
275126,2016-10-31,293567.97012290737
275126,2016-11-30,291403.4161396557
275126,2016-12-31,289262.6852739122
275126,2017-01-31,290078.403988068
275126,2017-02-28,293784.5790509141
275126,2017-03-31,300376.6541179802
275126,2017-04-30,306840.103574354
275126,2017-05-31,312451.29110442166
275126,2017-06-30,316930.4227521817
275126,2017-07-31,320720.632357735
275126,2017-08-31,325241.4798892242
275126,2017-09-30,329985.15155469027
275126,2017-10-31,334453.61062728014
275126,2017-11-30,337736.5329268359
275126,2017-12-31,341274.8170033425
275126,2018-01-31,344624.90502864466
275126,2018-02-28,347535.6505325647
275126,2018-03-31,348914.65821422404
275126,2018-04-30,349993.35759788536
275126,2018-05-31,351703.9659914619
275126,2018-06-30,354221.0829871495
275126,2018-07-31,356874.4038184332
275126,2018-08-31,359353.0641137132
275126,2018-09-30,361461.2956762938
275126,2018-10-31,363462.52234732994
275126,2018-11-30,364670.3983899719
275126,2018-12-31,365876.1154176152
275126,2019-01-31,366504.3798579576
275126,2019-02-28,367419.28133185534
275126,2019-03-31,367767.5932491976
275126,2019-04-30,368129.8535683034
275126,2019-05-31,367511.3289071663
275126,2019-06-30,367340.698650141
275126,2019-07-31,367982.168169721
275126,2019-08-31,369619.9885159725
275126,2019-09-30,371863.1264348736
275126,2019-10-31,373786.5323426774
275126,2019-11-30,376218.1754622439
275126,2019-12-31,378290.8650578198
275126,2020-01-31,380373.5284637441
275126,2020-02-29,381970.6127410224
275126,2020-03-31,383814.0204683896
275126,2020-04-30,385497.96536742686
275126,2020-05-31,386308.86984485993
275126,2020-06-30,386398.1020494967
275126,2020-07-31,387635.3428928864
275126,2020-08-31,391365.98918400815
275126,2020-09-30,397282.4758526422
275126,2020-10-31,404390.08354204736
275126,2020-11-30,411955.8675005704
275126,2020-12-31,420283.00907453895
275126,2021-01-31,428027.4633434889
275126,2021-02-28,435496.46695157856
275126,2021-03-31,442572.2818665188
275126,2021-04-30,449950.2689046007
275126,2021-05-31,458010.18088853074
275126,2021-06-30,466132.1057176194
275126,2021-07-31,473898.6515472578
275126,2021-08-31,479664.9810631799
275126,2021-09-30,482975.5111296975
275126,2021-10-31,485669.931780231
275126,2021-11-30,489567.75743375765
275126,2021-12-31,495425.2102411908
275126,2022-01-31,502790.946582725
275126,2022-02-28,511844.72454266174
275126,2022-03-31,522175.81323134486
275126,2022-04-30,533144.7249055473
275126,2022-05-31,542428.0875892771
275126,2022-06-30,549098.7530892423
275126,2022-07-31,552673.1607397891
275126,2022-08-31,552973.7599094746
275126,2022-09-30,550877.5178956161
275126,2022-10-31,548161.9657494533
275126,2022-11-30,545686.3401839474
275126,2022-12-31,543847.5806934735
275126,2023-01-31,540023.6083775811
275126,2023-02-28,535640.0431083579
275126,2023-03-31,532629.3287451732
275126,2023-04-30,532579.9618134467
275126,2023-05-31,535374.88600193
275126,2023-06-30,539217.0147337051
275126,2023-07-31,544181.5657983185
275126,2023-08-31,549570.8941554278
275126,2023-09-30,554819.3074512859
275126,2023-10-31,559672.6171024743
275126,2023-11-30,563959.2003093063
275126,2023-12-31,568424.4263701317
275126,2024-01-31,572059.3132721602
275126,2024-02-29,575080.3146171214
275126,2024-03-31,578211.3009939663
275126,2024-04-30,582282.8799606176
275126,2024-05-31,587070.0537852062
275126,2024-06-30,590967.7020466096
275126,2024-07-31,593992.0208255063
275126,2024-08-31,595570.3566405335
275126,2024-09-30,596291.7269272842
275126,2024-10-31,596233.2035196061
275126,2024-11-30,596887.5310323414
275126,2024-12-31,597483.4807593198
275126,2025-01-31,596847.3971825779
275126,2025-02-28,595234.0220010051
275126,2025-03-31,592054.8890647
275126,2025-04-30,589330.4151638128
275126,2025-05-31,585587.3488099063
275126,2025-06-30,582399.8049513127
275126,2025-07-31,579272.8678001505
275126,2025-08-31,576951.3045776054
275126,2025-09-30,575655.6116748
275126,2025-10-31,575825.580641434
275126,2025-11-30,577215.9962356422
275126,2025-12-31,579331.5620001426
275126,2026-01-31,581136.58004949
275126,2026-02-28,582565.6031661617
275126,2026-03-31,583158.6202513314
275126,2026-04-30,582364.2999658046
275126,2026-05-31,580791.9284964631
275126,2026-06-30,579055.2719188352
275126,2026-07-31,578763.4963647219
275126,2026-08-31,579235.4952667768
275328,2016-09-30,425659.9221568137
275328,2016-10-31,426503.4768306049
275328,2016-11-30,428054.1975645285
275328,2016-12-31,430614.92256441753
275328,2017-01-31,432538.0499824118
275328,2017-02-28,434243.26043295255
275328,2017-03-31,435296.5639199568
275328,2017-04-30,436344.79886838
275328,2017-05-31,436880.2557502552
275328,2017-06-30,437318.6260490432
275328,2017-07-31,437636.2925096241
275328,2017-08-31,438487.09426194656
275328,2017-09-30,439160.216852248
275328,2017-10-31,440679.84403069183
275328,2017-11-30,442038.709979796
275328,2017-12-31,444421.0776307648
275328,2018-01-31,445837.985500036
275328,2018-02-28,446960.6259195908
275328,2018-03-31,448040.4757814847
275328,2018-04-30,449894.02381799865
275328,2018-05-31,452546.02409064845
275328,2018-06-30,454041.8402848835
275328,2018-07-31,455794.0810793521
275328,2018-08-31,456845.1475460059
275328,2018-09-30,457681.8125009735
275328,2018-10-31,457746.07669698953
275328,2018-11-30,458002.6370394207
275328,2018-12-31,458975.1558479676
275328,2019-01-31,460062.2818888234
275328,2019-02-28,462113.4927526208
275328,2019-03-31,464962.8738144495
275328,2019-04-30,468880.39048919926
275328,2019-05-31,471863.2377483866
275328,2019-06-30,474309.6664965202
275328,2019-07-31,476323.50702045934
275328,2019-08-31,478578.5343661687
275328,2019-09-30,481085.7587772344
275328,2019-10-31,483368.4945810344
275328,2019-11-30,486158.8528402459
275328,2019-12-31,489560.5958094776
275328,2020-01-31,494416.26216808736
275328,2020-02-29,500208.7962224138
275328,2020-03-31,505749.1983138497
275328,2020-04-30,509927.84801376535
275328,2020-05-31,511140.0057834787
275328,2020-06-30,510859.03634745977
275328,2020-07-31,510541.3517909332
275328,2020-08-31,513221.6939195258
275328,2020-09-30,518411.8550709047
275328,2020-10-31,524676.6758416723
275328,2020-11-30,530800.6922078496
275328,2020-12-31,535555.3229632159
275328,2021-01-31,539686.4515204823
275328,2021-02-28,543718.192725828
275328,2021-03-31,548761.1036839333
275328,2021-04-30,553645.4937722347
275328,2021-05-31,557858.8350380879
275328,2021-06-30,559303.9725493323
275328,2021-07-31,557915.2530324819
275328,2021-08-31,555104.4240741814
275328,2021-09-30,552108.4211898561
275328,2021-10-31,551063.7887713081
275328,2021-11-30,550938.7564707535
275328,2021-12-31,552200.6732021569
275328,2022-01-31,554518.9714364641
275328,2022-02-28,558054.6645423678
275328,2022-03-31,563969.349414491
275328,2022-04-30,569847.6904719452
275328,2022-05-31,575318.2589296531
275328,2022-06-30,577543.1370063497
275328,2022-07-31,575507.8199131227
275328,2022-08-31,569821.9423985701
275328,2022-09-30,562836.0606176489
275328,2022-10-31,558500.0497891321
275328,2022-11-30,556181.856753517
275328,2022-12-31,554738.329926626
275328,2023-01-31,553568.7016386618
275328,2023-02-28,553343.8707441242
275328,2023-03-31,554204.8381997261
275328,2023-04-30,557395.692161489
275328,2023-05-31,561690.9064947854
275328,2023-06-30,567721.9486770727
275328,2023-07-31,572160.0168137167
275328,2023-08-31,575117.9751694286
275328,2023-09-30,575734.4118292792
275328,2023-10-31,575718.4659298408
275328,2023-11-30,575433.288604926
275328,2023-12-31,575050.3601158567
275328,2024-01-31,575248.4865047706
275328,2024-02-29,577372.376059084
275328,2024-03-31,582402.6450515919
275328,2024-04-30,587753.2177975988
275328,2024-05-31,591807.4770423236
275328,2024-06-30,592924.7075720454
275328,2024-07-31,593248.3260833415
275328,2024-08-31,592756.1322374523
275328,2024-09-30,593521.9768085295
275328,2024-10-31,594773.8496777503
275328,2024-11-30,596383.8146300372
275328,2024-12-31,598097.888910333
275328,2025-01-31,599481.4920502488
275328,2025-02-28,600454.3497155911
275328,2025-03-31,599582.0092766044
275328,2025-04-30,598133.5999256739
275328,2025-05-31,595029.3739228928
275328,2025-06-30,592233.6152020436
275328,2025-07-31,589971.8906326076
275328,2025-08-31,589109.4796286275
275328,2025-09-30,589125.4368257705
275328,2025-10-31,589485.1707311136
275328,2025-11-30,590073.2754359271
275328,2025-12-31,590806.0445232821
275328,2026-01-31,592022.0038200788
275328,2026-02-28,593585.6488676417
275328,2026-03-31,594839.5132886987
275328,2026-04-30,594115.3624318914
275328,2026-05-31,592931.3825318025
275328,2026-06-30,591983.6268026935
275328,2026-07-31,592379.364996474
275328,2026-08-31,593162.3084344609
275424,2016-09-30,421553.28820499824
275424,2016-10-31,425383.3672041371
275424,2016-11-30,430715.9894584718
275424,2016-12-31,435794.4640667305
275424,2017-01-31,440074.8301615619
275424,2017-02-28,443450.0012599958
275424,2017-03-31,447422.99198280834
275424,2017-04-30,452118.2150135439
275424,2017-05-31,456613.2229126564
275424,2017-06-30,460926.9579335728
275424,2017-07-31,465119.972165232
275424,2017-08-31,468777.5556349016
275424,2017-09-30,472292.7301139535
275424,2017-10-31,474818.9111546513
275424,2017-11-30,477581.86695790925
275424,2017-12-31,480368.869708868
275424,2018-01-31,483825.67538710457
275424,2018-02-28,487945.0068153667
275424,2018-03-31,492478.64754123567
275424,2018-04-30,497519.1774010169
275424,2018-05-31,502409.5580911308
275424,2018-06-30,505936.5161844835
275424,2018-07-31,508719.94359741086
275424,2018-08-31,511174.68246763694
275424,2018-09-30,514359.43075664615
275424,2018-10-31,517361.5461143176
275424,2018-11-30,520185.84691618127
275424,2018-12-31,521712.9263815052
275424,2019-01-31,522094.26078938047
275424,2019-02-28,521669.47566479136
275424,2019-03-31,522020.1526281789
275424,2019-04-30,523730.9699278218
275424,2019-05-31,525405.0148755567
275424,2019-06-30,526989.2205546595
275424,2019-07-31,527830.2126721983
275424,2019-08-31,528528.3284100683
275424,2019-09-30,529193.5528851937
275424,2019-10-31,531528.9086308152
275424,2019-11-30,534857.0265486339
275424,2019-12-31,538018.8329377435
275424,2020-01-31,541808.1344752609
275424,2020-02-29,545242.242593504
275424,2020-03-31,548873.865204601
275424,2020-04-30,550286.6708489713
275424,2020-05-31,551681.1433817903
275424,2020-06-30,552201.3995846247
275424,2020-07-31,553290.4916302051
275424,2020-08-31,555209.7437946025
275424,2020-09-30,559639.9871687902
275424,2020-10-31,566094.8318885787
275424,2020-11-30,573858.458818944
275424,2020-12-31,581204.9631438926
275424,2021-01-31,586790.0093702496
275424,2021-02-28,591746.361802379
275424,2021-03-31,596408.1486165874
275424,2021-04-30,601124.5452774641
275424,2021-05-31,605496.4279061324
275424,2021-06-30,609220.66816474
275424,2021-07-31,613083.9602835929
275424,2021-08-31,615850.5650532121
275424,2021-09-30,617786.3884853153
275424,2021-10-31,619189.0587330327
275424,2021-11-30,620622.4898014865
275424,2021-12-31,621937.1936264093
275424,2022-01-31,623997.1519322501
275424,2022-02-28,628677.1578234509
275424,2022-03-31,636441.1163346758
275424,2022-04-30,644495.3631258884
275424,2022-05-31,651620.7211182901
275424,2022-06-30,656250.9141603472
275424,2022-07-31,656426.3773617725
275424,2022-08-31,651369.9492831946
275424,2022-09-30,642957.0091439761
275424,2022-10-31,636075.7291939724
275424,2022-11-30,631669.4687819799
275424,2022-12-31,629073.836689915
275424,2023-01-31,626395.1428360394
275424,2023-02-28,623660.8393731955
275424,2023-03-31,623027.1576060397
275424,2023-04-30,625443.1621749272
275424,2023-05-31,629714.3768454104
275424,2023-06-30,633825.0431528275
275424,2023-07-31,637247.6063451868
275424,2023-08-31,640659.0758624644
275424,2023-09-30,642427.4928633688
275424,2023-10-31,643293.2782746232
275424,2023-11-30,642908.8882790391
275424,2023-12-31,643246.1873685094
275424,2024-01-31,644517.3997759734
275424,2024-02-29,647260.9834456495
275424,2024-03-31,652426.6106603114
275424,2024-04-30,658299.975070558
275424,2024-05-31,663346.0804689793
275424,2024-06-30,665711.9688814621
275424,2024-07-31,667044.0771996944
275424,2024-08-31,668221.8069519503
275424,2024-09-30,669795.0243291204
275424,2024-10-31,670364.1109227982
275424,2024-11-30,670742.0582713113
275424,2024-12-31,672465.1037385288
275424,2025-01-31,674908.5656950412
275424,2025-02-28,677662.6289832675
275424,2025-03-31,678471.0754486405
275424,2025-04-30,678088.2332042417
275424,2025-05-31,675755.6877978976
275424,2025-06-30,673243.5058327232
275424,2025-07-31,670380.8796692147
275424,2025-08-31,668974.7164807995
275424,2025-09-30,668337.325069592
275424,2025-10-31,668935.2315583715
275424,2025-11-30,670102.0825487069
275424,2025-12-31,671550.3412703024
275424,2026-01-31,674200.2892126535
275424,2026-02-28,676170.7167115865
275424,2026-03-31,677832.5669221511
275424,2026-04-30,676955.2893097838
275424,2026-05-31,674784.7112180477
275424,2026-06-30,671034.5052675218
275424,2026-07-31,668670.1549524822
275424,2026-08-31,667603.3892498823
275429,2016-09-30,929144.1776143172
275429,2016-10-31,933733.4541884282
275429,2016-11-30,940670.5860220972
275429,2016-12-31,951935.476579879
275429,2017-01-31,957981.0855189856
275429,2017-02-28,964915.0842950256
275429,2017-03-31,971252.1580821406
275429,2017-04-30,983044.9176431554
275429,2017-05-31,992125.83942176
275429,2017-06-30,1001494.4701064584
275429,2017-07-31,1009868.4620206752
275429,2017-08-31,1017744.5256804732
275429,2017-09-30,1022252.21720233
275429,2017-10-31,1018118.258473448
275429,2017-11-30,1007663.848700634
275429,2017-12-31,997790.3452831316
275429,2018-01-31,991449.4974139044
275429,2018-02-28,990026.2377124513
275429,2018-03-31,993553.2400569404
275429,2018-04-30,1000043.1068081814
275429,2018-05-31,1008271.6017620104
275429,2018-06-30,1011986.5907401604
275429,2018-07-31,1016008.6346080068
275429,2018-08-31,1020108.5553513028
275429,2018-09-30,1023928.352910677
275429,2018-10-31,1025478.5914753329
275429,2018-11-30,1024859.6456459597
275429,2018-12-31,1023540.580306292
275429,2019-01-31,1021336.1850102484
275429,2019-02-28,1017726.8985861456
275429,2019-03-31,1016314.071988502
275429,2019-04-30,1018283.6929078392
275429,2019-05-31,1021808.108498394
275429,2019-06-30,1024956.7705726592
275429,2019-07-31,1027157.4411176844
275429,2019-08-31,1028486.4708123264
275429,2019-09-30,1027656.0445959092
275429,2019-10-31,1026611.2660358005
275429,2019-11-30,1025807.4090943978
275429,2019-12-31,1024796.6280230312
275429,2020-01-31,1027556.9336337312
275429,2020-02-29,1031832.8497373128
275429,2020-03-31,1037596.9964833368
275429,2020-04-30,1039170.8134368584
275429,2020-05-31,1039963.487979319
275429,2020-06-30,1038601.0505118512
275429,2020-07-31,1036222.135176021
275429,2020-08-31,1032070.2693927976
275429,2020-09-30,1030319.3381383911
275429,2020-10-31,1029039.6172305648
275429,2020-11-30,1031143.0287260432
275429,2020-12-31,1031509.1194345298
275429,2021-01-31,1029887.0647793156
275429,2021-02-28,1027973.9647737844
275429,2021-03-31,1026265.7341094236
275429,2021-04-30,1026856.0616075916
275429,2021-05-31,1027010.3072227864
275429,2021-06-30,1029396.362925124
275429,2021-07-31,1032984.0655303772
275429,2021-08-31,1037460.6726282164
275429,2021-09-30,1040301.4488666276
275429,2021-10-31,1045115.088012718
275429,2021-11-30,1051786.3716764918
275429,2021-12-31,1059740.041626775
275429,2022-01-31,1065003.2571784204
275429,2022-02-28,1070972.7829006857
275429,2022-03-31,1079610.073055747
275429,2022-04-30,1089670.458572365
275429,2022-05-31,1097670.1468120173
275429,2022-06-30,1103063.7925121116
275429,2022-07-31,1104921.569288856
275429,2022-08-31,1101296.9545985125
275429,2022-09-30,1091823.72180092
275429,2022-10-31,1082726.826408523
275429,2022-11-30,1077000.774333046
275429,2022-12-31,1073696.2546314292
275429,2023-01-31,1070689.581960911
275429,2023-02-28,1066464.5678912385
275429,2023-03-31,1063002.8456429914
275429,2023-04-30,1061261.7100820204
275429,2023-05-31,1060712.1939888834
275429,2023-06-30,1061854.2780980037
275429,2023-07-31,1062728.1274951715
275429,2023-08-31,1063550.7674227627
275429,2023-09-30,1064151.9255260436
275429,2023-10-31,1062979.595774438
275429,2023-11-30,1061926.3808364028
275429,2023-12-31,1058914.7910169968
275429,2024-01-31,1056491.3309548022
275429,2024-02-29,1054687.191465021
275429,2024-03-31,1056991.6692756154
275429,2024-04-30,1062060.035312377
275429,2024-05-31,1066154.5838237174
275429,2024-06-30,1067061.4750457348
275429,2024-07-31,1067356.8193233712
275429,2024-08-31,1068571.8507895176
275429,2024-09-30,1072648.5979870546
275429,2024-10-31,1074258.530995459
275429,2024-11-30,1075021.6068054235
275429,2024-12-31,1075122.254885645
275429,2025-01-31,1075880.2848728842
275429,2025-02-28,1077575.6536216503
275429,2025-03-31,1076565.5942533116
275429,2025-04-30,1075358.6163724812
275429,2025-05-31,1071688.6346809347
275429,2025-06-30,1066868.9178013557
275429,2025-07-31,1060915.3955181483
275429,2025-08-31,1059088.3863788524
275429,2025-09-30,1061433.5148440483
275429,2025-10-31,1067266.1662764212
275429,2025-11-30,1072868.4690021602
275429,2025-12-31,1078141.2174281934
275429,2026-01-31,1082853.656829235
275429,2026-02-28,1085263.38784941
275429,2026-03-31,1086467.7360031127
275429,2026-04-30,1083964.688005387
275429,2026-05-31,1081436.4624648364
275429,2026-06-30,1078875.2734276515
275429,2026-07-31,1079790.6624160046
275429,2026-08-31,1080574.672045315
275467,2016-09-30,168648.19102787337
275467,2016-10-31,170164.25524899154
275467,2016-11-30,171728.25703384352
275467,2016-12-31,173274.4247805531
275467,2017-01-31,174857.34798223714
275467,2017-02-28,176582.9691775757
275467,2017-03-31,178339.06560271632
275467,2017-04-30,180198.74379673312
275467,2017-05-31,181920.1069306629
275467,2017-06-30,183635.11220931224
275467,2017-07-31,185022.28822322664
275467,2017-08-31,186232.5805886904
275467,2017-09-30,187368.3335200716
275467,2017-10-31,188747.38916188636
275467,2017-11-30,190569.93561896143
275467,2017-12-31,192690.1195625024
275467,2018-01-31,194893.82830162244
275467,2018-02-28,197008.07309948877
275467,2018-03-31,198836.1457545252
275467,2018-04-30,200442.3449822409
275467,2018-05-31,201923.58689269007
275467,2018-06-30,203241.2555401763
275467,2018-07-31,204667.83699360047
275467,2018-08-31,205719.38255078965
275467,2018-09-30,206530.09356133823
275467,2018-10-31,206987.39397496937
275467,2018-11-30,207519.82898338663
275467,2018-12-31,208378.2654159241
275467,2019-01-31,209501.9585718393
275467,2019-02-28,210757.3072511579
275467,2019-03-31,211849.9441969978
275467,2019-04-30,212668.18196735776
275467,2019-05-31,213347.66799446056
275467,2019-06-30,213978.29913842469
275467,2019-07-31,214607.7351745841
275467,2019-08-31,215304.37891915263
275467,2019-09-30,216036.5604114216
275467,2019-10-31,216956.55268969695
275467,2019-11-30,218106.7011284092
275467,2019-12-31,219447.62923684332
275467,2020-01-31,220933.2990387352
275467,2020-02-29,222304.2215135696
275467,2020-03-31,223607.02484057983
275467,2020-04-30,224448.9047864853
275467,2020-05-31,224744.5316546473
275467,2020-06-30,224944.3408026291
275467,2020-07-31,225614.1343857192
275467,2020-08-31,227033.09391155076
275467,2020-09-30,229282.68317780315
275467,2020-10-31,232102.0169165584
275467,2020-11-30,235637.6102873996
275467,2020-12-31,239253.85313347925
275467,2021-01-31,242920.90936559616
275467,2021-02-28,246443.5177692941
275467,2021-03-31,250384.39879579836
275467,2021-04-30,254723.3648912044
275467,2021-05-31,259867.93359738155
275467,2021-06-30,265283.2617223741
275467,2021-07-31,270275.4495751864
275467,2021-08-31,274123.2207349373
275467,2021-09-30,277069.3480340541
275467,2021-10-31,280273.5433046999
275467,2021-11-30,284264.464964303
275467,2021-12-31,288862.3896620598
275467,2022-01-31,295101.1160991162
275467,2022-02-28,302915.334619785
275467,2022-03-31,311697.0358572807
275467,2022-04-30,320273.0314011275
275467,2022-05-31,327744.5138255851
275467,2022-06-30,334346.8152863681
275467,2022-07-31,338496.2444304939
275467,2022-08-31,339787.7837106329
275467,2022-09-30,338927.76053901686
275467,2022-10-31,337248.42988488666
275467,2022-11-30,335406.179420958
275467,2022-12-31,332967.8551026983
275467,2023-01-31,329807.0186906333
275467,2023-02-28,326855.89850030764
275467,2023-03-31,324505.3368255347
275467,2023-04-30,323147.21130760625
275467,2023-05-31,322897.9605385369
275467,2023-06-30,323531.12111185706
275467,2023-07-31,324813.13881108386
275467,2023-08-31,325992.3761865176
275467,2023-09-30,326763.6333243524
275467,2023-10-31,326935.0141977732
275467,2023-11-30,326880.0344740613
275467,2023-12-31,326882.73524201085
275467,2024-01-31,327096.0685789477
275467,2024-02-29,327348.2161231115
275467,2024-03-31,327665.3624500045
275467,2024-04-30,327990.5333269935
275467,2024-05-31,328041.1681382144
275467,2024-06-30,327824.47321276326
275467,2024-07-31,327584.528169048
275467,2024-08-31,327345.3765232137
275467,2024-09-30,327098.2214026171
275467,2024-10-31,326446.17950150074
275467,2024-11-30,325656.38225722086
275467,2024-12-31,324799.5113489768
275467,2025-01-31,324087.1198230099
275467,2025-02-28,323268.5663444631
275467,2025-03-31,321758.4061211441
275467,2025-04-30,319792.2545876865
275467,2025-05-31,317555.6239930136
275467,2025-06-30,315778.61632063374
275467,2025-07-31,314561.8972149559
275467,2025-08-31,313844.7744504042
275467,2025-09-30,313378.2294875139
275467,2025-10-31,312855.29403840523
275467,2025-11-30,312495.1555909156
275467,2025-12-31,312489.0693768414
275467,2026-01-31,312509.18870529905
275467,2026-02-28,312545.7954582638
275467,2026-03-31,312421.0220550597
275467,2026-04-30,312295.58865060686
275467,2026-05-31,311776.0593123939
275467,2026-06-30,311064.7216113784
275467,2026-07-31,310511.56235645857
275467,2026-08-31,310491.7712915539
275492,2016-09-30,203282.069109218
275492,2016-10-31,204701.31021068056
275492,2016-11-30,206282.2736470851
275492,2016-12-31,207864.82437325572
275492,2017-01-31,209291.5756072857
275492,2017-02-28,210758.44063186832
275492,2017-03-31,212285.6732240805
275492,2017-04-30,214006.4747098243
275492,2017-05-31,215630.56442848535
275492,2017-06-30,217262.9439819043
275492,2017-07-31,218624.1325470392
275492,2017-08-31,219780.28705057796
275492,2017-09-30,220959.58289781836
275492,2017-10-31,222304.03536318848
275492,2017-11-30,224072.88559635973
275492,2017-12-31,226035.1742455444
275492,2018-01-31,228084.91658690883
275492,2018-02-28,230039.71630856267
275492,2018-03-31,231810.48189782084
275492,2018-04-30,233341.17170856
275492,2018-05-31,234782.7177699715
275492,2018-06-30,236032.303051404
275492,2018-07-31,237439.9451945056
275492,2018-08-31,238384.38504607868
275492,2018-09-30,239063.6873809132
275492,2018-10-31,239352.55343363903
275492,2018-11-30,239779.24409941636
275492,2018-12-31,240484.4996864065
275492,2019-01-31,241549.27231338265
275492,2019-02-28,242890.66204456528
275492,2019-03-31,244092.02166675133
275492,2019-04-30,244843.37456695864
275492,2019-05-31,245245.94117745952
275492,2019-06-30,245575.07530678817
275492,2019-07-31,245998.8731180112
275492,2019-08-31,246514.8539856392
275492,2019-09-30,247209.5115261385
275492,2019-10-31,248162.4864942298
275492,2019-11-30,249433.92418815068
275492,2019-12-31,250817.7996207728
275492,2020-01-31,252395.2298716096
275492,2020-02-29,253929.58039061812
275492,2020-03-31,255486.4535790909
275492,2020-04-30,256400.1308048556
275492,2020-05-31,256652.28642798736
275492,2020-06-30,256784.7493985678
275492,2020-07-31,257484.2393359372
275492,2020-08-31,259006.8259049003
275492,2020-09-30,261467.36515931107
275492,2020-10-31,264465.3211192822
275492,2020-11-30,268119.03966379625
275492,2020-12-31,271802.84075414547
275492,2021-01-31,275594.1534923257
275492,2021-02-28,279288.75892998656
275492,2021-03-31,283423.66026510415
275492,2021-04-30,287919.7997361747
275492,2021-05-31,293236.2249593339
275492,2021-06-30,298717.1355124151
275492,2021-07-31,303867.12321116484
275492,2021-08-31,307674.89914536005
275492,2021-09-30,310325.84910967626
275492,2021-10-31,313120.88304270216
275492,2021-11-30,317121.06800081243
275492,2021-12-31,321930.92055043293
275492,2022-01-31,328536.20322251297
275492,2022-02-28,336289.48736612126
275492,2022-03-31,345323.02776024444
275492,2022-04-30,354256.3104363726
275492,2022-05-31,362381.4326434516
275492,2022-06-30,369422.887911028
275492,2022-07-31,373828.0512317303
275492,2022-08-31,375164.4633690492
275492,2022-09-30,374224.435933741
275492,2022-10-31,372707.3187409705
275492,2022-11-30,371188.31130649865
275492,2022-12-31,369287.2668071471
275492,2023-01-31,366246.3190578448
275492,2023-02-28,363236.3403988607
275492,2023-03-31,360760.27351455664
275492,2023-04-30,359491.4015132696
275492,2023-05-31,359435.70569921896
275492,2023-06-30,360204.9055052968
275492,2023-07-31,361485.2391425351
275492,2023-08-31,362674.444730629
275492,2023-09-30,363339.72664787015
275492,2023-10-31,363436.3055918457
275492,2023-11-30,363187.8466738369
275492,2023-12-31,362987.6605535718
275492,2024-01-31,363052.3762135967
275492,2024-02-29,363352.3547422055
275492,2024-03-31,363900.7007142587
275492,2024-04-30,364441.2111744941
275492,2024-05-31,364440.0302608505
275492,2024-06-30,364002.7510354828
275492,2024-07-31,363354.8768968613
275492,2024-08-31,363196.2317879896
275492,2024-09-30,363393.2879515469
275492,2024-10-31,363558.8843001647
275492,2024-11-30,363172.31261588586
275492,2024-12-31,362477.7421528823
275492,2025-01-31,361784.566235543
275492,2025-02-28,360894.5339576543
275492,2025-03-31,359388.6727141857
275492,2025-04-30,357634.6191818092
275492,2025-05-31,355654.6857368473
275492,2025-06-30,353619.1328231194
275492,2025-07-31,351520.14853535075
275492,2025-08-31,349990.5357818816
275492,2025-09-30,349293.9198620328
275492,2025-10-31,349206.5818097351
275492,2025-11-30,349430.6784036314
275492,2025-12-31,349930.4951299396
275492,2026-01-31,350019.82767154975
275492,2026-02-28,350052.6256206871
275492,2026-03-31,349726.16558579146
275492,2026-04-30,349645.9315266125
275492,2026-05-31,349595.21959226625
275492,2026-06-30,349665.1203277794
275492,2026-07-31,349886.86396455456
275492,2026-08-31,350473.48913804046
275950,2016-09-30,179366.35666556703
275950,2016-10-31,180950.83198595568
275950,2016-11-30,182722.97086609792
275950,2016-12-31,184395.5219765962
275950,2017-01-31,185916.10947140295
275950,2017-02-28,187294.0130463162
275950,2017-03-31,188791.90404086257
275950,2017-04-30,190562.2740798236
275950,2017-05-31,192341.2088531962
275950,2017-06-30,194067.7930106071
275950,2017-07-31,195457.06154606267
275950,2017-08-31,196647.94758243265
275950,2017-09-30,197786.4721573534
275950,2017-10-31,199183.64292353776
275950,2017-11-30,200985.46572356691
275950,2017-12-31,203076.72497566335
275950,2018-01-31,205237.00114580189
275950,2018-02-28,207337.2812662721
275950,2018-03-31,209088.24930542064
275950,2018-04-30,210486.6883059072
275950,2018-05-31,211788.67158525428
275950,2018-06-30,212974.4466833083
275950,2018-07-31,214263.6703076906
275950,2018-08-31,215109.395826682
275950,2018-09-30,215759.1232503022
275950,2018-10-31,216143.901943409
275950,2018-11-30,216784.6064126377
275950,2018-12-31,217679.4723752994
275950,2019-01-31,218893.617070833
275950,2019-02-28,220125.2132922232
275950,2019-03-31,221136.67954037923
275950,2019-04-30,221894.8042322781
275950,2019-05-31,222396.6057979877
275950,2019-06-30,222999.54707780472
275950,2019-07-31,223550.0640457828
275950,2019-08-31,224272.70115153608
275950,2019-09-30,225062.6074141677
275950,2019-10-31,226165.9912112913
275950,2019-11-30,227545.47691178613
275950,2019-12-31,229056.8446632636
275950,2020-01-31,230647.80146267015
275950,2020-02-29,232193.6442061237
275950,2020-03-31,233687.6700136796
275950,2020-04-30,234621.19622078337
275950,2020-05-31,234832.4948054741
275950,2020-06-30,234819.1544940129
275950,2020-07-31,235407.4618283369
275950,2020-08-31,236931.2817163806
275950,2020-09-30,239458.333111908
275950,2020-10-31,242454.5756406878
275950,2020-11-30,245979.97313492667
275950,2020-12-31,249482.8603839702
275950,2021-01-31,253067.6017033935
275950,2021-02-28,256515.4883280604
275950,2021-03-31,260422.01637889864
275950,2021-04-30,264487.82163483626
275950,2021-05-31,269238.8495360929
275950,2021-06-30,274034.97520278074
275950,2021-07-31,278278.85292868194
275950,2021-08-31,281035.60812262207
275950,2021-09-30,282441.1751783033
275950,2021-10-31,284114.5283735149
275950,2021-11-30,287209.63299166085
275950,2021-12-31,291281.17425138457
275950,2022-01-31,297310.2729449308
275950,2022-02-28,304412.70341866027
275950,2022-03-31,312748.0951418954
275950,2022-04-30,321006.428853602
275950,2022-05-31,328292.5941092421
275950,2022-06-30,334445.864791471
275950,2022-07-31,338078.3534739509
275950,2022-08-31,339183.71784879605
275950,2022-09-30,338557.8560222814
275950,2022-10-31,337397.29492690536
275950,2022-11-30,336275.7388650717
275950,2022-12-31,334796.88019877754
275950,2023-01-31,332393.01041411766
275950,2023-02-28,330116.8253990542
275950,2023-03-31,328352.18139318336
275950,2023-04-30,327646.3260745961
275950,2023-05-31,328010.87182711606
275950,2023-06-30,329059.8860712074
275950,2023-07-31,330509.1978994334
275950,2023-08-31,331807.830377857
275950,2023-09-30,332555.4082059356
275950,2023-10-31,332864.56576580106
275950,2023-11-30,332753.12737843045
275950,2023-12-31,332592.3863689032
275950,2024-01-31,332729.2047797697
275950,2024-02-29,333088.199666039
275950,2024-03-31,333855.5007750248
275950,2024-04-30,334542.53366386465
275950,2024-05-31,334719.7071440216
275950,2024-06-30,334333.8714582265
275950,2024-07-31,333850.6394293651
275950,2024-08-31,333641.88466833154
275950,2024-09-30,333668.0918631773
275950,2024-10-31,333399.17889019125
275950,2024-11-30,332659.6034324562
275950,2024-12-31,331757.2054040692
275950,2025-01-31,330867.22725795
275950,2025-02-28,330000.9916871034
275950,2025-03-31,328324.18065354205
275950,2025-04-30,326162.5395720652
275950,2025-05-31,323819.71910687326
275950,2025-06-30,321666.04905112606
275950,2025-07-31,320089.26426021726
275950,2025-08-31,318956.7060551807
275950,2025-09-30,318418.999922494
275950,2025-10-31,317923.69788570027
275950,2025-11-30,317761.4217447339
275950,2025-12-31,317830.9453063519
275950,2026-01-31,317643.34303145646
275950,2026-02-28,317350.12031455647
275950,2026-03-31,316986.4691509121
275950,2026-04-30,317023.2362435367
275950,2026-05-31,316801.79749214696
275950,2026-06-30,316588.6437906151
275950,2026-07-31,316145.474159885
275950,2026-08-31,316269.5433609286
276476,2016-09-30,355435.8892858538
276476,2016-10-31,351740.5086980796
276476,2016-11-30,350094.795856749
276476,2016-12-31,350469.441099336
276476,2017-01-31,356738.732499949
276476,2017-02-28,367653.0161113615
276476,2017-03-31,380707.4441849266
276476,2017-04-30,390558.025300168
276476,2017-05-31,397325.8514509461
276476,2017-06-30,402819.4901546269
276476,2017-07-31,403610.9932694241
276476,2017-08-31,401825.8134021885
276476,2017-09-30,398578.02806085633
276476,2017-10-31,399074.54654733953
276476,2017-11-30,401526.95015350246
276476,2017-12-31,405058.7532453283
276476,2018-01-31,410457.1754327466
276476,2018-02-28,417409.20290713833
276476,2018-03-31,425324.9986917278
276476,2018-04-30,432411.7882291681
276476,2018-05-31,438610.2551515452
276476,2018-06-30,443814.9995175852
276476,2018-07-31,449078.8075435348
276476,2018-08-31,455845.2536682869
276476,2018-09-30,463712.57535708806
276476,2018-10-31,472178.0157654759
276476,2018-11-30,479017.3546631332
276476,2018-12-31,483901.5586819227
276476,2019-01-31,483477.6233484047
276476,2019-02-28,479431.0338318592
276476,2019-03-31,473845.5919607112
276476,2019-04-30,469735.1757555266
276476,2019-05-31,467009.6337250217
276476,2019-06-30,464845.0220929015
276476,2019-07-31,465766.073696449
276476,2019-08-31,469816.151944967
276476,2019-09-30,477240.8850307988
276476,2019-10-31,485066.8533082718
276476,2019-11-30,492816.89966113726
276476,2019-12-31,499590.37320638605
276476,2020-01-31,502617.6166058784
276476,2020-02-29,502497.3901290856
276476,2020-03-31,501170.2295545039
276476,2020-04-30,501034.341528432
276476,2020-05-31,500429.01354101015
276476,2020-06-30,498896.7974277086
276476,2020-07-31,500290.1659290159
276476,2020-08-31,505953.8461568228
276476,2020-09-30,515845.3745106522
276476,2020-10-31,527327.5101709771
276476,2020-11-30,539700.9964006835
276476,2020-12-31,551691.5108870221
276476,2021-01-31,559072.1087466072
276476,2021-02-28,563693.785453598
276476,2021-03-31,565794.4225825034
276476,2021-04-30,569926.6445636675
276476,2021-05-31,575269.7771003557
276476,2021-06-30,581799.6071642424
276476,2021-07-31,590173.4674238851
276476,2021-08-31,597697.0819328536
276476,2021-09-30,605022.9745486048
276476,2021-10-31,611479.9499927602
276476,2021-11-30,618335.9400388933
276476,2021-12-31,625132.6383391962
276476,2022-01-31,631455.0828954908
276476,2022-02-28,637910.467750134
276476,2022-03-31,644654.3343493995
276476,2022-04-30,650915.6462206858
276476,2022-05-31,655637.1326823753
276476,2022-06-30,658545.8569128924
276476,2022-07-31,660886.8828200102
276476,2022-08-31,661177.3849995382
276476,2022-09-30,659904.5086333688
276476,2022-10-31,657564.5423576414
276476,2022-11-30,656625.6857009499
276476,2022-12-31,656008.2394515275
276476,2023-01-31,651126.9817864485
276476,2023-02-28,643185.2012373623
276476,2023-03-31,635842.603637617
276476,2023-04-30,633398.3372164002
276476,2023-05-31,635424.4333921085
276476,2023-06-30,639736.2970717615
276476,2023-07-31,647767.1760255097
276476,2023-08-31,658107.8511426233
276476,2023-09-30,668817.414702685
276476,2023-10-31,677625.5123270006
276476,2023-11-30,684927.3372674462
276476,2023-12-31,690511.871603835
276476,2024-01-31,691384.9912422011
276476,2024-02-29,688603.3370615928
276476,2024-03-31,685375.1223187642
276476,2024-04-30,685107.4006021407
276476,2024-05-31,687240.6885922706
276476,2024-06-30,689480.3263743633
276476,2024-07-31,693688.9790540691
276476,2024-08-31,699393.0152023397
276476,2024-09-30,705603.2319793844
276476,2024-10-31,710453.8593802536
276476,2024-11-30,714176.5643751974
276476,2024-12-31,717541.3798195136
276476,2025-01-31,716908.8191474009
276476,2025-02-28,712555.0596370603
276476,2025-03-31,704898.7441345528
276476,2025-04-30,697188.9363139061
276476,2025-05-31,690593.1448231979
276476,2025-06-30,686245.0315395636
276476,2025-07-31,685987.8303778815
276476,2025-08-31,687932.0184146217
276476,2025-09-30,691215.653573936
276476,2025-10-31,695599.0754330172
276476,2025-11-30,700012.629126147
276476,2025-12-31,705493.9827171308
276476,2026-01-31,708881.0021190102
276476,2026-02-28,711271.5310859393
276476,2026-03-31,711376.5588009763
276476,2026-04-30,710423.937776208
276476,2026-05-31,709587.0067202523
276476,2026-06-30,708957.7643083875
276476,2026-07-31,709459.7199328202
276476,2026-08-31,710683.2984416117
396602,2016-09-30,117872.702700596
396602,2016-10-31,119275.31613665154
396602,2016-11-30,121630.19201108358
396602,2016-12-31,123811.07801300543
396602,2017-01-31,126320.90616668048
396602,2017-02-28,129463.36804196853
396602,2017-03-31,133647.9723725857
396602,2017-04-30,137530.81945369233
396602,2017-05-31,140320.6349790483
396602,2017-06-30,142554.71009887563
396602,2017-07-31,145654.49499012585
396602,2017-08-31,148619.05005037342
396602,2017-09-30,151718.69272766894
396602,2017-10-31,153844.00899746633
396602,2017-11-30,156417.8836436861
396602,2017-12-31,159358.1460500285
396602,2018-01-31,163005.1826816211
396602,2018-02-28,166594.9191733206
396602,2018-03-31,170423.38295570677
396602,2018-04-30,173745.60568449053
396602,2018-05-31,177628.93788234063
396602,2018-06-30,180971.85620913468
396602,2018-07-31,184363.24610704588
396602,2018-08-31,186910.54197624096
396602,2018-09-30,189121.7825800718
396602,2018-10-31,190879.3181752796
396602,2018-11-30,193147.30763319705
396602,2018-12-31,195367.9717920616
396602,2019-01-31,197512.1089955063
396602,2019-02-28,198503.1862430727
396602,2019-03-31,199024.46890759483
396602,2019-04-30,198980.34111719023
396602,2019-05-31,198805.00612372067
396602,2019-06-30,198292.4170700222
396602,2019-07-31,198111.00247464608
396602,2019-08-31,198360.44567885777
396602,2019-09-30,198696.9803625052
396602,2019-10-31,198673.2857188927
396602,2019-11-30,199186.55231077157
396602,2019-12-31,200237.7184649676
396602,2020-01-31,203427.65276351076
396602,2020-02-29,206740.40439111716
396602,2020-03-31,209895.24414927416
396602,2020-04-30,211616.597682661
396602,2020-05-31,212372.58146367187
396602,2020-06-30,212711.3191506395
396602,2020-07-31,213028.90182821
396602,2020-08-31,213527.19081633267
396602,2020-09-30,214932.4762810619
396602,2020-10-31,217183.98274657023
396602,2020-11-30,220498.00507629116
396602,2020-12-31,224419.02388325965
396602,2021-01-31,228686.91187744853
396602,2021-02-28,233959.5534980648
396602,2021-03-31,240439.04443899667
396602,2021-04-30,247321.6773898044
396602,2021-05-31,253634.8171574931
396602,2021-06-30,258640.7293568506
396602,2021-07-31,261089.9526771567
396602,2021-08-31,261038.1429868556
396602,2021-09-30,258874.3396066496
396602,2021-10-31,257331.3588824479
396602,2021-11-30,257302.4743361702
396602,2021-12-31,258739.37504361
396602,2022-01-31,263866.85415966506
396602,2022-02-28,271131.2413141872
396602,2022-03-31,279931.8240750384
396602,2022-04-30,287346.9386520349
396602,2022-05-31,293542.12602944294
396602,2022-06-30,298373.8712680558
396602,2022-07-31,300681.1041001208
396602,2022-08-31,300984.4537121263
396602,2022-09-30,299924.63884488074
396602,2022-10-31,298591.89902214095
396602,2022-11-30,296410.7279244596
396602,2022-12-31,293854.55637287186
396602,2023-01-31,290487.49233230343
396602,2023-02-28,287991.2922192551
396602,2023-03-31,286579.3029678425
396602,2023-04-30,286887.23296968144
396602,2023-05-31,287347.5625207647
396602,2023-06-30,287167.5699122371
396602,2023-07-31,286759.9965110024
396602,2023-08-31,286682.22947493
396602,2023-09-30,286630.0607433775
396602,2023-10-31,286607.46344690974
396602,2023-11-30,286175.3361659564
396602,2023-12-31,286721.9934138446
396602,2024-01-31,287214.7470556856
396602,2024-02-29,288462.8452491981
396602,2024-03-31,289724.19969788
396602,2024-04-30,291251.27870934905
396602,2024-05-31,291712.52437690046
396602,2024-06-30,291076.55749774
396602,2024-07-31,289429.5664291733
396602,2024-08-31,288145.03458143864
396602,2024-09-30,286773.6275353763
396602,2024-10-31,285332.3257334326
396602,2024-11-30,282549.38354105275
396602,2024-12-31,278431.6568089526
396602,2025-01-31,273150.2945003844
396602,2025-02-28,268491.3033939226
396602,2025-03-31,264276.3561201692
396602,2025-04-30,260229.4221891421
396602,2025-05-31,255381.9979937144
396602,2025-06-30,250247.80936763808
396602,2025-07-31,245889.1441569921
396602,2025-08-31,242819.51988936748
396602,2025-09-30,240732.1125721573
396602,2025-10-31,238914.1556650422
396602,2025-11-30,237281.1694265716
396602,2025-12-31,236031.57027692665
396602,2026-01-31,234420.683474104
396602,2026-02-28,233344.31547924792
396602,2026-03-31,231908.59904052695
396602,2026-04-30,231607.1346688512
396602,2026-05-31,231167.31232847285
396602,2026-06-30,231391.30674298192
396602,2026-07-31,231293.2522720268
396602,2026-08-31,231322.8842645377
396850,2016-09-30,180408.47463124487
396850,2016-10-31,181645.1143643573
396850,2016-11-30,183108.45533203604
396850,2016-12-31,184507.89239493612
396850,2017-01-31,185997.95155184023
396850,2017-02-28,187438.96475211036
396850,2017-03-31,189342.09510325931
396850,2017-04-30,191099.0832944254
396850,2017-05-31,192572.1880223571
396850,2017-06-30,193980.4367514729
396850,2017-07-31,195383.7253929129
396850,2017-08-31,196887.0456675768
396850,2017-09-30,197903.89402458305
396850,2017-10-31,198832.4420149719
396850,2017-11-30,199753.17127374245
396850,2017-12-31,200778.1408867004
396850,2018-01-31,201855.23183607217
396850,2018-02-28,203051.6508483044
396850,2018-03-31,204544.85792909004
396850,2018-04-30,206101.0988917428
396850,2018-05-31,207603.2820950017
396850,2018-06-30,208901.1750677932
396850,2018-07-31,210402.2261053396
396850,2018-08-31,211880.1417331252
396850,2018-09-30,213206.8816843396
396850,2018-10-31,214226.12625119323
396850,2018-11-30,215266.2130415327
396850,2018-12-31,216420.4797075039
396850,2019-01-31,217311.89759479035
396850,2019-02-28,218333.99852195257
396850,2019-03-31,219057.2644462076
396850,2019-04-30,219684.28382952863
396850,2019-05-31,219622.2266383463
396850,2019-06-30,219613.2052088465
396850,2019-07-31,219752.9631117575
396850,2019-08-31,220333.99514517715
396850,2019-09-30,221046.23005059952
396850,2019-10-31,221984.9658023812
396850,2019-11-30,223146.4230446084
396850,2019-12-31,224642.6700450862
396850,2020-01-31,226660.64801881957
396850,2020-02-29,228428.11414158173
396850,2020-03-31,229701.79474785656
396850,2020-04-30,230044.58615231208
396850,2020-05-31,229788.74666808537
396850,2020-06-30,229671.36918826468
396850,2020-07-31,229994.96807824387
396850,2020-08-31,231323.5159383937
396850,2020-09-30,233194.44139469872
396850,2020-10-31,235469.36704171728
396850,2020-11-30,237869.9764381788
396850,2020-12-31,240148.76174557468
396850,2021-01-31,242070.98365596784
396850,2021-02-28,244111.35800020755
396850,2021-03-31,246241.8085348393
396850,2021-04-30,248837.43346626763
396850,2021-05-31,251928.4487212042
396850,2021-06-30,255969.2628398987
396850,2021-07-31,260229.0306599092
396850,2021-08-31,264176.6437388235
396850,2021-09-30,267269.73722389137
396850,2021-10-31,270091.2408116987
396850,2021-11-30,273370.70669971296
396850,2021-12-31,277078.8030907952
396850,2022-01-31,281835.7728725818
396850,2022-02-28,286845.6910939587
396850,2022-03-31,292485.4023698875
396850,2022-04-30,298289.6666658176
396850,2022-05-31,304115.7219429577
396850,2022-06-30,309843.8125598692
396850,2022-07-31,314523.57101631793
396850,2022-08-31,317994.90522116475
396850,2022-09-30,320342.90099224285
396850,2022-10-31,321873.5644543812
396850,2022-11-30,323102.3949538131
396850,2022-12-31,324414.0479688185
396850,2023-01-31,325646.8762051612
396850,2023-02-28,326934.2499847705
396850,2023-03-31,328750.13197826594
396850,2023-04-30,331782.3567977516
396850,2023-05-31,335220.17895979394
396850,2023-06-30,338966.8107058712
396850,2023-07-31,342463.2370371685
396850,2023-08-31,346154.7931447748
396850,2023-09-30,348970.5892182692
396850,2023-10-31,351306.2351630172
396850,2023-11-30,353359.9710898227
396850,2023-12-31,355138.1158805311
396850,2024-01-31,356831.31925687
396850,2024-02-29,358350.19707273244
396850,2024-03-31,359918.60177652835
396850,2024-04-30,361335.1317640508
396850,2024-05-31,363113.0689898028
396850,2024-06-30,364595.9292226565
396850,2024-07-31,365891.768545219
396850,2024-08-31,366387.7413476038
396850,2024-09-30,366309.5810359537
396850,2024-10-31,366064.37702401495
396850,2024-11-30,365435.453490128
396850,2024-12-31,365063.8673309743
396850,2025-01-31,364584.0782181532
396850,2025-02-28,363969.5591259291
396850,2025-03-31,362280.13496846816
396850,2025-04-30,360339.15007328585
396850,2025-05-31,357921.1126112092
396850,2025-06-30,356091.95076806284
396850,2025-07-31,353927.05887846387
396850,2025-08-31,352417.0085660781
396850,2025-09-30,351240.8799801623
396850,2025-10-31,350336.2381317175
396850,2025-11-30,349049.7915567321
396850,2025-12-31,347484.33499920624
396850,2026-01-31,346378.2709759866
396850,2026-02-28,345901.66957433743
396850,2026-03-31,345746.18739674473
396850,2026-04-30,344985.1693632545
396850,2026-05-31,344385.3783059383
396850,2026-06-30,343665.62132765364
396850,2026-07-31,343369.76413021534
396850,2026-08-31,342634.7573312845
396864,2016-09-30,345009.1427771439
396864,2016-10-31,347560.9436534467
396864,2016-11-30,350426.215027395
396864,2016-12-31,354030.4524220246
396864,2017-01-31,357978.1083466434
396864,2017-02-28,362407.6322176094
396864,2017-03-31,366740.0543370605
396864,2017-04-30,371149.90553547087
396864,2017-05-31,375397.1902276666
396864,2017-06-30,379103.2685232826
396864,2017-07-31,381972.9578140489
396864,2017-08-31,384062.0951327779
396864,2017-09-30,385843.5928618704
396864,2017-10-31,387588.2059656151
396864,2017-11-30,389768.3971336938
396864,2017-12-31,393178.2200320351
396864,2018-01-31,397700.835759697
396864,2018-02-28,402835.1114563362
396864,2018-03-31,408417.8143993724
396864,2018-04-30,413891.9130729552
396864,2018-05-31,419098.258505002
396864,2018-06-30,422243.0498467116
396864,2018-07-31,425111.7240234903
396864,2018-08-31,426835.5495969627
396864,2018-09-30,427964.3718714207
396864,2018-10-31,427779.5607898854
396864,2018-11-30,427429.1607017255
396864,2018-12-31,427262.4977720493
396864,2019-01-31,427420.4841070104
396864,2019-02-28,428456.8131717544
396864,2019-03-31,430409.3021085322
396864,2019-04-30,432129.2126531813
396864,2019-05-31,433333.4706586143
396864,2019-06-30,434099.45732127735
396864,2019-07-31,434472.7869982044
396864,2019-08-31,435125.4531216975
396864,2019-09-30,436091.7289552822
396864,2019-10-31,438577.8284354864
396864,2019-11-30,441698.9147154351
396864,2019-12-31,445443.9160789226
396864,2020-01-31,449513.3450691684
396864,2020-02-29,454609.6047739091
396864,2020-03-31,460508.4778987293
396864,2020-04-30,466355.9018984556
396864,2020-05-31,469962.5815872626
396864,2020-06-30,471810.5552103802
396864,2020-07-31,473075.69368494273
396864,2020-08-31,476169.9149677746
396864,2020-09-30,482268.07574141695
396864,2020-10-31,490409.76241562073
396864,2020-11-30,500368.36058178334
396864,2020-12-31,509995.9268471201
396864,2021-01-31,519432.1991791728
396864,2021-02-28,529206.4991653911
396864,2021-03-31,540831.1398104331
396864,2021-04-30,553462.6560413959
396864,2021-05-31,566535.8479084611
396864,2021-06-30,577400.2232793677
396864,2021-07-31,585803.7228596456
396864,2021-08-31,590471.7424644016
396864,2021-09-30,593158.3947482975
396864,2021-10-31,595115.6402916968
396864,2021-11-30,598095.0778922233
396864,2021-12-31,603225.5654217027
396864,2022-01-31,614055.2615454451
396864,2022-02-28,630032.6369234653
396864,2022-03-31,649988.98483451
396864,2022-04-30,667336.3183659435
396864,2022-05-31,679217.2904500925
396864,2022-06-30,683932.5679876367
396864,2022-07-31,680843.7587768296
396864,2022-08-31,671256.5100386956
396864,2022-09-30,658749.5391688845
396864,2022-10-31,649291.7320013334
396864,2022-11-30,643585.0122205222
396864,2022-12-31,639758.1885911644
396864,2023-01-31,634604.7899881218
396864,2023-02-28,629602.9880493438
396864,2023-03-31,625978.7444913881
396864,2023-04-30,625250.975997748
396864,2023-05-31,627100.2316286518
396864,2023-06-30,630926.0304543267
396864,2023-07-31,635854.6848208614
396864,2023-08-31,640945.0118415343
396864,2023-09-30,644702.2833038345
396864,2023-10-31,647169.2537577199
396864,2023-11-30,648084.4532000851
396864,2023-12-31,648691.2587689254
396864,2024-01-31,649379.8455367242
396864,2024-02-29,651756.0919992
396864,2024-03-31,656232.5443115747
396864,2024-04-30,661853.4153365851
396864,2024-05-31,666050.2785941148
396864,2024-06-30,667459.5395207069
396864,2024-07-31,667926.6315147342
396864,2024-08-31,668803.3140333621
396864,2024-09-30,670946.8105235085
396864,2024-10-31,673972.4063789455
396864,2024-11-30,677409.4967847824
396864,2024-12-31,681109.2703562342
396864,2025-01-31,683383.167953201
396864,2025-02-28,684274.9471151222
396864,2025-03-31,681697.3153031811
396864,2025-04-30,677164.0201833289
396864,2025-05-31,670713.1128432696
396864,2025-06-30,665418.6044238725
396864,2025-07-31,661211.4364623433
396864,2025-08-31,659293.7681625742
396864,2025-09-30,658899.7567269806
396864,2025-10-31,660312.9641498626
396864,2025-11-30,662119.3667842752
396864,2025-12-31,664068.0081069642
396864,2026-01-31,664940.2260889338
396864,2026-02-28,664697.0722454377
396864,2026-03-31,662617.1581249764
396864,2026-04-30,658864.8744682997
396864,2026-05-31,654385.4020368756
396864,2026-06-30,651102.5432438754
396864,2026-07-31,649778.4478305721
396864,2026-08-31,650122.9304297393
396865,2016-09-30,325430.88232162024
396865,2016-10-31,328018.8356199453
396865,2016-11-30,331231.06371581
396865,2016-12-31,334983.434470115
396865,2017-01-31,339000.9405900043
396865,2017-02-28,342992.57394020463
396865,2017-03-31,347094.5830021279
396865,2017-04-30,351284.2342682718
396865,2017-05-31,355301.05367298605
396865,2017-06-30,359364.1357915157
396865,2017-07-31,363343.78029095527
396865,2017-08-31,367474.25926675135
396865,2017-09-30,370959.5105060253
396865,2017-10-31,374098.8109592924
396865,2017-11-30,377366.6856006435
396865,2017-12-31,381417.6296186676
396865,2018-01-31,386543.29726952943
396865,2018-02-28,392468.77651545446
396865,2018-03-31,399258.2123443337
396865,2018-04-30,406030.7752230989
396865,2018-05-31,411927.8873821593
396865,2018-06-30,416047.1769928471
396865,2018-07-31,419628.5743764587
396865,2018-08-31,421845.7032503854
396865,2018-09-30,422968.5866083141
396865,2018-10-31,422579.13411757257
396865,2018-11-30,422105.8044081898
396865,2018-12-31,421173.5859956514
396865,2019-01-31,420548.3796764333
396865,2019-02-28,420414.18571912165
396865,2019-03-31,421862.6380867292
396865,2019-04-30,423604.68771766
396865,2019-05-31,425064.5973211985
396865,2019-06-30,425839.6261790514
396865,2019-07-31,426084.7593197019
396865,2019-08-31,426031.14804489416
396865,2019-09-30,425949.7211738292
396865,2019-10-31,426602.85123866657
396865,2019-11-30,428606.535398666
396865,2019-12-31,431518.39578538976
396865,2020-01-31,434699.07359866006
396865,2020-02-29,438031.8119231082
396865,2020-03-31,441718.8603139698
396865,2020-04-30,446068.5515610057
396865,2020-05-31,448434.955557161
396865,2020-06-30,449030.4549656386
396865,2020-07-31,448326.6227983991
396865,2020-08-31,449261.2094650623
396865,2020-09-30,453011.5045145534
396865,2020-10-31,458753.645775418
396865,2020-11-30,466240.4978778883
396865,2020-12-31,473569.2592278874
396865,2021-01-31,480983.94032284006
396865,2021-02-28,488398.043575193
396865,2021-03-31,496966.25807234185
396865,2021-04-30,507454.2760201138
396865,2021-05-31,520752.0172076759
396865,2021-06-30,535687.9593368893
396865,2021-07-31,550013.3427997722
396865,2021-08-31,560955.0177070883
396865,2021-09-30,569135.8611815716
396865,2021-10-31,575852.4325520193
396865,2021-11-30,583503.2648578074
396865,2021-12-31,592878.6742583937
396865,2022-01-31,607599.0141488413
396865,2022-02-28,626198.7506154608
396865,2022-03-31,649004.327249653
396865,2022-04-30,670005.3148856523
396865,2022-05-31,685138.754343161
396865,2022-06-30,689478.9981245707
396865,2022-07-31,682794.363222519
396865,2022-08-31,669356.0753528029
396865,2022-09-30,653955.1551193345
396865,2022-10-31,642183.0484045021
396865,2022-11-30,634216.6713961408
396865,2022-12-31,629219.2571634507
396865,2023-01-31,622884.2103867423
396865,2023-02-28,616482.8389894924
396865,2023-03-31,611148.3019585981
396865,2023-04-30,609521.2712223985
396865,2023-05-31,610276.3170363556
396865,2023-06-30,613382.365059944
396865,2023-07-31,617455.6370673714
396865,2023-08-31,623181.2165415293
396865,2023-09-30,628972.5647962603
396865,2023-10-31,634510.7974973479
396865,2023-11-30,639319.2409947691
396865,2023-12-31,642491.1648827104
396865,2024-01-31,644955.7938131992
396865,2024-02-29,646982.6443565673
396865,2024-03-31,651024.6112664941
396865,2024-04-30,656164.5039386959
396865,2024-05-31,661192.2183391432
396865,2024-06-30,663643.2060792252
396865,2024-07-31,664838.9910115725
396865,2024-08-31,666016.8626595978
396865,2024-09-30,668770.9710882934
396865,2024-10-31,671972.4567865868
396865,2024-11-30,675375.1457454729
396865,2024-12-31,678264.9599167103
396865,2025-01-31,680712.8710762962
396865,2025-02-28,681567.1821238799
396865,2025-03-31,679670.4648040796
396865,2025-04-30,675289.1294480973
396865,2025-05-31,669150.6159448916
396865,2025-06-30,664023.5567434937
396865,2025-07-31,660561.8876356413
396865,2025-08-31,660059.035583816
396865,2025-09-30,661422.2279266954
396865,2025-10-31,663333.4147643303
396865,2025-11-30,664022.9191208864
396865,2025-12-31,663881.9198132091
396865,2026-01-31,663530.4186673969
396865,2026-02-28,662296.3162725514
396865,2026-03-31,658731.1006609352
396865,2026-04-30,652737.5718618324
396865,2026-05-31,646445.9537205033
396865,2026-06-30,640912.496180861
396865,2026-07-31,637158.0308720673
396865,2026-08-31,634701.4014795736
403117,2016-09-30,101195.03418993606
403117,2016-10-31,100707.17742607066
403117,2016-11-30,100679.96865541369
403117,2016-12-31,101780.92813615354
403117,2017-01-31,103572.07551659356
403117,2017-02-28,104978.74727239094
403117,2017-03-31,106226.33207578752
403117,2017-04-30,106915.20213565986
403117,2017-05-31,107999.76690936652
403117,2017-06-30,108355.07645673797
403117,2017-07-31,108671.19186896885
403117,2017-08-31,109161.65973673709
403117,2017-09-30,110783.44796194084
403117,2017-10-31,113297.25570284371
403117,2017-11-30,116242.55772655144
403117,2017-12-31,119627.335073042
403117,2018-01-31,123528.24449633653
403117,2018-02-28,127061.3884293812
403117,2018-03-31,130372.33300041484
403117,2018-04-30,132859.58097413887
403117,2018-05-31,134374.6246029573
403117,2018-06-30,134392.5188463861
403117,2018-07-31,134188.91423691605
403117,2018-08-31,134989.05208319708
403117,2018-09-30,136319.9476445963
403117,2018-10-31,137311.49621878684
403117,2018-11-30,137902.5418075587
403117,2018-12-31,138908.23197873085
403117,2019-01-31,140154.44615244822
403117,2019-02-28,141212.42170604906
403117,2019-03-31,142139.20486305957
403117,2019-04-30,143589.42978507568
403117,2019-05-31,144443.2156856207
403117,2019-06-30,145134.16718500122
403117,2019-07-31,144644.0260478169
403117,2019-08-31,145276.70354883166
403117,2019-09-30,145611.10472969635
403117,2019-10-31,146377.27580061773
403117,2019-11-30,147202.0493743776
403117,2019-12-31,148260.99168937313
403117,2020-01-31,151633.17456630597
403117,2020-02-29,155233.9014510298
403117,2020-03-31,159191.91694539375
403117,2020-04-30,161241.84832046772
403117,2020-05-31,162355.07303111398
403117,2020-06-30,162466.74584244247
403117,2020-07-31,161456.63504720037
403117,2020-08-31,160586.47026165223
403117,2020-09-30,161128.59949503271
403117,2020-10-31,163062.26342920985
403117,2020-11-30,165811.9045467641
403117,2020-12-31,168467.86902476518
403117,2021-01-31,171558.37496429018
403117,2021-02-28,175980.06884099942
403117,2021-03-31,181152.8045040877
403117,2021-04-30,186252.66318490333
403117,2021-05-31,189723.4417786196
403117,2021-06-30,191823.5789189085
403117,2021-07-31,193026.5825671673
403117,2021-08-31,193454.158753522
403117,2021-09-30,193301.19047831805
403117,2021-10-31,192584.75679510584
403117,2021-11-30,191852.450088321
403117,2021-12-31,191457.1075989277
403117,2022-01-31,192966.2690252047
403117,2022-02-28,196513.59566786105
403117,2022-03-31,201564.7728872068
403117,2022-04-30,205332.7548613163
403117,2022-05-31,206642.95838774677
403117,2022-06-30,206650.1880934951
403117,2022-07-31,204517.19665388355
403117,2022-08-31,201275.3644295355
403117,2022-09-30,197202.4449993186
403117,2022-10-31,194425.6865536212
403117,2022-11-30,193054.3183600724
403117,2022-12-31,191988.6035211019
403117,2023-01-31,190609.7052558628
403117,2023-02-28,189708.35998499635
403117,2023-03-31,190064.84233809612
403117,2023-04-30,191970.9597960121
403117,2023-05-31,193891.2660258467
403117,2023-06-30,195246.7457263536
403117,2023-07-31,196506.5843755621
403117,2023-08-31,198785.90048347972
403117,2023-09-30,201553.437152749
403117,2023-10-31,203515.5214863188
403117,2023-11-30,204272.40829190635
403117,2023-12-31,204210.79133893852
403117,2024-01-31,204332.5434829948
403117,2024-02-29,205519.0270714512
403117,2024-03-31,207447.38586482967
403117,2024-04-30,210699.79622514104
403117,2024-05-31,213669.2916924737
403117,2024-06-30,216482.06677036904
403117,2024-07-31,218101.14180330548
403117,2024-08-31,219341.84257378883
403117,2024-09-30,220050.4087967261
403117,2024-10-31,220344.84577610143
403117,2024-11-30,221224.82316360503
403117,2024-12-31,222712.1500856826
403117,2025-01-31,224879.30307070792
403117,2025-02-28,226658.238673329
403117,2025-03-31,227410.24106931468
403117,2025-04-30,227790.73269440813
403117,2025-05-31,227191.5637381412
403117,2025-06-30,226006.74288365195
403117,2025-07-31,224957.79727660527
403117,2025-08-31,223375.30031197672
403117,2025-09-30,221802.50694819284
403117,2025-10-31,219624.86101412924
403117,2025-11-30,218250.65313142887
403117,2025-12-31,217289.6423902688
403117,2026-01-31,216690.71638777768
403117,2026-02-28,216749.9624480167
403117,2026-03-31,217394.54443682125
403117,2026-04-30,218208.8126325657
403117,2026-05-31,219291.3902182818
403117,2026-06-30,220711.9208205532
403117,2026-07-31,221713.32141880257
403117,2026-08-31,222651.22973743608
403120,2016-09-30,113871.03922524636
403120,2016-10-31,113376.62670859403
403120,2016-11-30,113274.17381705513
403120,2016-12-31,114136.50962343725
403120,2017-01-31,115026.71957308771
403120,2017-02-28,115628.83662616444
403120,2017-03-31,116148.5829930359
403120,2017-04-30,115800.03826521404
403120,2017-05-31,115724.4102966738
403120,2017-06-30,115437.60756221435
403120,2017-07-31,116500.0896741018
403120,2017-08-31,117958.37004932
403120,2017-09-30,120677.1611347904
403120,2017-10-31,123632.14912207174
403120,2017-11-30,126535.9825044904
403120,2017-12-31,129319.51782833738
403120,2018-01-31,132201.7258753425
403120,2018-02-28,134881.04195476638
403120,2018-03-31,137502.04030638374
403120,2018-04-30,140334.74924158576
403120,2018-05-31,143232.99127135068
403120,2018-06-30,145464.04221815095
403120,2018-07-31,147730.8540047685
403120,2018-08-31,149380.4283287959
403120,2018-09-30,150651.04781395374
403120,2018-10-31,151165.09833901026
403120,2018-11-30,152437.10903739202
403120,2018-12-31,153993.96647871562
403120,2019-01-31,154672.92451656327
403120,2019-02-28,154635.81381917035
403120,2019-03-31,154232.65489338897
403120,2019-04-30,155295.19873534475
403120,2019-05-31,156617.24249105155
403120,2019-06-30,159014.15274087634
403120,2019-07-31,160628.09015849626
403120,2019-08-31,162340.82938882778
403120,2019-09-30,162798.2584570615
403120,2019-10-31,163073.29963444304
403120,2019-11-30,163450.40969656716
403120,2019-12-31,164323.97129136595
403120,2020-01-31,166831.17140225836
403120,2020-02-29,170190.58420431626
403120,2020-03-31,174208.32480045455
403120,2020-04-30,177476.98307992352
403120,2020-05-31,179803.33288685503
403120,2020-06-30,181265.9842877943
403120,2020-07-31,181423.41467005864
403120,2020-08-31,181495.0696757687
403120,2020-09-30,182813.1612295377
403120,2020-10-31,185977.1086543277
403120,2020-11-30,190756.81164413947
403120,2020-12-31,195366.7447399619
403120,2021-01-31,199862.45319129573
403120,2021-02-28,205044.69692327877
403120,2021-03-31,211009.63675291956
403120,2021-04-30,216687.22999799115
403120,2021-05-31,220471.918115261
403120,2021-06-30,222401.26408258823
403120,2021-07-31,222112.74304168383
403120,2021-08-31,220082.06160593336
403120,2021-09-30,217235.9403624199
403120,2021-10-31,215306.08551953352
403120,2021-11-30,214690.3971614282
403120,2021-12-31,214746.6234780803
403120,2022-01-31,216561.06072743773
403120,2022-02-28,220542.78652406577
403120,2022-03-31,226383.39542901923
403120,2022-04-30,230128.3862521858
403120,2022-05-31,230224.9116610567
403120,2022-06-30,228423.95862100943
403120,2022-07-31,225351.96487319111
403120,2022-08-31,221678.9823173659
403120,2022-09-30,217548.73625291395
403120,2022-10-31,214924.6089011513
403120,2022-11-30,213779.8551237813
403120,2022-12-31,212367.320468102
403120,2023-01-31,209835.4352223368
403120,2023-02-28,207877.4342970565
403120,2023-03-31,207712.2556726745
403120,2023-04-30,208911.24027668015
403120,2023-05-31,209577.95606795585
403120,2023-06-30,209015.72885131373
403120,2023-07-31,208203.5517062221
403120,2023-08-31,207223.99707507365
403120,2023-09-30,205989.4181477068
403120,2023-10-31,205083.66425377736
403120,2023-11-30,204295.49103893657
403120,2023-12-31,203828.56798855175
403120,2024-01-31,203837.8445511401
403120,2024-02-29,205900.85270621243
403120,2024-03-31,209329.1010007727
403120,2024-04-30,213522.9788018452
403120,2024-05-31,216499.4443015141
403120,2024-06-30,219037.23998127715
403120,2024-07-31,221031.0669978468
403120,2024-08-31,222792.46593181256
403120,2024-09-30,223871.6014215122
403120,2024-10-31,224388.66703749495
403120,2024-11-30,225429.22852211297
403120,2024-12-31,226379.34468633143
403120,2025-01-31,226485.81973389455
403120,2025-02-28,226463.82557071652
403120,2025-03-31,226845.3277012268
403120,2025-04-30,228044.89279640035
403120,2025-05-31,227969.04618608137
403120,2025-06-30,226833.6284473615
403120,2025-07-31,225580.2945435782
403120,2025-08-31,224375.0619197673
403120,2025-09-30,223394.5085203877
403120,2025-10-31,221711.6000628848
403120,2025-11-30,221083.684806114
403120,2025-12-31,221927.34503152347
403120,2026-01-31,224507.46483300024
403120,2026-02-28,227577.36744583992
403120,2026-03-31,230352.9343893678
403120,2026-04-30,231539.25343095232
403120,2026-05-31,232695.46868797528
403120,2026-06-30,233412.1692222689
403120,2026-07-31,234462.6269355732
403120,2026-08-31,235484.4383992813
403131,2016-09-30,627231.9556086982
403131,2016-10-31,629535.0725750258
403131,2016-11-30,634419.1628984207
403131,2016-12-31,642844.0451644971
403131,2017-01-31,650409.7808620868
403131,2017-02-28,661007.215760323
403131,2017-03-31,670970.0868400253
403131,2017-04-30,682453.8437749912
403131,2017-05-31,688964.9339618626
403131,2017-06-30,693085.9821410015
403131,2017-07-31,694137.1951414293
403131,2017-08-31,695767.165432046
403131,2017-09-30,696469.6040840144
403131,2017-10-31,702271.6939510816
403131,2017-11-30,707290.8305115569
403131,2017-12-31,713393.7592929524
403131,2018-01-31,719165.3757015938
403131,2018-02-28,723585.7530537018
403131,2018-03-31,727467.3357279673
403131,2018-04-30,729860.889858203
403131,2018-05-31,732555.9149388353
403131,2018-06-30,736328.6119126137
403131,2018-07-31,741359.5349094402
403131,2018-08-31,748560.8656164035
403131,2018-09-30,758283.4466058868
403131,2018-10-31,762720.1906360317
403131,2018-11-30,764237.1695038759
403131,2018-12-31,761721.7965986012
403131,2019-01-31,761109.2514705661
403131,2019-02-28,763482.8972042297
403131,2019-03-31,763696.4786627459
403131,2019-04-30,761375.2847295437
403131,2019-05-31,755656.9117492092
403131,2019-06-30,751401.9880055162
403131,2019-07-31,749058.2499659177
403131,2019-08-31,746866.2322963178
403131,2019-09-30,743659.8718578079
403131,2019-10-31,740318.4438071855
403131,2019-11-30,742989.5371357576
403131,2019-12-31,747019.0321288886
403131,2020-01-31,748733.4982395833
403131,2020-02-29,742303.4951097915
403131,2020-03-31,733856.0156155294
403131,2020-04-30,726721.535499624
403131,2020-05-31,722480.9040833503
403131,2020-06-30,720291.1758595604
403131,2020-07-31,715701.5793740203
403131,2020-08-31,709214.4102336223
403131,2020-09-30,703995.6229563927
403131,2020-10-31,702628.4721512228
403131,2020-11-30,703886.1919460455
403131,2020-12-31,705896.9143855599
403131,2021-01-31,707149.3119098777
403131,2021-02-28,710390.8424609032
403131,2021-03-31,715174.1894412277
403131,2021-04-30,718611.4755919082
403131,2021-05-31,721399.8498178275
403131,2021-06-30,718912.9864388687
403131,2021-07-31,715208.6161214653
403131,2021-08-31,707964.8467477242
403131,2021-09-30,699580.4248002376
403131,2021-10-31,694829.8636574309
403131,2021-11-30,692679.3010400345
403131,2021-12-31,692769.715754212
403131,2022-01-31,694207.3209221577
403131,2022-02-28,698144.2655584213
403131,2022-03-31,704949.3534855241
403131,2022-04-30,710204.9630993949
403131,2022-05-31,712457.4690796849
403131,2022-06-30,711933.9467012655
403131,2022-07-31,707867.8046773179
403131,2022-08-31,700772.6731451241
403131,2022-09-30,689945.1729540202
403131,2022-10-31,681135.4529645187
403131,2022-11-30,672416.8464526295
403131,2022-12-31,666923.818733431
403131,2023-01-31,656473.4687099034
403131,2023-02-28,646291.3854813337
403131,2023-03-31,634196.1347862295
403131,2023-04-30,628058.0938870034
403131,2023-05-31,625166.2214495445
403131,2023-06-30,624598.250280166
403131,2023-07-31,624804.9182444718
403131,2023-08-31,624100.2370907563
403131,2023-09-30,622631.75786423
403131,2023-10-31,619277.627996444
403131,2023-11-30,615586.9757483792
403131,2023-12-31,613651.4648234552
403131,2024-01-31,613955.991122174
403131,2024-02-29,615052.2469744314
403131,2024-03-31,618591.332410835
403131,2024-04-30,622858.9713831963
403131,2024-05-31,627375.5714153571
403131,2024-06-30,628921.5793557061
403131,2024-07-31,631518.5300290888
403131,2024-08-31,635751.3243724527
403131,2024-09-30,639901.3275564448
403131,2024-10-31,642639.8286663637
403131,2024-11-30,644417.7083274191
403131,2024-12-31,648070.4357966528
403131,2025-01-31,650345.8638267812
403131,2025-02-28,652004.3963444981
403131,2025-03-31,653373.9146096426
403131,2025-04-30,656286.532332806
403131,2025-05-31,660104.8894650169
403131,2025-06-30,662916.355188034
403131,2025-07-31,665299.0770410402
403131,2025-08-31,666161.7032400883
403131,2025-09-30,666966.5460305247
403131,2025-10-31,666540.6082974564
403131,2025-11-30,665875.892479321
403131,2025-12-31,665221.4379684128
403131,2026-01-31,666360.8151311389
403131,2026-02-28,668746.4289944166
403131,2026-03-31,672717.1243318659
403131,2026-04-30,674699.4742126263
403131,2026-05-31,675147.915287656
403131,2026-06-30,674588.624775703
403131,2026-07-31,677572.4421772446
403131,2026-08-31,683741.0537045423
403167,2016-09-30,130994.98068458392
403167,2016-10-31,132338.188118573
403167,2016-11-30,133860.6280929981
403167,2016-12-31,135573.77143293744
403167,2017-01-31,136906.72900592154
403167,2017-02-28,138168.31537423984
403167,2017-03-31,139377.36709423712
403167,2017-04-30,140575.5070107901
403167,2017-05-31,141370.37613635822
403167,2017-06-30,142113.6104523838
403167,2017-07-31,142666.45295253722
403167,2017-08-31,143293.80607004286
403167,2017-09-30,144061.5580968002
403167,2017-10-31,145225.36263021745
403167,2017-11-30,147030.2941086905
403167,2017-12-31,148869.876222298
403167,2018-01-31,150386.9359342045
403167,2018-02-28,151549.02349357473
403167,2018-03-31,153058.6990575213
403167,2018-04-30,154748.05391445768
403167,2018-05-31,156077.05224471737
403167,2018-06-30,156343.46347451524
403167,2018-07-31,156318.10524511515
403167,2018-08-31,156286.155281876
403167,2018-09-30,156751.2072656915
403167,2018-10-31,157198.14670666208
403167,2018-11-30,157847.16557185477
403167,2018-12-31,158921.54385142142
403167,2019-01-31,160728.1996580137
403167,2019-02-28,162923.44884451586
403167,2019-03-31,164866.5018135101
403167,2019-04-30,165952.2803196655
403167,2019-05-31,166363.13033309713
403167,2019-06-30,166743.07630881268
403167,2019-07-31,167160.8838708772
403167,2019-08-31,167890.32757011545
403167,2019-09-30,168809.63096027522
403167,2019-10-31,170017.22389389688
403167,2019-11-30,171341.80777891094
403167,2019-12-31,172543.09156070944
403167,2020-01-31,174294.1380566083
403167,2020-02-29,176610.03901636403
403167,2020-03-31,179140.4234171532
403167,2020-04-30,181198.53488382848
403167,2020-05-31,182012.93475024667
403167,2020-06-30,181510.379618688
403167,2020-07-31,180667.7434006006
403167,2020-08-31,180273.90880255972
403167,2020-09-30,181434.54184695776
403167,2020-10-31,183475.1334872892
403167,2020-11-30,186515.63401170776
403167,2020-12-31,189186.36382410573
403167,2021-01-31,191424.65919020725
403167,2021-02-28,193487.4315022974
403167,2021-03-31,195807.13048203985
403167,2021-04-30,198239.60696106937
403167,2021-05-31,201009.6915417685
403167,2021-06-30,203673.48977476195
403167,2021-07-31,205033.16916167436
403167,2021-08-31,203923.30825928165
403167,2021-09-30,200844.7944830229
403167,2021-10-31,197940.88694521025
403167,2021-11-30,196206.71446556432
403167,2021-12-31,195797.12029477875
403167,2022-01-31,197564.8868547087
403167,2022-02-28,200897.7634136292
403167,2022-03-31,205540.09688037552
403167,2022-04-30,209685.57211578463
403167,2022-05-31,213173.25873331225
403167,2022-06-30,215400.52477093425
403167,2022-07-31,215918.9835913335
403167,2022-08-31,214889.576819654
403167,2022-09-30,213759.7781494687
403167,2022-10-31,213230.07577242889
403167,2022-11-30,213112.456156366
403167,2022-12-31,211781.8439016049
403167,2023-01-31,209177.44680347748
403167,2023-02-28,206010.86457286496
403167,2023-03-31,203989.256082024
403167,2023-04-30,203465.00088201792
403167,2023-05-31,204316.56547901352
403167,2023-06-30,205351.10951897092
403167,2023-07-31,206240.52726236495
403167,2023-08-31,206221.56966053572
403167,2023-09-30,205544.81363152456
403167,2023-10-31,204316.99049852823
403167,2023-11-30,202689.75732982892
403167,2023-12-31,201568.2506340021
403167,2024-01-31,200811.30632562249
403167,2024-02-29,200987.05105687605
403167,2024-03-31,201560.2360644755
403167,2024-04-30,203087.92792092595
403167,2024-05-31,204597.98763519
403167,2024-06-30,205690.1201707696
403167,2024-07-31,205933.10763268903
403167,2024-08-31,206060.8356062985
403167,2024-09-30,206031.40337180556
403167,2024-10-31,206193.3010626872
403167,2024-11-30,206603.2864386216
403167,2024-12-31,207789.85540610933
403167,2025-01-31,209054.77494977004
403167,2025-02-28,209828.44245393795
403167,2025-03-31,210125.25576668684
403167,2025-04-30,210596.96249711016
403167,2025-05-31,211300.9399628674
403167,2025-06-30,212037.51913900743
403167,2025-07-31,212787.48311991696
403167,2025-08-31,213666.24315025265
403167,2025-09-30,214325.59176386465
403167,2025-10-31,214201.5603638967
403167,2025-11-30,213557.0760601343
403167,2025-12-31,212921.46871056696
403167,2026-01-31,212934.8081400273
403167,2026-02-28,213430.01630553315
403167,2026-03-31,213722.96287589145
403167,2026-04-30,213485.9365293793
403167,2026-05-31,213055.60035352712
403167,2026-06-30,212837.2521346327
403167,2026-07-31,212780.76886436075
403167,2026-08-31,212959.5078194796
403169,2016-09-30,217899.8939983229
403169,2016-10-31,217854.43885096823
403169,2016-11-30,218637.581978071
403169,2016-12-31,220448.5018494833
403169,2017-01-31,222513.91184450453
403169,2017-02-28,224785.9851109548
403169,2017-03-31,226533.53026181707
403169,2017-04-30,227556.8402435734
403169,2017-05-31,227996.10582017968
403169,2017-06-30,227281.3648243592
403169,2017-07-31,226990.2271578079
403169,2017-08-31,226827.02599199195
403169,2017-09-30,227798.9847988193
403169,2017-10-31,229327.55589394327
403169,2017-11-30,231171.80035702183
403169,2017-12-31,233094.17448781477
403169,2018-01-31,235010.50934860017
403169,2018-02-28,237267.4825665424
403169,2018-03-31,240157.3767985882
403169,2018-04-30,242316.64297341017
403169,2018-05-31,243617.20806328897
403169,2018-06-30,242928.95041695968
403169,2018-07-31,241869.08501489545
403169,2018-08-31,240578.71056892583
403169,2018-09-30,240112.41675206064
403169,2018-10-31,240007.35919735592
403169,2018-11-30,240253.2856639917
403169,2018-12-31,240626.4820936919
403169,2019-01-31,241370.872692998
403169,2019-02-28,242438.7868995016
403169,2019-03-31,242846.82009429293
403169,2019-04-30,242883.80231995543
403169,2019-05-31,242398.09053565387
403169,2019-06-30,242214.14630591613
403169,2019-07-31,241708.3901657186
403169,2019-08-31,241332.43676486015
403169,2019-09-30,240668.6975467976
403169,2019-10-31,240768.16747331384
403169,2019-11-30,241245.52592165663
403169,2019-12-31,242713.0938178886
403169,2020-01-31,244687.47199178676
403169,2020-02-29,246685.9138444095
403169,2020-03-31,248163.87162466708
403169,2020-04-30,248460.68680039383
403169,2020-05-31,247531.833751822
403169,2020-06-30,245614.6736650149
403169,2020-07-31,243832.20430006925
403169,2020-08-31,243443.1819497286
403169,2020-09-30,244496.7192519492
403169,2020-10-31,246100.8634176884
403169,2020-11-30,248193.1000081326
403169,2020-12-31,250724.22240612737
403169,2021-01-31,253302.44157398236
403169,2021-02-28,255956.79008220744
403169,2021-03-31,258110.7658972174
403169,2021-04-30,259831.3451443833
403169,2021-05-31,260582.02416421787
403169,2021-06-30,261241.8703897656
403169,2021-07-31,262109.63561694615
403169,2021-08-31,262611.20016300573
403169,2021-09-30,261905.13966696628
403169,2021-10-31,261061.6625157917
403169,2021-11-30,260613.74800680703
403169,2021-12-31,261199.7572031352
403169,2022-01-31,261977.72708699587
403169,2022-02-28,263575.5736419992
403169,2022-03-31,266152.6914652583
403169,2022-04-30,269426.1714368472
403169,2022-05-31,271050.5383138052
403169,2022-06-30,270820.2979861812
403169,2022-07-31,268914.7440857391
403169,2022-08-31,266892.3162389647
403169,2022-09-30,265182.7957856392
403169,2022-10-31,264245.9088849958
403169,2022-11-30,264095.0420153876
403169,2022-12-31,263436.47365843056
403169,2023-01-31,262063.2884581572
403169,2023-02-28,260362.85699375917
403169,2023-03-31,259671.17032515083
403169,2023-04-30,260305.29667846244
403169,2023-05-31,261927.4821148096
403169,2023-06-30,264085.9314181076
403169,2023-07-31,266602.1876568131
403169,2023-08-31,269469.93983038195
403169,2023-09-30,271315.1866241874
403169,2023-10-31,271877.05316918524
403169,2023-11-30,271790.5513280649
403169,2023-12-31,271920.69603744696
403169,2024-01-31,271906.32446650445
403169,2024-02-29,272520.6359978396
403169,2024-03-31,274564.5736125676
403169,2024-04-30,277796.4801164148
403169,2024-05-31,279840.26273851417
403169,2024-06-30,280352.37219000986
403169,2024-07-31,280490.2139997549
403169,2024-08-31,280513.14551622275
403169,2024-09-30,280026.75916236115
403169,2024-10-31,279008.7449202495
403169,2024-11-30,278093.9906103509
403169,2024-12-31,277555.2987855364
403169,2025-01-31,277516.4460462852
403169,2025-02-28,277448.3685352834
403169,2025-03-31,277213.95121018443
403169,2025-04-30,275997.76241864683
403169,2025-05-31,275003.66554640484
403169,2025-06-30,274926.2443685387
403169,2025-07-31,276190.767950483
403169,2025-08-31,278001.13005864696
403169,2025-09-30,279485.01655069366
403169,2025-10-31,280509.9990008357
403169,2025-11-30,281478.79688185366
403169,2025-12-31,282889.92066263984
403169,2026-01-31,284447.84204912774
403169,2026-02-28,286674.40637829923
403169,2026-03-31,288965.8291127287
403169,2026-04-30,290412.17423801875
403169,2026-05-31,290984.42399315984
403169,2026-06-30,291331.83562869
403169,2026-07-31,293281.1000903966
403169,2026-08-31,295387.13672710134
403222,2016-09-30,855703.0760834498
403222,2016-10-31,856691.6591865254
403222,2016-11-30,862536.5115695191
403222,2016-12-31,874897.3819406101
403222,2017-01-31,887583.9624177717
403222,2017-02-28,895967.1027922123
403222,2017-03-31,900367.4836199867
403222,2017-04-30,906196.5235016647
403222,2017-05-31,911171.8178488574
403222,2017-06-30,916347.2005040508
403222,2017-07-31,921062.7585019618
403222,2017-08-31,928332.0509027758
403222,2017-09-30,932950.0770080694
403222,2017-10-31,935421.920308285
403222,2017-11-30,933668.9663980296
403222,2017-12-31,932969.1462345264
403222,2018-01-31,933393.1560080324
403222,2018-02-28,936502.8020326776
403222,2018-03-31,941390.039029704
403222,2018-04-30,946580.2725677096
403222,2018-05-31,952882.2504241136
403222,2018-06-30,956744.4142273763
403222,2018-07-31,960060.3533487056
403222,2018-08-31,962179.7667759056
403222,2018-09-30,965901.9542277995
403222,2018-10-31,967888.1140028602
403222,2018-11-30,970666.39174021
403222,2018-12-31,971387.3670920604
403222,2019-01-31,975593.0104195063
403222,2019-02-28,979306.0281574376
403222,2019-03-31,982152.8467693608
403222,2019-04-30,983492.9192307508
403222,2019-05-31,984821.9573755882
403222,2019-06-30,990212.9136468838
403222,2019-07-31,995010.6634033738
403222,2019-08-31,996097.0407113148
403222,2019-09-30,993148.6936708962
403222,2019-10-31,990884.3805314448
403222,2019-11-30,993559.9227229262
403222,2019-12-31,998404.6792935658
403222,2020-01-31,999705.94956542
403222,2020-02-29,995800.1809160964
403222,2020-03-31,989281.0415965904
403222,2020-04-30,982705.9590425903
403222,2020-05-31,976822.9460958502
403222,2020-06-30,970649.3178796584
403222,2020-07-31,966201.6663028378
403222,2020-08-31,959366.2324676984
403222,2020-09-30,954138.5742381372
403222,2020-10-31,949226.0137911903
403222,2020-11-30,947934.7808624036
403222,2020-12-31,946134.4996700129
403222,2021-01-31,943752.1913689742
403222,2021-02-28,942876.1027903812
403222,2021-03-31,944491.3325461968
403222,2021-04-30,948069.9905470484
403222,2021-05-31,955164.8639793246
403222,2021-06-30,961153.4686979536
403222,2021-07-31,969378.147606896
403222,2021-08-31,976840.4212623282
403222,2021-09-30,986343.3076736296
403222,2021-10-31,1001235.4161699618
403222,2021-11-30,1017548.7411350104
403222,2021-12-31,1030946.0012264908
403222,2022-01-31,1033420.4082053804
403222,2022-02-28,1031515.4407280842
403222,2022-03-31,1031473.7633759404
403222,2022-04-30,1035496.3748061248
403222,2022-05-31,1039590.5549854648
403222,2022-06-30,1045387.922302522
403222,2022-07-31,1046802.6373338214
403222,2022-08-31,1045780.3178034894
403222,2022-09-30,1037084.0624549828
403222,2022-10-31,1030457.3572437464
403222,2022-11-30,1026126.6090566032
403222,2022-12-31,1026345.4850794028
403222,2023-01-31,1023507.9135874892
403222,2023-02-28,1015048.0746746823
403222,2023-03-31,1003137.5109522836
403222,2023-04-30,999057.7632868224
403222,2023-05-31,1003776.9982339076
403222,2023-06-30,1011637.0634659176
403222,2023-07-31,1016529.095100427
403222,2023-08-31,1016999.6043321056
403222,2023-09-30,1015889.0990772598
403222,2023-10-31,1011992.0182498732
403222,2023-11-30,1008483.5441957406
403222,2023-12-31,1007907.806192731
403222,2024-01-31,1012391.5770606872
403222,2024-02-29,1016974.1558306948
403222,2024-03-31,1025000.8484563176
403222,2024-04-30,1030659.0564883896
403222,2024-05-31,1036764.2314900388
403222,2024-06-30,1036170.1380587098
403222,2024-07-31,1037220.6868957756
403222,2024-08-31,1039018.4538412272
403222,2024-09-30,1041642.151962286
403222,2024-10-31,1042754.707871152
403222,2024-11-30,1044207.4026600706
403222,2024-12-31,1048684.6973622816
403222,2025-01-31,1054475.8287195032
403222,2025-02-28,1062868.2705807192
403222,2025-03-31,1071119.156976597
403222,2025-04-30,1079987.12872525
403222,2025-05-31,1084985.7525965974
403222,2025-06-30,1089243.8317097535
403222,2025-07-31,1091369.634985722
403222,2025-08-31,1094420.4725087157
403222,2025-09-30,1098900.581030294
403222,2025-10-31,1102759.064506322
403222,2025-11-30,1105361.208500696
403222,2025-12-31,1106642.8438700002
403222,2026-01-31,1112376.3896024425
403222,2026-02-28,1122192.3589698232
403222,2026-03-31,1136242.5546414398
403222,2026-04-30,1143476.9138716946
403222,2026-05-31,1147861.3938932389
403222,2026-06-30,1145201.4466736626
403222,2026-07-31,1148150.4911868086
403222,2026-08-31,1155578.0207302666
403405,2016-09-30,273552.27607877366
403405,2016-10-31,274555.6805297335
403405,2016-11-30,276365.70509004727
403405,2016-12-31,278136.7991095439
403405,2017-01-31,280304.4454684135
403405,2017-02-28,282575.0797040673
403405,2017-03-31,285519.9495737503
403405,2017-04-30,288017.5454426595
403405,2017-05-31,289315.5155961262
403405,2017-06-30,289710.4245455508
403405,2017-07-31,289811.5105890931
403405,2017-08-31,290608.1706922936
403405,2017-09-30,291608.3433295966
403405,2017-10-31,292952.8607345856
403405,2017-11-30,294279.1636059452
403405,2017-12-31,296037.8064008029
403405,2018-01-31,298460.7948932048
403405,2018-02-28,301037.2451963955
403405,2018-03-31,303828.5251156321
403405,2018-04-30,305671.874657583
403405,2018-05-31,307192.8651928993
403405,2018-06-30,307951.3464758858
403405,2018-07-31,309188.43992588035
403405,2018-08-31,310670.1374656886
403405,2018-09-30,312845.9380472607
403405,2018-10-31,315444.4012300523
403405,2018-11-30,318514.7879931602
403405,2018-12-31,321210.4908750238
403405,2019-01-31,323522.76850726263
403405,2019-02-28,325337.2164332292
403405,2019-03-31,326416.31324872235
403405,2019-04-30,326410.79725193675
403405,2019-05-31,325640.7005321
403405,2019-06-30,324684.14143250027
403405,2019-07-31,324758.194816826
403405,2019-08-31,324959.3682888772
403405,2019-09-30,325119.9147217798
403405,2019-10-31,324849.65283117845
403405,2019-11-30,324757.9777561469
403405,2019-12-31,325130.14046729176
403405,2020-01-31,326036.7237892763
403405,2020-02-29,326927.7835910243
403405,2020-03-31,327555.4036321574
403405,2020-04-30,326977.29469141806
403405,2020-05-31,325504.1640313789
403405,2020-06-30,323604.6182307257
403405,2020-07-31,321752.1506045441
403405,2020-08-31,321152.7071760317
403405,2020-09-30,322256.5819971507
403405,2020-10-31,324375.9572728912
403405,2020-11-30,327048.35141379264
403405,2020-12-31,328804.2429069324
403405,2021-01-31,331037.2846475442
403405,2021-02-28,332910.2381558271
403405,2021-03-31,334676.42376576894
403405,2021-04-30,334603.18282765016
403405,2021-05-31,333853.4314833373
403405,2021-06-30,333557.42705937475
403405,2021-07-31,334732.9561594599
403405,2021-08-31,337914.4226486047
403405,2021-09-30,341511.17154504434
403405,2021-10-31,345040.8649711251
403405,2021-11-30,347825.244732103
403405,2021-12-31,351139.7494287244
403405,2022-01-31,354121.3642837915
403405,2022-02-28,356300.0894851705
403405,2022-03-31,356175.1788373321
403405,2022-04-30,355603.51492468995
403405,2022-05-31,355161.5434388811
403405,2022-06-30,356164.4757434213
403405,2022-07-31,356559.8699836983
403405,2022-08-31,355222.90100959974
403405,2022-09-30,352792.2341683602
403405,2022-10-31,351441.0440641919
403405,2022-11-30,350795.0593975407
403405,2022-12-31,349875.72634946514
403405,2023-01-31,348175.55523963383
403405,2023-02-28,346463.7983523325
403405,2023-03-31,345576.81951356004
403405,2023-04-30,345498.31180556194
403405,2023-05-31,346091.1920169162
403405,2023-06-30,347022.3325916626
403405,2023-07-31,347887.2929087615
403405,2023-08-31,349356.1080513036
403405,2023-09-30,350860.66579107795
403405,2023-10-31,351849.8667335242
403405,2023-11-30,351775.8904069423
403405,2023-12-31,349877.9052780508
403405,2024-01-31,348302.27572112787
403405,2024-02-29,347255.6300564274
403405,2024-03-31,348249.51726225525
403405,2024-04-30,349513.2066889715
403405,2024-05-31,350480.2763275309
403405,2024-06-30,350225.271873903
403405,2024-07-31,349050.3411620154
403405,2024-08-31,347433.0669385256
403405,2024-09-30,345501.9691270727
403405,2024-10-31,343349.77327518136
403405,2024-11-30,340966.1702184365
403405,2024-12-31,339231.16750261193
403405,2025-01-31,337587.1118226144
403405,2025-02-28,335902.4227807908
403405,2025-03-31,333815.8623890883
403405,2025-04-30,332011.9450529245
403405,2025-05-31,330258.6413946399
403405,2025-06-30,328142.4280488806
403405,2025-07-31,325557.6281414888
403405,2025-08-31,322754.3308920299
403405,2025-09-30,320354.4210590008
403405,2025-10-31,318672.3000075913
403405,2025-11-30,317448.746578991
403405,2025-12-31,316132.7212403528
403405,2026-01-31,314703.42223450635
403405,2026-02-28,313398.2713529454
403405,2026-03-31,312402.42596770683
403405,2026-04-30,310827.19263660605
403405,2026-05-31,308729.3889781257
403405,2026-06-30,306502.8889665131
403405,2026-07-31,304598.4054184893
403405,2026-08-31,302844.0246825745
403528,2016-09-30,210055.29846225
403528,2016-10-31,210324.1945307029
403528,2016-11-30,210640.29654494263
403528,2016-12-31,211001.7510707551
403528,2017-01-31,211390.2643725439
403528,2017-02-28,211623.9940585736
403528,2017-03-31,212033.80498493585
403528,2017-04-30,212587.5837374004
403528,2017-05-31,212850.6505127057
403528,2017-06-30,212975.15103771715
403528,2017-07-31,212514.9953230572
403528,2017-08-31,211953.24882671228
403528,2017-09-30,211299.191209701
403528,2017-10-31,211037.6091644456
403528,2017-11-30,211113.42399370577
403528,2017-12-31,211165.13963357665
403528,2018-01-31,210969.0716898804
403528,2018-02-28,210605.1136083933
403528,2018-03-31,210496.6508634952
403528,2018-04-30,210532.2048549965
403528,2018-05-31,210946.2191139412
403528,2018-06-30,211356.67502768748
403528,2018-07-31,211996.57734183175
403528,2018-08-31,212431.93328100536
403528,2018-09-30,212735.13385120904
403528,2018-10-31,212903.50995126925
403528,2018-11-30,212930.46566740444
403528,2018-12-31,213103.91446756272
403528,2019-01-31,213399.3683404836
403528,2019-02-28,213747.59354679915
403528,2019-03-31,214058.990082964
403528,2019-04-30,214072.19255049527
403528,2019-05-31,214083.17508032755
403528,2019-06-30,214000.47341180607
403528,2019-07-31,213741.57783708707
403528,2019-08-31,213390.02241269752
403528,2019-09-30,212910.6302045622
403528,2019-10-31,212741.7005090024
403528,2019-11-30,212913.4892583867
403528,2019-12-31,213041.317396227
403528,2020-01-31,213288.70015828032
403528,2020-02-29,213531.0452499337
403528,2020-03-31,214032.70334337407
403528,2020-04-30,214151.2663495062
403528,2020-05-31,213838.2851419192
403528,2020-06-30,213270.63789460208
403528,2020-07-31,212828.20271578865
403528,2020-08-31,213048.2665360273
403528,2020-09-30,213982.9590188105
403528,2020-10-31,215489.9671466277
403528,2020-11-30,217222.5299883004
403528,2020-12-31,218827.5553453864
403528,2021-01-31,220230.10054187363
403528,2021-02-28,221736.22358130795
403528,2021-03-31,223764.93768463016
403528,2021-04-30,226219.33714779365
403528,2021-05-31,229025.8588281751
403528,2021-06-30,231646.8675023442
403528,2021-07-31,233574.79704276012
403528,2021-08-31,234366.5674908624
403528,2021-09-30,234501.48465243587
403528,2021-10-31,235091.25806123592
403528,2021-11-30,236504.55295696427
403528,2021-12-31,238407.69415185103
403528,2022-01-31,241195.3074952136
403528,2022-02-28,244076.38717055277
403528,2022-03-31,247344.59561399123
403528,2022-04-30,250321.24293536143
403528,2022-05-31,253206.0578210298
403528,2022-06-30,255817.1011572742
403528,2022-07-31,257465.9152471842
403528,2022-08-31,258341.3112424385
403528,2022-09-30,258552.77988092587
403528,2022-10-31,258894.7736658748
403528,2022-11-30,259728.5034965655
403528,2022-12-31,260701.9914064126
403528,2023-01-31,261145.95932861217
403528,2023-02-28,260865.88687590123
403528,2023-03-31,260738.1904690001
403528,2023-04-30,261317.62771373856
403528,2023-05-31,262381.51109592925
403528,2023-06-30,263557.25437035365
403528,2023-07-31,264527.41334735235
403528,2023-08-31,265857.5082160286
403528,2023-09-30,266906.14439859183
403528,2023-10-31,267652.1471687331
403528,2023-11-30,267689.1288277892
403528,2023-12-31,267384.7807128946
403528,2024-01-31,267537.80285717204
403528,2024-02-29,267969.18592760054
403528,2024-03-31,268753.04914672434
403528,2024-04-30,269219.4357291448
403528,2024-05-31,269154.553471914
403528,2024-06-30,268372.31573771365
403528,2024-07-31,267336.881841407
403528,2024-08-31,266360.3788840066
403528,2024-09-30,265570.0570271734
403528,2024-10-31,264596.007942963
403528,2024-11-30,263304.05216235534
403528,2024-12-31,262111.2998178942
403528,2025-01-31,260958.5637028546
403528,2025-02-28,260219.66789703464
403528,2025-03-31,259190.6993050519
403528,2025-04-30,258117.2513675489
403528,2025-05-31,256786.7508473747
403528,2025-06-30,255635.91812444097
403528,2025-07-31,254605.5770610165
403528,2025-08-31,253651.17041456155
403528,2025-09-30,252993.626808267
403528,2025-10-31,252926.7786810708
403528,2025-11-30,253733.7399704221
403528,2025-12-31,254407.68207263903
403528,2026-01-31,254450.2523012373
403528,2026-02-28,253334.35895858487
403528,2026-03-31,251545.19548071933
403528,2026-04-30,249420.1947186802
403528,2026-05-31,247476.51777924257
403528,2026-06-30,246402.3683342797
403528,2026-07-31,245979.72053404892
403528,2026-08-31,246128.76932598383
403538,2016-09-30,117576.71926463902
403538,2016-10-31,118147.20424608972
403538,2016-11-30,119384.97003451688
403538,2016-12-31,120848.85902241188
403538,2017-01-31,122124.27514214496
403538,2017-02-28,123136.29488822391
403538,2017-03-31,124074.12390671782
403538,2017-04-30,125271.42174535296
403538,2017-05-31,126229.4839264773
403538,2017-06-30,127160.54519672896
403538,2017-07-31,127953.49681042344
403538,2017-08-31,128354.08982679568
403538,2017-09-30,128487.77743178378
403538,2017-10-31,128414.5125672901
403538,2017-11-30,128629.6245396379
403538,2017-12-31,128852.27882629436
403538,2018-01-31,129118.64108742416
403538,2018-02-28,129744.04418594563
403538,2018-03-31,130949.53899999596
403538,2018-04-30,132404.21444754835
403538,2018-05-31,133690.7882001883
403538,2018-06-30,134681.618454652
403538,2018-07-31,135521.86309954454
403538,2018-08-31,136441.2583124441
403538,2018-09-30,137692.34397968775
403538,2018-10-31,139278.81941457698
403538,2018-11-30,141044.53333545415
403538,2018-12-31,142729.6555056698
403538,2019-01-31,144269.01982685688
403538,2019-02-28,145606.77271335045
403538,2019-03-31,147013.27427460908
403538,2019-04-30,148149.28867329075
403538,2019-05-31,149572.9220445009
403538,2019-06-30,150698.9797969372
403538,2019-07-31,151799.72623117632
403538,2019-08-31,152369.39710575156
403538,2019-09-30,152967.41801398658
403538,2019-10-31,153708.48576858558
403538,2019-11-30,154701.01142055626
403538,2019-12-31,155510.90093440822
403538,2020-01-31,156281.26466678633
403538,2020-02-29,157084.7259314494
403538,2020-03-31,158058.48199878403
403538,2020-04-30,158838.3432548782
403538,2020-05-31,159190.8175086452
403538,2020-06-30,159572.52830898456
403538,2020-07-31,160336.64332673582
403538,2020-08-31,161946.25380319785
403538,2020-09-30,163753.01137895204
403538,2020-10-31,165931.01805167287
403538,2020-11-30,168368.1945297322
403538,2020-12-31,170759.2480128529
403538,2021-01-31,173086.5382814194
403538,2021-02-28,175325.44988655273
403538,2021-03-31,177873.94945730493
403538,2021-04-30,180386.99200316807
403538,2021-05-31,183090.641144222
403538,2021-06-30,185678.97812989587
403538,2021-07-31,186895.03626853085
403538,2021-08-31,186166.7598648148
403538,2021-09-30,184479.98261011823
403538,2021-10-31,183876.74974811496
403538,2021-11-30,184732.49525864652
403538,2021-12-31,186254.9031128868
403538,2022-01-31,189488.497927794
403538,2022-02-28,194497.8759525609
403538,2022-03-31,201056.73528609867
403538,2022-04-30,206663.88401547508
403538,2022-05-31,210816.8101660988
403538,2022-06-30,213774.6278901948
403538,2022-07-31,216091.1476761751
403538,2022-08-31,217391.1079029044
403538,2022-09-30,218270.0438230245
403538,2022-10-31,219083.0291788325
403538,2022-11-30,219835.6340555568
403538,2022-12-31,219121.7250004524
403538,2023-01-31,216972.45056492655
403538,2023-02-28,214313.57765830716
403538,2023-03-31,212308.1814803464
403538,2023-04-30,211152.6757410568
403538,2023-05-31,210822.4291798482
403538,2023-06-30,211319.23112102548
403538,2023-07-31,211541.52863926583
403538,2023-08-31,211708.60147821435
403538,2023-09-30,211425.0301465798
403538,2023-10-31,211294.22320207988
403538,2023-11-30,210974.5530217786
403538,2023-12-31,210630.7510335974
403538,2024-01-31,210718.6763230753
403538,2024-02-29,210958.80905547863
403538,2024-03-31,212057.6222141265
403538,2024-04-30,213334.40391454272
403538,2024-05-31,214620.87545147687
403538,2024-06-30,214873.2735821405
403538,2024-07-31,214406.4607723928
403538,2024-08-31,213574.4109376337
403538,2024-09-30,212577.62237257103
403538,2024-10-31,211738.3872586176
403538,2024-11-30,211155.5309607502
403538,2024-12-31,210879.5649203841
403538,2025-01-31,210003.84943598497
403538,2025-02-28,208852.29275944957
403538,2025-03-31,207396.242169566
403538,2025-04-30,206091.75544359797
403538,2025-05-31,204573.57421804767
403538,2025-06-30,202902.81215682204
403538,2025-07-31,201535.4711785124
403538,2025-08-31,200529.71344163796
403538,2025-09-30,199724.30725700388
403538,2025-10-31,198938.99998783672
403538,2025-11-30,198617.00138935412
403538,2025-12-31,198764.78613999483
403538,2026-01-31,198966.82310936364
403538,2026-02-28,198639.82623961612
403538,2026-03-31,197809.89486508723
403538,2026-04-30,196826.50410725348
403538,2026-05-31,195846.21945797149
403538,2026-06-30,195169.75643395665
403538,2026-07-31,194997.99440957315
403538,2026-08-31,195182.7571438741
403541,2016-09-30,116376.81199579868
403541,2016-10-31,117282.95098507556
403541,2016-11-30,118535.0350534735
403541,2016-12-31,119708.209316861
403541,2017-01-31,120653.56480129396
403541,2017-02-28,121266.04482663651
403541,2017-03-31,121720.64712059328
403541,2017-04-30,122530.3072343098
403541,2017-05-31,123278.5301893092
403541,2017-06-30,124120.00753026824
403541,2017-07-31,124627.88438537678
403541,2017-08-31,124853.7671649688
403541,2017-09-30,125061.10630582506
403541,2017-10-31,125243.10414325012
403541,2017-11-30,125772.62225626055
403541,2017-12-31,126227.21189715742
403541,2018-01-31,126753.99823434492
403541,2018-02-28,127581.49877613928
403541,2018-03-31,128955.99207200616
403541,2018-04-30,130497.7220548134
403541,2018-05-31,131923.73738814026
403541,2018-06-30,133087.05385616008
403541,2018-07-31,134262.62311828267
403541,2018-08-31,135329.9593039108
403541,2018-09-30,136622.36834352414
403541,2018-10-31,137995.5345097724
403541,2018-11-30,139473.81975133298
403541,2018-12-31,140725.5381799508
403541,2019-01-31,141960.25862922258
403541,2019-02-28,143146.80401828635
403541,2019-03-31,144667.71093539125
403541,2019-04-30,145815.20253968422
403541,2019-05-31,147086.29790424858
403541,2019-06-30,147967.27151426522
403541,2019-07-31,148835.56247775882
403541,2019-08-31,149912.02834714294
403541,2019-09-30,151608.66436095996
403541,2019-10-31,153809.91404334517
403541,2019-11-30,155737.6113463095
403541,2019-12-31,156831.25458758825
403541,2020-01-31,157670.42532364963
403541,2020-02-29,158453.3061990074
403541,2020-03-31,159441.4063579821
403541,2020-04-30,160145.85241182896
403541,2020-05-31,160283.98948458777
403541,2020-06-30,160250.8100816879
403541,2020-07-31,160391.95557392403
403541,2020-08-31,161138.66262363025
403541,2020-09-30,162421.86246025233
403541,2020-10-31,164357.6787234533
403541,2020-11-30,166664.1257413487
403541,2020-12-31,168882.3881891819
403541,2021-01-31,170948.78678136045
403541,2021-02-28,173122.8261359842
403541,2021-03-31,175518.7481365172
403541,2021-04-30,177838.41124101332
403541,2021-05-31,180313.646754524
403541,2021-06-30,182959.3029805997
403541,2021-07-31,184587.9218629597
403541,2021-08-31,184500.49626741957
403541,2021-09-30,183388.4645489842
403541,2021-10-31,183270.76402102888
403541,2021-11-30,184637.371921242
403541,2021-12-31,186682.724793852
403541,2022-01-31,190140.33574765665
403541,2022-02-28,194339.26296455404
403541,2022-03-31,199661.17246355664
403541,2022-04-30,204031.12463579024
403541,2022-05-31,207657.8770096772
403541,2022-06-30,210209.00075458107
403541,2022-07-31,212169.78771065225
403541,2022-08-31,213179.17329032047
403541,2022-09-30,214076.76527269557
403541,2022-10-31,214931.694759467
403541,2022-11-30,215854.12949388707
403541,2022-12-31,215519.59688670104
403541,2023-01-31,214001.9546683446
403541,2023-02-28,212117.2015893715
403541,2023-03-31,210934.46575265357
403541,2023-04-30,210501.8534390684
403541,2023-05-31,210897.45609088405
403541,2023-06-30,211731.86540604537
403541,2023-07-31,212477.5015781572
403541,2023-08-31,213248.88891488063
403541,2023-09-30,213808.4124943655
403541,2023-10-31,214488.2157271512
403541,2023-11-30,214920.4239463502
403541,2023-12-31,215352.8550544916
403541,2024-01-31,216241.658526488
403541,2024-02-29,217420.99008748116
403541,2024-03-31,219118.616907233
403541,2024-04-30,220903.65484181352
403541,2024-05-31,221947.61079982904
403541,2024-06-30,221930.14020206733
403541,2024-07-31,220901.27186465808
403541,2024-08-31,219579.49711428437
403541,2024-09-30,217969.21499325844
403541,2024-10-31,216722.18421080135
403541,2024-11-30,216172.91849387277
403541,2024-12-31,216538.41970327677
403541,2025-01-31,216639.68224233887
403541,2025-02-28,216373.34658210524
403541,2025-03-31,215278.99848240844
403541,2025-04-30,213662.20920608207
403541,2025-05-31,211710.4200082358
403541,2025-06-30,209440.019774804
403541,2025-07-31,207654.31102557303
403541,2025-08-31,205950.8683749674
403541,2025-09-30,204422.13092708265
403541,2025-10-31,202763.12182521293
403541,2025-11-30,201815.70030400925
403541,2025-12-31,201525.58956264824
403541,2026-01-31,201783.1579957234
403541,2026-02-28,201488.1169396584
403541,2026-03-31,200890.3695518248
403541,2026-04-30,199995.2234565738
403541,2026-05-31,199575.487765277
403541,2026-06-30,199263.10922658336
403541,2026-07-31,199121.87081250592
403541,2026-08-31,199133.5527660531
403542,2016-09-30,234564.57794984872
403542,2016-10-31,234863.5088905084
403542,2016-11-30,235646.77810683587
403542,2016-12-31,236240.9089695961
403542,2017-01-31,236545.4430258954
403542,2017-02-28,236439.3355026819
403542,2017-03-31,236506.36068034123
403542,2017-04-30,236832.01615850432
403542,2017-05-31,237202.6749956701
403542,2017-06-30,237630.44822572064
403542,2017-07-31,237791.99433322856
403542,2017-08-31,237839.1824625457
403542,2017-09-30,237777.53640052504
403542,2017-10-31,238023.34099418143
403542,2017-11-30,238631.15706661923
403542,2017-12-31,239447.4830632673
403542,2018-01-31,240113.75851388628
403542,2018-02-28,240335.9985625349
403542,2018-03-31,240435.8367893996
403542,2018-04-30,240622.30530358848
403542,2018-05-31,241148.71673647608
403542,2018-06-30,241809.86425817863
403542,2018-07-31,242686.76021934935
403542,2018-08-31,243305.03843719696
403542,2018-09-30,243711.15091916337
403542,2018-10-31,243858.46297591933
403542,2018-11-30,244163.96333803632
403542,2018-12-31,244612.5104998846
403542,2019-01-31,245067.28309172307
403542,2019-02-28,245645.30566177136
403542,2019-03-31,246268.9669259393
403542,2019-04-30,246865.5297805349
403542,2019-05-31,247257.4163274893
403542,2019-06-30,247494.0808025438
403542,2019-07-31,247509.6421681412
403542,2019-08-31,247365.3253994513
403542,2019-09-30,247180.68328140213
403542,2019-10-31,247108.8779012648
403542,2019-11-30,247395.5331105657
403542,2019-12-31,247714.69581042093
403542,2020-01-31,248136.4559216613
403542,2020-02-29,248461.21681639427
403542,2020-03-31,248838.2397061924
403542,2020-04-30,248798.69977879283
403542,2020-05-31,248309.35031656743
403542,2020-06-30,248015.8851679374
403542,2020-07-31,248380.2008999422
403542,2020-08-31,249615.561735862
403542,2020-09-30,251442.15014193987
403542,2020-10-31,253664.6850783712
403542,2020-11-30,256467.1341959826
403542,2020-12-31,259362.6821340516
403542,2021-01-31,262547.8676333225
403542,2021-02-28,265682.6336570812
403542,2021-03-31,269171.301142296
403542,2021-04-30,272696.9598736095
403542,2021-05-31,276887.0514962505
403542,2021-06-30,281413.66847760946
403542,2021-07-31,285672.84152516705
403542,2021-08-31,288623.1240108265
403542,2021-09-30,290596.8967286394
403542,2021-10-31,292858.9038069188
403542,2021-11-30,296099.31978287967
403542,2021-12-31,299962.8427787629
403542,2022-01-31,305153.0132767383
403542,2022-02-28,311062.9552051494
403542,2022-03-31,317772.66026571096
403542,2022-04-30,323818.3849574336
403542,2022-05-31,329293.52133888146
403542,2022-06-30,334072.35665895394
403542,2022-07-31,337598.1897721438
403542,2022-08-31,339392.9155207956
403542,2022-09-30,339672.0739362384
403542,2022-10-31,339554.4565795257
403542,2022-11-30,339535.4493155736
403542,2022-12-31,339109.7427182414
403542,2023-01-31,338172.0175041226
403542,2023-02-28,337104.58735527383
403542,2023-03-31,336304.6118738382
403542,2023-04-30,335903.44281706266
403542,2023-05-31,335954.94931572274
403542,2023-06-30,336758.7392305629
403542,2023-07-31,337705.99005633063
403542,2023-08-31,338811.70621241786
403542,2023-09-30,339449.1656632182
403542,2023-10-31,339680.77136693685
403542,2023-11-30,339348.4524643093
403542,2023-12-31,338945.2918720988
403542,2024-01-31,338896.7601035971
403542,2024-02-29,339527.0626389109
403542,2024-03-31,340797.80415133975
403542,2024-04-30,342259.0016108951
403542,2024-05-31,342784.8680557941
403542,2024-06-30,342260.550737439
403542,2024-07-31,341336.5650933487
403542,2024-08-31,340831.7238520516
403542,2024-09-30,340795.1387606566
403542,2024-10-31,340749.65267090785
403542,2024-11-30,340596.4927486765
403542,2024-12-31,340897.9321411795
403542,2025-01-31,341474.7045887057
403542,2025-02-28,341937.754489819
403542,2025-03-31,341366.121864362
403542,2025-04-30,340035.44752495614
403542,2025-05-31,338639.6057647343
403542,2025-06-30,337054.27791615523
403542,2025-07-31,335983.14091476385
403542,2025-08-31,335219.7109037242
403542,2025-09-30,335047.78261187853
403542,2025-10-31,335042.5225955826
403542,2025-11-30,335245.65886476106
403542,2025-12-31,335567.62849003647
403542,2026-01-31,335711.50875741726
403542,2026-02-28,335897.7749207493
403542,2026-03-31,336045.0290343032
403542,2026-04-30,335894.36685163924
403542,2026-05-31,335255.73041434906
403542,2026-06-30,334300.0766218396
403542,2026-07-31,333624.10008179146
403542,2026-08-31,333211.7933349856
403553,2016-09-30,251277.28136859345
403553,2016-10-31,251873.5281539927
403553,2016-11-30,252720.1520870429
403553,2016-12-31,253246.1131080221
403553,2017-01-31,253420.02125675904
403553,2017-02-28,253355.82068220084
403553,2017-03-31,253601.15954189244
403553,2017-04-30,254334.57536271092
403553,2017-05-31,254839.7175138325
403553,2017-06-30,255151.77954018672
403553,2017-07-31,254921.98340255325
403553,2017-08-31,254789.869543496
403553,2017-09-30,254673.58878810785
403553,2017-10-31,254970.55645018804
403553,2017-11-30,255500.63073027437
403553,2017-12-31,256049.2683540168
403553,2018-01-31,256155.01195901795
403553,2018-02-28,255739.6219826212
403553,2018-03-31,255389.07070065456
403553,2018-04-30,255493.2871881132
403553,2018-05-31,256183.9175764124
403553,2018-06-30,256954.47790081252
403553,2018-07-31,257892.8175550562
403553,2018-08-31,258610.2699156179
403553,2018-09-30,259215.764078144
403553,2018-10-31,259472.3929315137
403553,2018-11-30,259685.587702268
403553,2018-12-31,260005.0162303896
403553,2019-01-31,260267.7616571912
403553,2019-02-28,260568.1625115891
403553,2019-03-31,261091.26892869815
403553,2019-04-30,261395.68464252804
403553,2019-05-31,261442.1824670197
403553,2019-06-30,261001.1999444732
403553,2019-07-31,260378.89857740284
403553,2019-08-31,259959.5256476242
403553,2019-09-30,259692.3351463464
403553,2019-10-31,259825.0753400385
403553,2019-11-30,259994.16211117827
403553,2019-12-31,260107.71023380675
403553,2020-01-31,260320.25830289663
403553,2020-02-29,260648.23594956464
403553,2020-03-31,261189.47512769312
403553,2020-04-30,261383.07564362756
403553,2020-05-31,260778.9950205236
403553,2020-06-30,260083.65967651675
403553,2020-07-31,260072.0275948306
403553,2020-08-31,261330.2161909356
403553,2020-09-30,263340.8650235823
403553,2020-10-31,265557.886267308
403553,2020-11-30,268050.0414195792
403553,2020-12-31,270234.7030245594
403553,2021-01-31,272624.6219475161
403553,2021-02-28,274833.008009523
403553,2021-03-31,277578.218560504
403553,2021-04-30,280323.6140710073
403553,2021-05-31,283643.455917061
403553,2021-06-30,286895.62222865364
403553,2021-07-31,289388.1125011585
403553,2021-08-31,290497.424058934
403553,2021-09-30,290647.87810353376
403553,2021-10-31,291418.49851639866
403553,2021-11-30,293400.6378896839
403553,2021-12-31,296421.9219735582
403553,2022-01-31,300853.2886600181
403553,2022-02-28,306298.97608760087
403553,2022-03-31,312839.05733788403
403553,2022-04-30,319061.2617108335
403553,2022-05-31,324488.05801999493
403553,2022-06-30,329033.8529326201
403553,2022-07-31,332247.84605726885
403553,2022-08-31,333958.1369261134
403553,2022-09-30,334302.1342178306
403553,2022-10-31,334224.2798005752
403553,2022-11-30,334230.176427233
403553,2022-12-31,333710.99651823315
403553,2023-01-31,332561.1048802151
403553,2023-02-28,331416.3778822922
403553,2023-03-31,331048.698080413
403553,2023-04-30,331488.01705010835
403553,2023-05-31,332355.0406885428
403553,2023-06-30,333595.5836668901
403553,2023-07-31,334804.6403619777
403553,2023-08-31,336033.1001695603
403553,2023-09-30,336886.3189796928
403553,2023-10-31,337382.09479211847
403553,2023-11-30,337494.1346700823
403553,2023-12-31,337672.6673305107
403553,2024-01-31,338389.0874127967
403553,2024-02-29,339550.26832416275
403553,2024-03-31,341174.4418895323
403553,2024-04-30,342797.55405224586
403553,2024-05-31,343746.8153507151
403553,2024-06-30,343592.25940280245
403553,2024-07-31,342891.85836211353
403553,2024-08-31,342310.2065638402
403553,2024-09-30,341950.51599598833
403553,2024-10-31,341633.9424813026
403553,2024-11-30,340909.80820822745
403553,2024-12-31,340411.191593214
403553,2025-01-31,339924.3786372989
403553,2025-02-28,339486.3022765185
403553,2025-03-31,338323.0547555363
403553,2025-04-30,336775.6728617556
403553,2025-05-31,335474.72589501995
403553,2025-06-30,334399.2243310081
403553,2025-07-31,333602.8541814965
403553,2025-08-31,332758.1462834778
403553,2025-09-30,331999.52272822993
403553,2025-10-31,331585.33395303594
403553,2025-11-30,331546.3209374208
403553,2025-12-31,332226.48178782203
403553,2026-01-31,332782.2911505787
403553,2026-02-28,332894.31894440326
403553,2026-03-31,332027.7551725552
403553,2026-04-30,330283.0776262876
403553,2026-05-31,328329.642642855
403553,2026-06-30,326554.20827488194
403553,2026-07-31,325363.3984549743
403553,2026-08-31,324758.05664209794
403558,2016-09-30,149803.18595704366
403558,2016-10-31,150916.59695938986
403558,2016-11-30,152154.87308079618
403558,2016-12-31,153301.93366118133
403558,2017-01-31,154280.48324520947
403558,2017-02-28,154946.20090995557
403558,2017-03-31,155758.67379828176
403558,2017-04-30,156751.4481314127
403558,2017-05-31,157777.49738744195
403558,2017-06-30,158583.00293620976
403558,2017-07-31,159188.9423763973
403558,2017-08-31,159954.2413928859
403558,2017-09-30,160713.30356146887
403558,2017-10-31,161612.0638847029
403558,2017-11-30,162431.90773617456
403558,2017-12-31,163256.24978066146
403558,2018-01-31,164055.81068597702
403558,2018-02-28,164808.08961844328
403558,2018-03-31,165702.1997753576
403558,2018-04-30,166634.5914714703
403558,2018-05-31,167581.04445950253
403558,2018-06-30,168582.75071373713
403558,2018-07-31,169636.32078609432
403558,2018-08-31,170781.78251148734
403558,2018-09-30,171870.6540197292
403558,2018-10-31,172950.05505794703
403558,2018-11-30,174122.57568391782
403558,2018-12-31,175404.74136822857
403558,2019-01-31,176657.8682398506
403558,2019-02-28,177845.0252032053
403558,2019-03-31,178803.71106499294
403558,2019-04-30,179562.57422433022
403558,2019-05-31,180150.37159032337
403558,2019-06-30,180736.1930174972
403558,2019-07-31,181235.3437588663
403558,2019-08-31,181681.33922564003
403558,2019-09-30,182133.40647011416
403558,2019-10-31,182762.7017669531
403558,2019-11-30,183679.5541048078
403558,2019-12-31,184721.6506639196
403558,2020-01-31,185781.7166996588
403558,2020-02-29,186600.25010286915
403558,2020-03-31,187302.64087883977
403558,2020-04-30,187718.46670023008
403558,2020-05-31,187769.56163670856
403558,2020-06-30,187784.01992251596
403558,2020-07-31,188205.0414937184
403558,2020-08-31,189206.20267807672
403558,2020-09-30,190677.33494803283
403558,2020-10-31,192546.50599341872
403558,2020-11-30,194925.0132252616
403558,2020-12-31,197218.7706081065
403558,2021-01-31,199570.2315319494
403558,2021-02-28,201913.4290926945
403558,2021-03-31,204613.19459978712
403558,2021-04-30,207268.10374803576
403558,2021-05-31,210149.14204920284
403558,2021-06-30,213361.93598413767
403558,2021-07-31,215890.84373935536
403558,2021-08-31,217279.1184690688
403558,2021-09-30,217716.9985834316
403558,2021-10-31,218685.2838361165
403558,2021-11-30,220538.53065893045
403558,2021-12-31,222928.6800152685
403558,2022-01-31,226800.19607920272
403558,2022-02-28,231666.75120682732
403558,2022-03-31,237359.67129778155
403558,2022-04-30,242213.73550098983
403558,2022-05-31,246097.37980584745
403558,2022-06-30,249135.49616326857
403558,2022-07-31,251276.76197270848
403558,2022-08-31,252540.86997025184
403558,2022-09-30,252845.9882170506
403558,2022-10-31,252778.3703084218
403558,2022-11-30,252455.01817384455
403558,2022-12-31,251721.8902949933
403558,2023-01-31,250395.71942911836
403558,2023-02-28,249165.4186994837
403558,2023-03-31,248335.37634310883
403558,2023-04-30,248244.3288608964
403558,2023-05-31,248704.2675607244
403558,2023-06-30,249727.0275067372
403558,2023-07-31,250747.46344608595
403558,2023-08-31,251792.3393750201
403558,2023-09-30,252423.90946846237
403558,2023-10-31,252599.9953984829
403558,2023-11-30,252359.29243871756
403558,2023-12-31,252162.3262755538
403558,2024-01-31,252713.50602618785
403558,2024-02-29,253585.78423331608
403558,2024-03-31,254866.81894027223
403558,2024-04-30,255909.1566720059
403558,2024-05-31,256543.3194813804
403558,2024-06-30,256558.91088821308
403558,2024-07-31,256472.7556166636
403558,2024-08-31,256271.98659573853
403558,2024-09-30,255924.09629346663
403558,2024-10-31,255194.81526199097
403558,2024-11-30,254457.2614399076
403558,2024-12-31,254188.07535808
403558,2025-01-31,254055.6085325758
403558,2025-02-28,253734.73740045915
403558,2025-03-31,252796.6058172907
403558,2025-04-30,251726.75908508792
403558,2025-05-31,250876.81973936665
403558,2025-06-30,250260.73071543724
403558,2025-07-31,249957.22567975384
403558,2025-08-31,250117.52005199212
403558,2025-09-30,250474.32473952344
403558,2025-10-31,250803.55610092648
403558,2025-11-30,250853.65160062653
403558,2025-12-31,250836.88742811812
403558,2026-01-31,250631.9768060729
403558,2026-02-28,250301.33172942884
403558,2026-03-31,249877.42038267723
403558,2026-04-30,249440.75948376328
403558,2026-05-31,248980.8455081276
403558,2026-06-30,248509.8502866372
403558,2026-07-31,248095.3855332145
403558,2026-08-31,247936.51496583596
417493,2016-09-30,570936.0662411139
417493,2016-10-31,568733.6010163367
417493,2016-11-30,568711.2126074934
417493,2016-12-31,568960.9379193885
417493,2017-01-31,568470.1725561429
417493,2017-02-28,568931.17823649
417493,2017-03-31,568410.3399136194
417493,2017-04-30,568393.5161974602
417493,2017-05-31,567516.7756725848
417493,2017-06-30,566812.9061251412
417493,2017-07-31,564111.9691342827
417493,2017-08-31,561162.372023146
417493,2017-09-30,561416.6662714517
417493,2017-10-31,564930.3807811475
417493,2017-11-30,570519.3492941527
417493,2017-12-31,573992.0997240247
417493,2018-01-31,577655.3015751856
417493,2018-02-28,580323.4055603654
417493,2018-03-31,584971.5300189975
417493,2018-04-30,589610.4341707983
417493,2018-05-31,594598.99213058
417493,2018-06-30,596932.0030895853
417493,2018-07-31,595080.8278145171
417493,2018-08-31,591721.106980207
417493,2018-09-30,590463.3182262017
417493,2018-10-31,591960.6722964798
417493,2018-11-30,594374.4715309417
417493,2018-12-31,594659.6491674404
417493,2019-01-31,592841.1929519052
417493,2019-02-28,587536.9656925411
417493,2019-03-31,580679.3131226257
417493,2019-04-30,575327.3993252721
417493,2019-05-31,573809.8127312908
417493,2019-06-30,575674.2184466668
417493,2019-07-31,580183.8768621994
417493,2019-08-31,584529.0704732836
417493,2019-09-30,588004.4257352859
417493,2019-10-31,590990.7355310674
417493,2019-11-30,594388.4485620583
417493,2019-12-31,598860.2307186063
417493,2020-01-31,600249.144611198
417493,2020-02-29,596482.5768947358
417493,2020-03-31,588914.7789754687
417493,2020-04-30,581363.7513721253
417493,2020-05-31,575929.8725422354
417493,2020-06-30,571525.6798288621
417493,2020-07-31,568841.3821132657
417493,2020-08-31,570008.9751570356
417493,2020-09-30,573530.8262539055
417493,2020-10-31,576726.352047521
417493,2020-11-30,577791.8781556232
417493,2020-12-31,577545.6601239602
417493,2021-01-31,576657.7023859486
417493,2021-02-28,573732.6305283406
417493,2021-03-31,570037.3421905822
417493,2021-04-30,565544.8419100625
417493,2021-05-31,563322.7397182762
417493,2021-06-30,562325.0073036732
417493,2021-07-31,562429.3130766758
417493,2021-08-31,560621.0797711973
417493,2021-09-30,556700.7396683734
417493,2021-10-31,555627.6604660383
417493,2021-11-30,559380.9999879358
417493,2021-12-31,563629.3747660083
417493,2022-01-31,564655.5167804923
417493,2022-02-28,563058.4085400027
417493,2022-03-31,561367.4174674832
417493,2022-04-30,558979.0452834372
417493,2022-05-31,554455.8875541427
417493,2022-06-30,548654.7752314559
417493,2022-07-31,540408.4228986792
417493,2022-08-31,532593.4458570079
417493,2022-09-30,523943.1145868736
417493,2022-10-31,517003.4271109288
417493,2022-11-30,509298.91226246674
417493,2022-12-31,501884.1740464718
417493,2023-01-31,495359.6440768947
417493,2023-02-28,490656.0827314717
417493,2023-03-31,488006.36516229017
417493,2023-04-30,486680.864091536
417493,2023-05-31,484702.033507145
417493,2023-06-30,483889.6332073796
417493,2023-07-31,483799.2434575921
417493,2023-08-31,485589.11208508565
417493,2023-09-30,489022.7742070127
417493,2023-10-31,489989.5748607714
417493,2023-11-30,488936.7232417802
417493,2023-12-31,484843.1277222422
417493,2024-01-31,482420.5212417042
417493,2024-02-29,480839.7184516779
417493,2024-03-31,482665.20260131353
417493,2024-04-30,485694.17360735993
417493,2024-05-31,489133.6396483136
417493,2024-06-30,489814.6787907818
417493,2024-07-31,490571.2823317992
417493,2024-08-31,490833.72794562206
417493,2024-09-30,491954.694285481
417493,2024-10-31,490437.6257367781
417493,2024-11-30,488419.3898725619
417493,2024-12-31,485687.10537619865
417493,2025-01-31,485202.17380974296
417493,2025-02-28,485604.3169803787
417493,2025-03-31,485900.9213880017
417493,2025-04-30,484068.4554032832
417493,2025-05-31,480550.5827766843
417493,2025-06-30,475584.04622710886
417493,2025-07-31,468964.8865687546
417493,2025-08-31,463113.5503000584
417493,2025-09-30,458685.8833352823
417493,2025-10-31,457303.5313666549
417493,2025-11-30,457469.46035275
417493,2025-12-31,458644.8078450165
417493,2026-01-31,460559.9795201958
417493,2026-02-28,462323.7158168363
417493,2026-03-31,464873.9535374409
417493,2026-04-30,466835.07273959887
417493,2026-05-31,470270.6064024848
417493,2026-06-30,472232.5786162358
417493,2026-07-31,474695.5477703882
417493,2026-08-31,477286.0423453571
417703,2016-09-30,510166.3601049856
417703,2016-10-31,509269.0517215992
417703,2016-11-30,509611.58857522457
417703,2016-12-31,511399.0146448717
417703,2017-01-31,513709.89703663625
417703,2017-02-28,516778.7113501781
417703,2017-03-31,520898.967570252
417703,2017-04-30,525480.0054396357
417703,2017-05-31,529996.1474958598
417703,2017-06-30,534690.8984366426
417703,2017-07-31,538915.2369729182
417703,2017-08-31,542876.3608257215
417703,2017-09-30,547030.2817155202
417703,2017-10-31,552252.7375895398
417703,2017-11-30,557825.9147693584
417703,2017-12-31,563461.1435390449
417703,2018-01-31,568989.892211748
417703,2018-02-28,573847.2337749113
417703,2018-03-31,578024.1181447268
417703,2018-04-30,581559.7515343205
417703,2018-05-31,584796.7322122834
417703,2018-06-30,586962.458531316
417703,2018-07-31,588665.9111392783
417703,2018-08-31,590875.6024791551
417703,2018-09-30,592946.6783227209
417703,2018-10-31,594748.7609647884
417703,2018-11-30,595641.9473506117
417703,2018-12-31,596088.0107295141
417703,2019-01-31,596126.3760671718
417703,2019-02-28,596338.6501773372
417703,2019-03-31,596999.1739940393
417703,2019-04-30,597755.0429922162
417703,2019-05-31,597133.2400345085
417703,2019-06-30,596203.4923481755
417703,2019-07-31,594996.9160853216
417703,2019-08-31,594249.7636504201
417703,2019-09-30,593785.5719925822
417703,2019-10-31,594302.4106435977
417703,2019-11-30,596000.2219801157
417703,2019-12-31,597668.4530676076
417703,2020-01-31,601020.5123865207
417703,2020-02-29,605585.3431434064
417703,2020-03-31,611514.1576919012
417703,2020-04-30,615079.1726741599
417703,2020-05-31,617020.515572661
417703,2020-06-30,617643.2122006388
417703,2020-07-31,619551.1807953332
417703,2020-08-31,622768.9646416418
417703,2020-09-30,628595.4801401171
417703,2020-10-31,635782.5205939208
417703,2020-11-30,645077.9369763663
417703,2020-12-31,655055.9175609016
417703,2021-01-31,664799.4168380989
417703,2021-02-28,674360.6685305607
417703,2021-03-31,685949.1115840751
417703,2021-04-30,700322.5041829738
417703,2021-05-31,718669.0562179867
417703,2021-06-30,738229.3010863635
417703,2021-07-31,757274.7643254414
417703,2021-08-31,772496.9434020206
417703,2021-09-30,784607.0560140727
417703,2021-10-31,795471.9675372731
417703,2021-11-30,807088.720560687
417703,2021-12-31,819502.501624622
417703,2022-01-31,834542.9224238893
417703,2022-02-28,851281.8857591349
417703,2022-03-31,870374.0609143883
417703,2022-04-30,888754.4815752673
417703,2022-05-31,904271.1138110022
417703,2022-06-30,914978.174067305
417703,2022-07-31,917501.0686715354
417703,2022-08-31,912926.6877036294
417703,2022-09-30,902216.37183749
417703,2022-10-31,893028.0740170134
417703,2022-11-30,884483.3040986076
417703,2022-12-31,878379.0991811375
417703,2023-01-31,868912.8144769802
417703,2023-02-28,861299.9245134149
417703,2023-03-31,854348.7400264051
417703,2023-04-30,852734.0137741686
417703,2023-05-31,854924.3285724405
417703,2023-06-30,860727.4584541387
417703,2023-07-31,868494.3081189031
417703,2023-08-31,875469.382064817
417703,2023-09-30,882153.1976579212
417703,2023-10-31,887304.0527955765
417703,2023-11-30,892469.3280480929
417703,2023-12-31,897485.9883473003
417703,2024-01-31,901873.1876967156
417703,2024-02-29,906391.2069785616
417703,2024-03-31,912003.8368108292
417703,2024-04-30,919441.713601885
417703,2024-05-31,927298.8009509578
417703,2024-06-30,932894.004806066
417703,2024-07-31,937755.0117512586
417703,2024-08-31,941815.7328755131
417703,2024-09-30,946356.8740507406
417703,2024-10-31,949097.1171745457
417703,2024-11-30,949927.4498064866
417703,2024-12-31,949337.1121430848
417703,2025-01-31,947986.4953579108
417703,2025-02-28,946692.5816936818
417703,2025-03-31,944025.0909795314
417703,2025-04-30,942949.129159776
417703,2025-05-31,941270.4186582296
417703,2025-06-30,939319.5750135556
417703,2025-07-31,935779.3497813796
417703,2025-08-31,932244.693456559
417703,2025-09-30,930616.7457522692
417703,2025-10-31,931648.0399614892
417703,2025-11-30,935873.2322784046
417703,2025-12-31,941058.2450248558
417703,2026-01-31,945569.5092032048
417703,2026-02-28,947970.381564878
417703,2026-03-31,948803.4919300036
417703,2026-04-30,947275.7595019628
417703,2026-05-31,944740.7361672086
417703,2026-06-30,942536.8433272135
417703,2026-07-31,941618.8230985976
417703,2026-08-31,941639.7433714564
417708,2016-09-30,499936.715602132
417708,2016-10-31,498619.78946850257
417708,2016-11-30,497695.1398108848
417708,2016-12-31,498170.4012782361
417708,2017-01-31,500542.6570861931
417708,2017-02-28,504177.8883184061
417708,2017-03-31,508983.34149064287
417708,2017-04-30,513541.6228969651
417708,2017-05-31,517635.643291717
417708,2017-06-30,521440.7185289352
417708,2017-07-31,524568.120243392
417708,2017-08-31,528362.9105482396
417708,2017-09-30,532568.8156874435
417708,2017-10-31,537661.5515471908
417708,2017-11-30,542235.4203054736
417708,2017-12-31,546453.6463081078
417708,2018-01-31,550657.3023204886
417708,2018-02-28,554172.4098297209
417708,2018-03-31,557848.1685902424
417708,2018-04-30,561228.4088180066
417708,2018-05-31,564560.6198863141
417708,2018-06-30,567361.7301296893
417708,2018-07-31,570110.4221445518
417708,2018-08-31,573270.6741983861
417708,2018-09-30,575679.4781098434
417708,2018-10-31,577787.00250726
417708,2018-11-30,579157.6734024327
417708,2018-12-31,579687.9787385038
417708,2019-01-31,579564.481824506
417708,2019-02-28,579727.9684750313
417708,2019-03-31,580794.3835403934
417708,2019-04-30,582069.2739792047
417708,2019-05-31,582328.6846219769
417708,2019-06-30,582282.6048082729
417708,2019-07-31,582055.6672638109
417708,2019-08-31,581950.3280437468
417708,2019-09-30,582205.3355968124
417708,2019-10-31,583029.66049873
417708,2019-11-30,585121.6718013309
417708,2019-12-31,586975.6092632012
417708,2020-01-31,589293.3383587752
417708,2020-02-29,592084.1841787508
417708,2020-03-31,596271.9804101068
417708,2020-04-30,599640.2962316327
417708,2020-05-31,601041.2738045288
417708,2020-06-30,600878.3010176923
417708,2020-07-31,601700.9630371974
417708,2020-08-31,605039.1831272746
417708,2020-09-30,612078.8638074106
417708,2020-10-31,621511.8679435909
417708,2020-11-30,633099.5504878474
417708,2020-12-31,644887.8463606108
417708,2021-01-31,655582.2648217595
417708,2021-02-28,665961.7333181471
417708,2021-03-31,677866.3235666445
417708,2021-04-30,692929.7820835192
417708,2021-05-31,710568.4168243821
417708,2021-06-30,728470.5414646142
417708,2021-07-31,744990.2119153083
417708,2021-08-31,758400.901177535
417708,2021-09-30,768095.0233611851
417708,2021-10-31,775868.8189716091
417708,2021-11-30,783510.594327053
417708,2021-12-31,792970.4501130398
417708,2022-01-31,804943.5910825771
417708,2022-02-28,819974.9165006299
417708,2022-03-31,838418.2486407454
417708,2022-04-30,857028.5547372164
417708,2022-05-31,872809.5973488934
417708,2022-06-30,882634.5817701359
417708,2022-07-31,885259.4397892997
417708,2022-08-31,880589.1297938563
417708,2022-09-30,870644.9305159748
417708,2022-10-31,860477.3413320106
417708,2022-11-30,851617.3561251434
417708,2022-12-31,844942.5903416363
417708,2023-01-31,837083.8667806439
417708,2023-02-28,830605.5785419154
417708,2023-03-31,826390.3915357053
417708,2023-04-30,826516.7871845011
417708,2023-05-31,829889.8240048216
417708,2023-06-30,836125.2701877077
417708,2023-07-31,844557.3991066376
417708,2023-08-31,853816.7083103843
417708,2023-09-30,862856.7071946998
417708,2023-10-31,870936.5629460593
417708,2023-11-30,877306.4325963734
417708,2023-12-31,882063.5814513316
417708,2024-01-31,885883.9624805683
417708,2024-02-29,889947.6750424657
417708,2024-03-31,895773.6756981333
417708,2024-04-30,902639.1458471732
417708,2024-05-31,909987.0307842584
417708,2024-06-30,915428.680860396
417708,2024-07-31,919610.5805815732
417708,2024-08-31,921625.9602596752
417708,2024-09-30,922115.6098403534
417708,2024-10-31,921726.7663033744
417708,2024-11-30,923469.1800758964
417708,2024-12-31,925921.7253280012
417708,2025-01-31,927233.5148993244
417708,2025-02-28,926851.4127932596
417708,2025-03-31,924353.2607971566
417708,2025-04-30,922059.2157905276
417708,2025-05-31,917761.3808585384
417708,2025-06-30,912265.1624823362
417708,2025-07-31,905853.814563081
417708,2025-08-31,900538.1428944868
417708,2025-09-30,898197.4363691242
417708,2025-10-31,898819.0756478184
417708,2025-11-30,901865.867742494
417708,2025-12-31,905535.9728390672
417708,2026-01-31,908238.9417407752
417708,2026-02-28,909379.8191262712
417708,2026-03-31,909419.0976492747
417708,2026-04-30,908360.671387535
417708,2026-05-31,907234.339722307
417708,2026-06-30,906437.3079797872
417708,2026-07-31,906990.2236673684
417708,2026-08-31,907798.549699693
761974,2016-09-30,453211.77150818193
761974,2016-10-31,454237.5681651901
761974,2016-11-30,456595.71788295166
761974,2016-12-31,459039.76689198526
761974,2017-01-31,461893.0023259544
761974,2017-02-28,464050.5514728969
761974,2017-03-31,466156.6213664992
761974,2017-04-30,467795.7923317056
761974,2017-05-31,468244.3532724829
761974,2017-06-30,468160.74115203175
761974,2017-07-31,467299.72578615934
761974,2017-08-31,467171.0514778188
761974,2017-09-30,467463.3841274724
761974,2017-10-31,468698.93152441847
761974,2017-11-30,470070.323425962
761974,2017-12-31,471671.72409877344
761974,2018-01-31,473624.143222333
761974,2018-02-28,475576.3961292356
761974,2018-03-31,477959.0546201444
761974,2018-04-30,480200.69708805886
761974,2018-05-31,482399.4366814574
761974,2018-06-30,483253.1726571643
761974,2018-07-31,483182.02390137926
761974,2018-08-31,482500.3214408868
761974,2018-09-30,481680.45349384745
761974,2018-10-31,480657.4575246366
761974,2018-11-30,480051.9744853415
761974,2018-12-31,479824.9140648023
761974,2019-01-31,480168.0527275591
761974,2019-02-28,480689.3568622603
761974,2019-03-31,481496.6163866058
761974,2019-04-30,482442.5557715131
761974,2019-05-31,482909.6504980231
761974,2019-06-30,483426.1844798581
761974,2019-07-31,483171.0626130804
761974,2019-08-31,483156.42126482766
761974,2019-09-30,483033.2770666259
761974,2019-10-31,483599.1263140368
761974,2019-11-30,484510.8533582155
761974,2019-12-31,486149.70510643744
761974,2020-01-31,488896.9429931254
761974,2020-02-29,491719.6072224008
761974,2020-03-31,494024.5299353167
761974,2020-04-30,494465.4911919667
761974,2020-05-31,493692.436382612
761974,2020-06-30,492700.95291122654
761974,2020-07-31,492455.74552173214
761974,2020-08-31,494110.66560430056
761974,2020-09-30,497662.1537921932
761974,2020-10-31,502461.2491273084
761974,2020-11-30,507828.4616507019
761974,2020-12-31,512474.195532372
761974,2021-01-31,517761.6055745689
761974,2021-02-28,523764.5635639713
761974,2021-03-31,531175.085895275
761974,2021-04-30,539368.6530038883
761974,2021-05-31,549009.4973053783
761974,2021-06-30,559132.0092307703
761974,2021-07-31,568530.9148842423
761974,2021-08-31,576469.2366642383
761974,2021-09-30,583552.3837115556
761974,2021-10-31,590799.8256721351
761974,2021-11-30,598915.8810506306
761974,2021-12-31,608298.0235641418
761974,2022-01-31,620676.3978871827
761974,2022-02-28,636568.8253777742
761974,2022-03-31,655015.5625577098
761974,2022-04-30,675293.7273534532
761974,2022-05-31,694081.2753757265
761974,2022-06-30,710700.2176294053
761974,2022-07-31,719552.964536986
761974,2022-08-31,720404.7835450722
761974,2022-09-30,716267.4922954919
761974,2022-10-31,712408.9654183863
761974,2022-11-30,709863.8667179771
761974,2022-12-31,707648.8474523127
761974,2023-01-31,704966.2310597432
761974,2023-02-28,705013.1437806195
761974,2023-03-31,706172.4803097412
761974,2023-04-30,708798.5959971738
761974,2023-05-31,711270.9235137729
761974,2023-06-30,714322.5596859377
761974,2023-07-31,717587.2022279891
761974,2023-08-31,720675.2982601275
761974,2023-09-30,723309.7884381308
761974,2023-10-31,722771.4662769604
761974,2023-11-30,722768.0097076767
761974,2023-12-31,723942.6646494692
761974,2024-01-31,728688.4110541522
761974,2024-02-29,734079.37085875
761974,2024-03-31,740889.8892468167
761974,2024-04-30,747997.3452429981
761974,2024-05-31,753174.6283240503
761974,2024-06-30,755352.6530105515
761974,2024-07-31,754746.8181508388
761974,2024-08-31,753797.8229506199
761974,2024-09-30,753177.9830305517
761974,2024-10-31,754628.7435944965
761974,2024-11-30,755609.1791716007
761974,2024-12-31,755578.9613902901
761974,2025-01-31,753704.7901470737
761974,2025-02-28,751417.491360143
761974,2025-03-31,749104.7853279171
761974,2025-04-30,747516.9628290521
761974,2025-05-31,745778.9163420949
761974,2025-06-30,742273.8211142967
761974,2025-07-31,739024.0375828017
761974,2025-08-31,736997.4413343463
761974,2025-09-30,738321.2195064976
761974,2025-10-31,740787.254869593
761974,2025-11-30,743501.0088131782
761974,2025-12-31,745418.0777714526
761974,2026-01-31,744817.6858595937
761974,2026-02-28,743715.1247623307
761974,2026-03-31,741826.5849315776
761974,2026-04-30,740731.020566915
761974,2026-05-31,739236.1170311949
761974,2026-06-30,739057.8322200514
761974,2026-07-31,740061.874234846
761974,2026-08-31,742169.7560691871
761975,2016-09-30,181713.38998054247
761975,2016-10-31,183849.9361149374
761975,2016-11-30,186169.5886739715
761975,2016-12-31,188256.0496874237
761975,2017-01-31,190851.26271274965
761975,2017-02-28,193232.344830464
761975,2017-03-31,195830.09059669287
761975,2017-04-30,198093.46942725507
761975,2017-05-31,200063.2289842129
761975,2017-06-30,201854.8710369376
761975,2017-07-31,203603.62079399367
761975,2017-08-31,205528.47911303665
761975,2017-09-30,207631.97540216564
761975,2017-10-31,209850.17574616743
761975,2017-11-30,212211.2511963049
761975,2017-12-31,214666.15348486463
761975,2018-01-31,217011.46281552903
761975,2018-02-28,219293.5290370637
761975,2018-03-31,221705.16995756337
761975,2018-04-30,224383.36695206552
761975,2018-05-31,227078.48158851647
761975,2018-06-30,228903.74924672983
761975,2018-07-31,230163.96289594143
761975,2018-08-31,231064.651573652
761975,2018-09-30,232052.5988647393
761975,2018-10-31,232987.26034497103
761975,2018-11-30,233985.68655307332
761975,2018-12-31,235198.41815196257
761975,2019-01-31,236616.72900795308
761975,2019-02-28,238014.81689181933
761975,2019-03-31,239034.55352775464
761975,2019-04-30,239558.0998657546
761975,2019-05-31,239576.3102121882
761975,2019-06-30,239438.85738762596
761975,2019-07-31,239230.03303148437
761975,2019-08-31,239216.88123854983
761975,2019-09-30,239563.46175227547
761975,2019-10-31,240272.6440607312
761975,2019-11-30,241580.3435393668
761975,2019-12-31,243395.2352829402
761975,2020-01-31,246088.01188553812
761975,2020-02-29,248515.3393068244
761975,2020-03-31,250510.40166177863
761975,2020-04-30,251086.2083696934
761975,2020-05-31,250499.00135096305
761975,2020-06-30,249570.02726138444
761975,2020-07-31,249234.13490421136
761975,2020-08-31,250294.2260985443
761975,2020-09-30,252581.70254900152
761975,2020-10-31,255359.9703648589
761975,2020-11-30,258595.22183753343
761975,2020-12-31,261770.165787758
761975,2021-01-31,265754.54351525445
761975,2021-02-28,270058.0849870126
761975,2021-03-31,274244.4675858263
761975,2021-04-30,277864.64407239505
761975,2021-05-31,281618.0859156771
761975,2021-06-30,285519.3600885312
761975,2021-07-31,288716.64111055934
761975,2021-08-31,290547.7076784368
761975,2021-09-30,291709.2809080771
761975,2021-10-31,293446.62357943406
761975,2021-11-30,296453.8493935885
761975,2021-12-31,300391.56203913264
761975,2022-01-31,306750.28658582125
761975,2022-02-28,314974.09745968244
761975,2022-03-31,324301.342740706
761975,2022-04-30,332793.9995980257
761975,2022-05-31,340049.0467417275
761975,2022-06-30,346037.4944204557
761975,2022-07-31,349697.8825330234
761975,2022-08-31,350336.8816280484
761975,2022-09-30,348999.8683947976
761975,2022-10-31,347293.35719683993
761975,2022-11-30,345878.9290788963
761975,2022-12-31,344350.6740165747
761975,2023-01-31,342564.43970593804
761975,2023-02-28,341413.6325509718
761975,2023-03-31,341564.65869189193
761975,2023-04-30,342036.4303968795
761975,2023-05-31,342902.2503861433
761975,2023-06-30,343703.3934093253
761975,2023-07-31,345034.008343309
761975,2023-08-31,346536.86394860665
761975,2023-09-30,347703.146530979
761975,2023-10-31,348208.63265621074
761975,2023-11-30,348649.1112272419
761975,2023-12-31,349299.7505721361
761975,2024-01-31,351005.32518616534
761975,2024-02-29,353020.57451605884
761975,2024-03-31,355449.70929818554
761975,2024-04-30,357089.5918828458
761975,2024-05-31,357679.3474950602
761975,2024-06-30,357051.47190824425
761975,2024-07-31,355845.14078479045
761975,2024-08-31,354441.3213301178
761975,2024-09-30,353496.2665035404
761975,2024-10-31,352927.968526806
761975,2024-11-30,352279.52127168793
761975,2024-12-31,351354.4057397481
761975,2025-01-31,350306.538498978
761975,2025-02-28,349327.10359253536
761975,2025-03-31,347755.64258309995
761975,2025-04-30,346073.6343499157
761975,2025-05-31,344438.6564167396
761975,2025-06-30,343324.29031103384
761975,2025-07-31,342717.1441679342
761975,2025-08-31,342634.83568554505
761975,2025-09-30,342728.2284129858
761975,2025-10-31,343240.0541636637
761975,2025-11-30,344198.0030963445
761975,2025-12-31,345664.37918146217
761975,2026-01-31,346658.31663705123
761975,2026-02-28,347095.5536905764
761975,2026-03-31,346948.16731801484
761975,2026-04-30,345816.6556912612
761975,2026-05-31,344275.0507505741
761975,2026-06-30,343477.657700699
761975,2026-07-31,343874.0281480009
761975,2026-08-31,344838.77121739724
763800,2016-09-30,104200.84736182987
763800,2016-10-31,104951.52651094264
763800,2016-11-30,106015.10114515266
763800,2016-12-31,107356.17840508552
763800,2017-01-31,108963.82083223818
763800,2017-02-28,110472.35468448792
763800,2017-03-31,111722.54521878634
763800,2017-04-30,112830.3776617527
763800,2017-05-31,113866.37602516664
763800,2017-06-30,114992.127098889
763800,2017-07-31,115958.51704548502
763800,2017-08-31,116881.67672089997
763800,2017-09-30,117523.3249622754
763800,2017-10-31,117985.04481158411
763800,2017-11-30,118443.12240668328
763800,2017-12-31,119270.58997972314
763800,2018-01-31,120527.69975026342
763800,2018-02-28,122043.74856403064
763800,2018-03-31,123828.8945625294
763800,2018-04-30,125591.79352625988
763800,2018-05-31,127068.45162062168
763800,2018-06-30,127819.31344956276
763800,2018-07-31,128129.44391188918
763800,2018-08-31,128154.88837356132
763800,2018-09-30,128112.65253369029
763800,2018-10-31,127968.26495468382
763800,2018-11-30,128185.52344724991
763800,2018-12-31,128859.96368536726
763800,2019-01-31,130016.3507729481
763800,2019-02-28,131230.8976967771
763800,2019-03-31,132395.00941125327
763800,2019-04-30,133179.47743808114
763800,2019-05-31,133510.6446570822
763800,2019-06-30,133720.93357576898
763800,2019-07-31,133781.67361433778
763800,2019-08-31,133906.77594431766
763800,2019-09-30,133734.6019458692
763800,2019-10-31,133590.17822614583
763800,2019-11-30,133623.83757223203
763800,2019-12-31,133696.5892106072
763800,2020-01-31,133963.86223411883
763800,2020-02-29,134610.570065454
763800,2020-03-31,135770.2261295756
763800,2020-04-30,137338.99333360148
763800,2020-05-31,138257.69176342778
763800,2020-06-30,138965.07255169927
763800,2020-07-31,139433.30270518025
763800,2020-08-31,140639.75052404366
763800,2020-09-30,142293.18321228155
763800,2020-10-31,144690.04547730944
763800,2020-11-30,147565.2817566219
763800,2020-12-31,150278.39428523733
763800,2021-01-31,152521.4853432579
763800,2021-02-28,154803.0616028935
763800,2021-03-31,157777.14809623468
763800,2021-04-30,161215.93593958637
763800,2021-05-31,164536.01178623864
763800,2021-06-30,167644.28135613116
763800,2021-07-31,169451.98272488924
763800,2021-08-31,170163.1109152123
763800,2021-09-30,169641.17041814164
763800,2021-10-31,169400.59603625908
763800,2021-11-30,169513.56270632442
763800,2021-12-31,170279.49190195889
763800,2022-01-31,172791.94647531316
763800,2022-02-28,176759.14783707153
763800,2022-03-31,181581.99547104797
763800,2022-04-30,185517.55819434533
763800,2022-05-31,188164.076340476
763800,2022-06-30,189970.5705962462
763800,2022-07-31,190551.23881712416
763800,2022-08-31,189958.211860616
763800,2022-09-30,188641.5862988965
763800,2022-10-31,187778.57732475945
763800,2022-11-30,187389.8786406885
763800,2022-12-31,186966.7153031458
763800,2023-01-31,186301.1971663163
763800,2023-02-28,186017.70966915277
763800,2023-03-31,186210.12672046307
763800,2023-04-30,186987.2796103285
763800,2023-05-31,187881.581014625
763800,2023-06-30,189032.99552556328
763800,2023-07-31,190289.51700901496
763800,2023-08-31,191874.12389665548
763800,2023-09-30,193731.82742980425
763800,2023-10-31,196035.2112245015
763800,2023-11-30,198368.5335552189
763800,2023-12-31,200347.75541184493
763800,2024-01-31,201539.31790907995
763800,2024-02-29,202682.37639209372
763800,2024-03-31,204442.6940307588
763800,2024-04-30,206693.6353377375
763800,2024-05-31,208945.42804130103
763800,2024-06-30,210410.07680749413
763800,2024-07-31,211259.56280509185
763800,2024-08-31,211711.02551424157
763800,2024-09-30,212217.4773616231
763800,2024-10-31,213019.20311770448
763800,2024-11-30,213977.37062316271
763800,2024-12-31,215147.0112840891
763800,2025-01-31,216552.80917698867
763800,2025-02-28,217849.91412524213
763800,2025-03-31,218564.8925998344
763800,2025-04-30,218563.25064955076
763800,2025-05-31,218162.10897814497
763800,2025-06-30,218326.38567140585
763800,2025-07-31,219798.38143734817
763800,2025-08-31,222131.76904658365
763800,2025-09-30,224548.913908485
763800,2025-10-31,226108.82846453632
763800,2025-11-30,227809.62594091185
763800,2025-12-31,229197.1496273068
763800,2026-01-31,229917.94055636576
763800,2026-02-28,229619.9880444008
763800,2026-03-31,229486.8563273682
763800,2026-04-30,229570.23582125848
763800,2026-05-31,230021.10744940944
763800,2026-06-30,230264.81709799348
763800,2026-07-31,230541.33014454125
763800,2026-08-31,230715.235541665
764286,2016-09-30,320648.57988207106
764286,2016-10-31,321610.08295835817
764286,2016-11-30,323504.8334883372
764286,2016-12-31,325694.42468945094
764286,2017-01-31,328199.20787359506
764286,2017-02-28,330433.8601462979
764286,2017-03-31,332652.57721471135
764286,2017-04-30,334698.7468364011
764286,2017-05-31,336254.53293041326
764286,2017-06-30,337366.52639569505
764286,2017-07-31,337790.5034219036
764286,2017-08-31,338257.05364381784
764286,2017-09-30,339004.0038898233
764286,2017-10-31,340436.0632965343
764286,2017-11-30,342244.5303352324
764286,2017-12-31,344417.83507654123
764286,2018-01-31,346445.0325568736
764286,2018-02-28,348113.5846732105
764286,2018-03-31,349723.3021960373
764286,2018-04-30,351502.9724566778
764286,2018-05-31,353279.5716472012
764286,2018-06-30,353971.7162665187
764286,2018-07-31,354186.7448042096
764286,2018-08-31,353962.1850169155
764286,2018-09-30,353665.70293482643
764286,2018-10-31,352988.4200278013
764286,2018-11-30,352349.658653767
764286,2018-12-31,352250.52561807184
764286,2019-01-31,352541.5789436414
764286,2019-02-28,353301.6385535816
764286,2019-03-31,353990.4120057008
764286,2019-04-30,354508.4269781247
764286,2019-05-31,354698.89098655625
764286,2019-06-30,355159.79638373386
764286,2019-07-31,355503.7548647958
764286,2019-08-31,355899.839966012
764286,2019-09-30,356147.06412273314
764286,2019-10-31,356735.4650659778
764286,2019-11-30,357696.4493815263
764286,2019-12-31,358988.20607988554
764286,2020-01-31,361041.9515375239
764286,2020-02-29,363139.8182846112
764286,2020-03-31,365123.7761692454
764286,2020-04-30,365848.3524398494
764286,2020-05-31,365425.6533016071
764286,2020-06-30,364621.8266651211
764286,2020-07-31,364379.74436916976
764286,2020-08-31,365850.1134296421
764286,2020-09-30,368770.52310465765
764286,2020-10-31,372463.8185871056
764286,2020-11-30,376324.775018404
764286,2020-12-31,379567.7365701727
764286,2021-01-31,382665.8130796088
764286,2021-02-28,386088.7030260908
764286,2021-03-31,390337.226525297
764286,2021-04-30,395549.02304775646
764286,2021-05-31,402017.0515748188
764286,2021-06-30,408955.2461606365
764286,2021-07-31,415470.2609152209
764286,2021-08-31,420693.2563498987
764286,2021-09-30,424992.7215641036
764286,2021-10-31,429338.4447723457
764286,2021-11-30,434236.4991654483
764286,2021-12-31,440182.2890759126
764286,2022-01-31,448902.3331237976
764286,2022-02-28,460455.5102138819
764286,2022-03-31,474142.25185618346
764286,2022-04-30,488747.192964183
764286,2022-05-31,502512.6423298535
764286,2022-06-30,514582.1044579484
764286,2022-07-31,521041.564205595
764286,2022-08-31,521813.926365958
764286,2022-09-30,518870.0525892477
764286,2022-10-31,515759.10112746415
764286,2022-11-30,513345.0971601505
764286,2022-12-31,511521.3865058014
764286,2023-01-31,509031.20398541656
764286,2023-02-28,507588.33760044514
764286,2023-03-31,507353.5223832714
764286,2023-04-30,509272.9118541731
764286,2023-05-31,511693.7698446389
764286,2023-06-30,514597.3721547182
764286,2023-07-31,517173.1735951848
764286,2023-08-31,519736.4453893408
764286,2023-09-30,521260.9775005332
764286,2023-10-31,521450.7908449235
764286,2023-11-30,522176.3691115275
764286,2023-12-31,523670.3995380855
764286,2024-01-31,527021.9186157015
764286,2024-02-29,530878.401393737
764286,2024-03-31,534980.152500725
764286,2024-04-30,538525.8545616628
764286,2024-05-31,540358.8906380808
764286,2024-06-30,540881.2174781621
764286,2024-07-31,539979.8889695947
764286,2024-08-31,539150.917946326
764286,2024-09-30,538816.8786906875
764286,2024-10-31,539894.9857137869
764286,2024-11-30,540397.6035364139
764286,2024-12-31,540149.9529903232
764286,2025-01-31,538438.0093250275
764286,2025-02-28,536625.6272019546
764286,2025-03-31,534137.0961402197
764286,2025-04-30,532006.5611155626
764286,2025-05-31,529256.7897130066
764286,2025-06-30,525914.8518721967
764286,2025-07-31,522795.55219838367
764286,2025-08-31,521361.54911432695
764286,2025-09-30,521998.7807899157
764286,2025-10-31,523671.0366754839
764286,2025-11-30,525400.0950462193
764286,2025-12-31,526471.3519102052
764286,2026-01-31,525931.5858465501
764286,2026-02-28,524467.389002602
764286,2026-03-31,522648.0559067836
764286,2026-04-30,521269.8461780756
764286,2026-05-31,520111.0558138799
764286,2026-06-30,519304.7385094527
764286,2026-07-31,518816.75418233895
764286,2026-08-31,518252.9846938599
786333,2016-09-30,886323.2146386671
786333,2016-10-31,892649.7649886674
786333,2016-11-30,898956.4586618617
786333,2016-12-31,907331.8856524696
786333,2017-01-31,917654.4747493836
786333,2017-02-28,927743.79114732
786333,2017-03-31,936821.4050909396
786333,2017-04-30,946262.697246544
786333,2017-05-31,953386.3802181878
786333,2017-06-30,959489.8450951756
786333,2017-07-31,962001.7913057992
786333,2017-08-31,968679.7574167174
786333,2017-09-30,977348.1414495442
786333,2017-10-31,986802.0927693746
786333,2017-11-30,993355.0242865618
786333,2017-12-31,1000447.963143854
786333,2018-01-31,1013075.112403222
786333,2018-02-28,1026556.6200336276
786333,2018-03-31,1040588.8528590436
786333,2018-04-30,1050487.7340377308
786333,2018-05-31,1060755.172586973
786333,2018-06-30,1067040.7131789138
786333,2018-07-31,1066810.6578372305
786333,2018-08-31,1063498.3364324446
786333,2018-09-30,1059022.0367331558
786333,2018-10-31,1056580.470097604
786333,2018-11-30,1050790.7427976404
786333,2018-12-31,1043849.7714640684
786333,2019-01-31,1039531.38384245
786333,2019-02-28,1038065.1657729712
786333,2019-03-31,1038875.1465294644
786333,2019-04-30,1041656.8560968324
786333,2019-05-31,1044877.2001533768
786333,2019-06-30,1050933.8257200187
786333,2019-07-31,1059833.2725834032
786333,2019-08-31,1075224.9369772188
786333,2019-09-30,1093763.0375603992
786333,2019-10-31,1111259.6296825705
786333,2019-11-30,1124283.7140477465
786333,2019-12-31,1128608.1952440618
786333,2020-01-31,1123647.659988853
786333,2020-02-29,1118782.2890881198
786333,2020-03-31,1118991.0102040395
786333,2020-04-30,1126756.9436214033
786333,2020-05-31,1130346.028174301
786333,2020-06-30,1125205.2814953048
786333,2020-07-31,1118317.8548504703
786333,2020-08-31,1118684.2190941076
786333,2020-09-30,1128701.296937514
786333,2020-10-31,1142159.5758262218
786333,2020-11-30,1152850.1373337037
786333,2020-12-31,1165112.180940027
786333,2021-01-31,1176326.567611775
786333,2021-02-28,1191460.936695325
786333,2021-03-31,1208896.402374765
786333,2021-04-30,1230628.065747552
786333,2021-05-31,1252982.8665208595
786333,2021-06-30,1272252.5433691505
786333,2021-07-31,1289587.3684911232
786333,2021-08-31,1295820.3198685783
786333,2021-09-30,1297366.0609194848
786333,2021-10-31,1297914.972247468
786333,2021-11-30,1306620.109619103
786333,2021-12-31,1315340.085664144
786333,2022-01-31,1329876.7250010765
786333,2022-02-28,1354955.985909481
786333,2022-03-31,1389345.288441297
786333,2022-04-30,1414389.009956848
786333,2022-05-31,1420426.920950929
786333,2022-06-30,1413249.9909902697
786333,2022-07-31,1394275.1371103108
786333,2022-08-31,1371213.0367243655
786333,2022-09-30,1345619.5433271644
786333,2022-10-31,1327267.4616257737
786333,2022-11-30,1312272.7637163077
786333,2022-12-31,1300879.4458439122
786333,2023-01-31,1285674.8168316076
786333,2023-02-28,1270080.633365093
786333,2023-03-31,1254275.5097037111
786333,2023-04-30,1247252.2915480284
786333,2023-05-31,1245597.1743599104
786333,2023-06-30,1246620.4638015274
786333,2023-07-31,1248454.555829114
786333,2023-08-31,1251418.1842538302
786333,2023-09-30,1255457.1680992404
786333,2023-10-31,1257348.291655585
786333,2023-11-30,1254822.212998628
786333,2023-12-31,1248131.0164441708
786333,2024-01-31,1238445.0622555492
786333,2024-02-29,1235210.18493159
786333,2024-03-31,1244398.0327705266
786333,2024-04-30,1258231.7514724014
786333,2024-05-31,1270520.447913945
786333,2024-06-30,1271558.2924323373
786333,2024-07-31,1269814.3612400088
786333,2024-08-31,1262197.790584042
786333,2024-09-30,1253941.5800491823
786333,2024-10-31,1244373.2046130907
786333,2024-11-30,1237816.1574320148
786333,2024-12-31,1232165.1282138058
786333,2025-01-31,1224165.8428131845
786333,2025-02-28,1214852.9887580003
786333,2025-03-31,1207924.9989618747
786333,2025-04-30,1204289.9791902823
786333,2025-05-31,1204935.4760524174
786333,2025-06-30,1202399.523597111
786333,2025-07-31,1203058.710890824
786333,2025-08-31,1198924.585009602
786333,2025-09-30,1195529.137901684
786333,2025-10-31,1189154.7576316537
786333,2025-11-30,1182218.5596129762
786333,2025-12-31,1178768.0352930475
786333,2026-01-31,1176430.6504892376
786333,2026-02-28,1177547.457307155
786333,2026-03-31,1178556.0713263464
786333,2026-04-30,1178926.2061443764
786333,2026-05-31,1185042.01873104
786333,2026-06-30,1195572.5943737573
786333,2026-07-31,1212245.5543333937
786333,2026-08-31,1229378.4837929497
806191,2016-09-30,22120.29433721259
806191,2016-10-31,22148.634514493297
806191,2016-11-30,22144.640658678563
806191,2016-12-31,21958.48940922753
806191,2017-01-31,21626.29548706888
806191,2017-02-28,21486.71530537409
806191,2017-03-31,21765.192909963003
806191,2017-04-30,22142.626033130997
806191,2017-05-31,22537.12658560981
806191,2017-06-30,22870.64656674353
806191,2017-07-31,23304.116821675463
806191,2017-08-31,23737.39758952481
806191,2017-09-30,24245.76782148668
806191,2017-10-31,24831.454407786547
806191,2017-11-30,25422.96860562572
806191,2017-12-31,25983.4109086362
806191,2018-01-31,26491.53849014566
806191,2018-02-28,27211.723253795943
806191,2018-03-31,27993.01200337045
806191,2018-04-30,28598.64812946357
806191,2018-05-31,28847.54112677464
806191,2018-06-30,28851.32275387233
806191,2018-07-31,29106.3814304041
806191,2018-08-31,29357.356763128904
806191,2018-09-30,29879.750406200885
806191,2018-10-31,30170.01728189692
806191,2018-11-30,30682.15431404381
806191,2018-12-31,31127.732041583
806191,2019-01-31,31676.248932411138
806191,2019-02-28,32132.75160984144
806191,2019-03-31,32489.957228256168
806191,2019-04-30,32686.07848399589
806191,2019-05-31,33041.050590084225
806191,2019-06-30,33859.44159818362
806191,2019-07-31,34690.819087742864
806191,2019-08-31,35260.62163656754
806191,2019-09-30,34945.003598554584
806191,2019-10-31,34595.1044036695
806191,2019-11-30,34415.980269349304
806191,2019-12-31,34746.078728232846
806191,2020-01-31,34907.15601529841
806191,2020-02-29,34821.087426604325
806191,2020-03-31,34743.5547378958
806191,2020-04-30,35101.91714817341
806191,2020-05-31,35413.15157072954
806191,2020-06-30,35171.969223079446
806191,2020-07-31,34766.663715323055
806191,2020-08-31,34818.27387804776
806191,2020-09-30,35896.99681663226
806191,2020-10-31,37723.18774280535
806191,2020-11-30,39989.67033132721
806191,2020-12-31,42112.32895631278
806191,2021-01-31,43856.76717452979
806191,2021-02-28,45366.72097311457
806191,2021-03-31,46849.93485809318
806191,2021-04-30,48348.91115801436
806191,2021-05-31,49976.00028831529
806191,2021-06-30,51974.21060643165
806191,2021-07-31,53379.95480495334
806191,2021-08-31,54142.247972828685
806191,2021-09-30,53954.02311376758
806191,2021-10-31,53838.893060154536
806191,2021-11-30,54063.75459806545
806191,2021-12-31,54579.77225350027
806191,2022-01-31,55698.86915180861
806191,2022-02-28,57228.1535709476
806191,2022-03-31,58836.59155512328
806191,2022-04-30,60029.93543019535
806191,2022-05-31,60945.57826354293
806191,2022-06-30,62001.25499223312
806191,2022-07-31,62381.21135531086
806191,2022-08-31,61738.49610803483
806191,2022-09-30,59957.76213855064
806191,2022-10-31,58582.31793000391
806191,2022-11-30,57794.08449730437
806191,2022-12-31,57419.95549428157
806191,2023-01-31,57144.65838256184
806191,2023-02-28,56872.30804678518
806191,2023-03-31,56405.88888924929
806191,2023-04-30,55669.98095746478
806191,2023-05-31,54634.28119892977
806191,2023-06-30,53749.3564859407
806191,2023-07-31,53399.08236792363
806191,2023-08-31,53345.09522557579
806191,2023-09-30,53578.0270970315
806191,2023-10-31,53710.51314105056
806191,2023-11-30,53909.6311416536
806191,2023-12-31,54178.27023084584
806191,2024-01-31,54793.40962738069
806191,2024-02-29,55763.338185210334
806191,2024-03-31,57187.68791232842
806191,2024-04-30,58719.21749924038
806191,2024-05-31,59997.92822311178
806191,2024-06-30,61204.2718626131
806191,2024-07-31,62166.93425044248
806191,2024-08-31,63411.98191583436
806191,2024-09-30,64205.41051975935
806191,2024-10-31,64588.81106044843
806191,2024-11-30,64929.48671440277
806191,2024-12-31,65775.17096317826
806191,2025-01-31,66415.90791672305
806191,2025-02-28,66283.36219085632
806191,2025-03-31,65585.88095496825
806191,2025-04-30,65138.06261602711
806191,2025-05-31,65281.90448553796
806191,2025-06-30,65788.47933167103
806191,2025-07-31,66973.88395654835
806191,2025-08-31,68099.87763253388
806191,2025-09-30,68840.83953944723
806191,2025-10-31,68354.0331925924
806191,2025-11-30,67076.27374417531
806191,2025-12-31,65333.07212476904
806191,2026-01-31,63829.31116221996
806191,2026-02-28,62956.663992519294
806191,2026-03-31,63027.94358146637
806191,2026-04-30,63624.86797801552
806191,2026-05-31,64368.74245421184
806191,2026-06-30,64840.19591592735
806191,2026-07-31,65240.24300811256
806191,2026-08-31,65951.6715452377
806278,2016-09-30,29165.773167373864
806278,2016-10-31,29650.62629760761
806278,2016-11-30,30215.15692740487
806278,2016-12-31,30598.29999576478
806278,2017-01-31,31077.197876995506
806278,2017-02-28,31565.906621256672
806278,2017-03-31,32143.227675814025
806278,2017-04-30,32637.702058607498
806278,2017-05-31,32946.89106624808
806278,2017-06-30,33316.72095136333
806278,2017-07-31,33677.846241447674
806278,2017-08-31,34161.95973405041
806278,2017-09-30,34706.63898841965
806278,2017-10-31,35510.061028043616
806278,2017-11-30,36216.26750593114
806278,2017-12-31,36815.8905395774
806278,2018-01-31,37137.69552724464
806278,2018-02-28,37752.61871437195
806278,2018-03-31,38656.27944800261
806278,2018-04-30,39728.61861117856
806278,2018-05-31,40420.98726967601
806278,2018-06-30,40608.80720350617
806278,2018-07-31,40886.37575995553
806278,2018-08-31,41407.02730742464
806278,2018-09-30,42231.02911938758
806278,2018-10-31,42632.52579474422
806278,2018-11-30,42996.48440146642
806278,2018-12-31,43446.89131717786
806278,2019-01-31,44226.95114796821
806278,2019-02-28,45102.22965296337
806278,2019-03-31,45909.23946068042
806278,2019-04-30,46705.69252441574
806278,2019-05-31,47783.66962039172
806278,2019-06-30,48825.031817356336
806278,2019-07-31,49401.8074875924
806278,2019-08-31,49291.58566625315
806278,2019-09-30,48548.20802797806
806278,2019-10-31,47894.95123617316
806278,2019-11-30,47377.03334958376
806278,2019-12-31,47573.29297444498
806278,2020-01-31,47637.45776183866
806278,2020-02-29,47765.24361854305
806278,2020-03-31,48026.49695678448
806278,2020-04-30,49190.11617895826
806278,2020-05-31,50495.94287619527
806278,2020-06-30,51067.97970636713
806278,2020-07-31,51108.37272563936
806278,2020-08-31,51165.97543550048
806278,2020-09-30,52249.39085950859
806278,2020-10-31,54505.21814407264
806278,2020-11-30,57681.226984719455
806278,2020-12-31,61106.38266382756
806278,2021-01-31,63948.03221441808
806278,2021-02-28,66582.38933203004
806278,2021-03-31,69074.45728596547
806278,2021-04-30,71184.99169876064
806278,2021-05-31,72887.86968915795
806278,2021-06-30,74421.76076929252
806278,2021-07-31,75194.40023474401
806278,2021-08-31,75400.72101566188
806278,2021-09-30,74773.89393381227
806278,2021-10-31,74549.50101101246
806278,2021-11-30,74549.42904671465
806278,2021-12-31,74716.94417858326
806278,2022-01-31,75154.97893772439
806278,2022-02-28,76055.01594317144
806278,2022-03-31,77257.88402636071
806278,2022-04-30,78297.17613227018
806278,2022-05-31,79275.52495827651
806278,2022-06-30,80295.42798305344
806278,2022-07-31,80190.74048508519
806278,2022-08-31,78793.51701070908
806278,2022-09-30,76384.2879620043
806278,2022-10-31,74730.50398128666
806278,2022-11-30,73928.8752817223
806278,2022-12-31,73224.81728161196
806278,2023-01-31,72847.69325087064
806278,2023-02-28,72719.99372682995
806278,2023-03-31,72894.43415651355
806278,2023-04-30,72952.98977873418
806278,2023-05-31,72544.68712047956
806278,2023-06-30,72325.50570160236
806278,2023-07-31,72411.04638131116
806278,2023-08-31,72639.2632623221
806278,2023-09-30,72767.97932361443
806278,2023-10-31,72628.51282427431
806278,2023-11-30,72719.99617591535
806278,2023-12-31,72697.07812706244
806278,2024-01-31,72849.27660283634
806278,2024-02-29,73020.8202077116
806278,2024-03-31,73874.31706686273
806278,2024-04-30,74482.39545830156
806278,2024-05-31,74877.6608599612
806278,2024-06-30,75258.39107528001
806278,2024-07-31,75745.17483852715
806278,2024-08-31,75982.50024071458
806278,2024-09-30,75708.50201066979
806278,2024-10-31,75033.64552782662
806278,2024-11-30,74530.15967441876
806278,2024-12-31,73995.83776846854
806278,2025-01-31,73789.74376623474
806278,2025-02-28,73627.1709184749
806278,2025-03-31,73827.0171387493
806278,2025-04-30,73677.6383216615
806278,2025-05-31,74004.15241795752
806278,2025-06-30,74594.37584886751
806278,2025-07-31,76090.07375197782
806278,2025-08-31,77541.42312149522
806278,2025-09-30,78709.9412202
806278,2025-10-31,78974.5266226913
806278,2025-11-30,79026.17676175851
806278,2025-12-31,78862.38891287272
806278,2026-01-31,79247.4204581432
806278,2026-02-28,79395.39176973763
806278,2026-03-31,79732.51876760462
806278,2026-04-30,80237.02439434954
806278,2026-05-31,80911.3184925823
806278,2026-06-30,81635.50972572902
806278,2026-07-31,81802.59007014804
806278,2026-08-31,82332.29578904109
808346,2016-09-30,288114.5867568659
808346,2016-10-31,288913.7764460106
808346,2016-11-30,289494.397491194
808346,2016-12-31,290314.95278884633
808346,2017-01-31,291493.1924402486
808346,2017-02-28,293943.4574157653
808346,2017-03-31,296721.1456207751
808346,2017-04-30,299132.0502657576
808346,2017-05-31,300832.0881969953
808346,2017-06-30,302624.2998162035
808346,2017-07-31,304106.88757856906
808346,2017-08-31,305368.80918541056
808346,2017-09-30,306164.0443582348
808346,2017-10-31,307606.181604886
808346,2017-11-30,308855.97193631326
808346,2017-12-31,310367.2165823321
808346,2018-01-31,312096.8691233807
808346,2018-02-28,314754.9213660187
808346,2018-03-31,318021.2419798429
808346,2018-04-30,320481.0378981165
808346,2018-05-31,322325.8012295094
808346,2018-06-30,323093.7663693325
808346,2018-07-31,323958.4928289759
808346,2018-08-31,324429.1581626472
808346,2018-09-30,324900.02666277817
808346,2018-10-31,325312.9786557893
808346,2018-11-30,325650.75377881894
808346,2018-12-31,326152.5278175045
808346,2019-01-31,326440.9712430574
808346,2019-02-28,327951.9551954467
808346,2019-03-31,330341.06730517297
808346,2019-04-30,333220.3314683968
808346,2019-05-31,334849.9995075657
808346,2019-06-30,335318.9447399012
808346,2019-07-31,335090.8318762036
808346,2019-08-31,334918.13074354694
808346,2019-09-30,334826.719334444
808346,2019-10-31,334921.1391557064
808346,2019-11-30,335172.57854456146
808346,2019-12-31,335947.09172756434
808346,2020-01-31,337706.5914705166
808346,2020-02-29,340586.816685044
808346,2020-03-31,344236.87840638537
808346,2020-04-30,347614.0858324377
808346,2020-05-31,349814.0857906309
808346,2020-06-30,350932.97942942666
808346,2020-07-31,351671.95603970555
808346,2020-08-31,353388.9395105354
808346,2020-09-30,356304.1211654656
808346,2020-10-31,360553.4384625744
808346,2020-11-30,365092.7002988306
808346,2020-12-31,369457.7283270184
808346,2021-01-31,373601.1927686101
808346,2021-02-28,378941.5333635197
808346,2021-03-31,385421.4509213613
808346,2021-04-30,392140.052905508
808346,2021-05-31,398537.7063353831
808346,2021-06-30,403847.5353497596
808346,2021-07-31,406799.9871606772
808346,2021-08-31,406867.1723375369
808346,2021-09-30,404875.1884978949
808346,2021-10-31,403120.0501458103
808346,2021-11-30,402078.8557686272
808346,2021-12-31,402806.03014028585
808346,2022-01-31,406498.4323515405
808346,2022-02-28,413060.2490189504
808346,2022-03-31,421923.61933169136
808346,2022-04-30,430433.5389254146
808346,2022-05-31,437526.76820101216
808346,2022-06-30,441765.097171962
808346,2022-07-31,442866.22787935287
808346,2022-08-31,441026.85100647015
808346,2022-09-30,437874.431646332
808346,2022-10-31,435204.65578686673
808346,2022-11-30,433115.3627444888
808346,2022-12-31,431334.21855247737
808346,2023-01-31,430196.0170996711
808346,2023-02-28,430661.7148378461
808346,2023-03-31,431981.9948257799
808346,2023-04-30,433788.6917307183
808346,2023-05-31,435800.5161966903
808346,2023-06-30,438820.2693771503
808346,2023-07-31,442121.45846090576
808346,2023-08-31,445387.9978955534
808346,2023-09-30,448047.5135916557
808346,2023-10-31,450006.44162629294
808346,2023-11-30,451186.73463099526
808346,2023-12-31,451999.2255392034
808346,2024-01-31,452663.15242015687
808346,2024-02-29,454134.4698678747
808346,2024-03-31,456991.992450718
808346,2024-04-30,461075.4680941985
808346,2024-05-31,465145.4112601229
808346,2024-06-30,468026.8803246984
808346,2024-07-31,470222.8229551247
808346,2024-08-31,471934.91810789023
808346,2024-09-30,473860.0904215241
808346,2024-10-31,476109.57544950576
808346,2024-11-30,478672.6615793013
808346,2024-12-31,481139.2827279311
808346,2025-01-31,482689.8927362648
808346,2025-02-28,483388.70924577833
808346,2025-03-31,482754.7929173533
808346,2025-04-30,481881.6781895575
808346,2025-05-31,480260.5750391719
808346,2025-06-30,479310.6284480829
808346,2025-07-31,479408.7962494292
808346,2025-08-31,480229.69036866334
808346,2025-09-30,481204.5693192741
808346,2025-10-31,481934.5937788305
808346,2025-11-30,482929.3817507327
808346,2025-12-31,483992.51157811616
808346,2026-01-31,484421.1221910277
808346,2026-02-28,484073.4703319818
808346,2026-03-31,482865.80748538487
808346,2026-04-30,481420.6703801022
808346,2026-05-31,480572.7681508665
808346,2026-06-30,480889.9924654085
808346,2026-07-31,481854.11438470986
808346,2026-08-31,482810.9765621528
811144,2016-09-30,419218.72655136
811144,2016-10-31,420414.23748231
811144,2016-11-30,422414.88352627866
811144,2016-12-31,424862.82470679743
811144,2017-01-31,427322.2831338964
811144,2017-02-28,429336.0031002009
811144,2017-03-31,431128.957703402
811144,2017-04-30,432410.5837321054
811144,2017-05-31,433184.68756776745
811144,2017-06-30,433590.57952456846
811144,2017-07-31,433847.8587625073
811144,2017-08-31,434392.1642032256
811144,2017-09-30,435142.8963027524
811144,2017-10-31,436530.9321334618
811144,2017-11-30,438464.8910792036
811144,2017-12-31,441268.9893305044
811144,2018-01-31,443823.1714092516
811144,2018-02-28,445656.5696574117
811144,2018-03-31,446754.9470748268
811144,2018-04-30,447314.3066369863
811144,2018-05-31,448148.1374899731
811144,2018-06-30,448755.4437826357
811144,2018-07-31,450239.7795514204
811144,2018-08-31,451855.9944916221
811144,2018-09-30,453538.0537292438
811144,2018-10-31,454621.4535884554
811144,2018-11-30,455732.6130802333
811144,2018-12-31,457215.7374525149
811144,2019-01-31,458995.3043793904
811144,2019-02-28,460580.0072863119
811144,2019-03-31,462134.06064395065
811144,2019-04-30,463631.2616350449
811144,2019-05-31,464465.5993395879
811144,2019-06-30,464919.5416432622
811144,2019-07-31,465011.0797211424
811144,2019-08-31,465770.1674399146
811144,2019-09-30,466988.233818827
811144,2019-10-31,469156.27279515495
811144,2019-11-30,471899.177428788
811144,2019-12-31,475113.9669679452
811144,2020-01-31,478561.8024961262
811144,2020-02-29,481748.1496831396
811144,2020-03-31,484437.3300742991
811144,2020-04-30,486450.1186283887
811144,2020-05-31,487360.10966616886
811144,2020-06-30,487351.5185066475
811144,2020-07-31,487037.2089569404
811144,2020-08-31,488518.0529301143
811144,2020-09-30,492190.73418475647
811144,2020-10-31,497204.7871823157
811144,2020-11-30,502457.51386901626
811144,2020-12-31,507164.2189644898
811144,2021-01-31,511251.0817627565
811144,2021-02-28,515023.4828298357
811144,2021-03-31,519021.5103765151
811144,2021-04-30,523715.383147001
811144,2021-05-31,529006.2045918434
811144,2021-06-30,533663.2041592643
811144,2021-07-31,536250.1543077013
811144,2021-08-31,536959.1022833516
811144,2021-09-30,536717.6833136071
811144,2021-10-31,537138.090006427
811144,2021-11-30,538554.7329267674
811144,2021-12-31,541170.2814674005
811144,2022-01-31,544773.228679322
811144,2022-02-28,549818.0248185452
811144,2022-03-31,557285.8989867852
811144,2022-04-30,566057.4659578343
811144,2022-05-31,574208.215382561
811144,2022-06-30,579052.6093812673
811144,2022-07-31,579768.4997149232
811144,2022-08-31,576538.4760438184
811144,2022-09-30,571328.9525604356
811144,2022-10-31,567423.5635556736
811144,2022-11-30,565430.9902134105
811144,2022-12-31,564826.2500545444
811144,2023-01-31,562415.8501553134
811144,2023-02-28,560156.2811314903
811144,2023-03-31,558602.5011001407
811144,2023-04-30,560555.0448426767
811144,2023-05-31,564908.5620220794
811144,2023-06-30,571369.5880001857
811144,2023-07-31,578146.5718500247
811144,2023-08-31,583595.5818136162
811144,2023-09-30,587792.7032024852
811144,2023-10-31,590888.3999678426
811144,2023-11-30,593936.6422009397
811144,2023-12-31,596265.0289475858
811144,2024-01-31,598871.718739477
811144,2024-02-29,601994.2970427641
811144,2024-03-31,606720.2840886093
811144,2024-04-30,611761.9788245409
811144,2024-05-31,615605.2213725002
811144,2024-06-30,617727.9253670614
811144,2024-07-31,619044.7531604043
811144,2024-08-31,620890.3715640582
811144,2024-09-30,623198.4775248381
811144,2024-10-31,626106.7523744991
811144,2024-11-30,628986.8316037763
811144,2024-12-31,632118.0036156402
811144,2025-01-31,635328.7203258957
811144,2025-02-28,638539.0181923272
811144,2025-03-31,640383.2031908884
811144,2025-04-30,640928.7891394092
811144,2025-05-31,639225.7129671569
811144,2025-06-30,636820.3665892541
811144,2025-07-31,634238.4482028898
811144,2025-08-31,632709.8867515061
811144,2025-09-30,632422.5603906804
811144,2025-10-31,633345.1181002427
811144,2025-11-30,634683.5986378
811144,2025-12-31,635190.6457055866
811144,2026-01-31,634833.2870115676
811144,2026-02-28,634048.9689849934
811144,2026-03-31,633439.4864751371
811144,2026-04-30,631923.7021636991
811144,2026-05-31,630164.977317721
811144,2026-06-30,629334.3916123345
811144,2026-07-31,629896.027318762
811144,2026-08-31,631727.4043863487
812871,2016-09-30,360752.7235718386
812871,2016-10-31,361685.191852285
812871,2016-11-30,363476.5365717453
812871,2016-12-31,365618.60252592136
812871,2017-01-31,367972.531685732
812871,2017-02-28,370339.5675264324
812871,2017-03-31,372935.64953849366
812871,2017-04-30,375759.7925496972
812871,2017-05-31,378103.6765994932
812871,2017-06-30,379980.3553992172
812871,2017-07-31,381033.4619469126
812871,2017-08-31,381727.00086247455
812871,2017-09-30,382255.91182849184
812871,2017-10-31,382748.3165736327
812871,2017-11-30,383517.59210796055
812871,2017-12-31,384371.35628074873
812871,2018-01-31,385072.7796012501
812871,2018-02-28,385420.3822980774
812871,2018-03-31,385481.4323917604
812871,2018-04-30,385548.0920663797
812871,2018-05-31,385699.0352360121
812871,2018-06-30,385747.9117463734
812871,2018-07-31,386092.0069047241
812871,2018-08-31,386208.3046357667
812871,2018-09-30,386362.2973692626
812871,2018-10-31,385683.5950487292
812871,2018-11-30,384902.2660089745
812871,2018-12-31,384246.8493027437
812871,2019-01-31,384149.86127221584
812871,2019-02-28,384510.09251624864
812871,2019-03-31,384720.0430421794
812871,2019-04-30,384563.8155054362
812871,2019-05-31,383771.2316747448
812871,2019-06-30,382961.44912467
812871,2019-07-31,381989.04957192665
812871,2019-08-31,381364.2938939331
812871,2019-09-30,381026.0281052186
812871,2019-10-31,381326.82183542574
812871,2019-11-30,382098.8311272757
812871,2019-12-31,383175.6090321247
812871,2020-01-31,384712.5038707093
812871,2020-02-29,386198.0584784864
812871,2020-03-31,387674.863245209
812871,2020-04-30,388394.11026031786
812871,2020-05-31,388328.4685955563
812871,2020-06-30,387965.8162606815
812871,2020-07-31,388243.2341693071
812871,2020-08-31,390063.7324082941
812871,2020-09-30,393479.34078960936
812871,2020-10-31,398258.580703401
812871,2020-11-30,404038.0365009403
812871,2020-12-31,410090.3330299608
812871,2021-01-31,416362.551449312
812871,2021-02-28,423262.18778230686
812871,2021-03-31,431627.87171188695
812871,2021-04-30,442512.7724230678
812871,2021-05-31,455817.24178998295
812871,2021-06-30,469842.0059715594
812871,2021-07-31,482061.46954408986
812871,2021-08-31,491518.3844790192
812871,2021-09-30,498634.292929062
812871,2021-10-31,505971.7348705882
812871,2021-11-30,514440.9034293867
812871,2021-12-31,524544.8051142114
812871,2022-01-31,538178.5382513936
812871,2022-02-28,554958.5199057785
812871,2022-03-31,573201.7056413237
812871,2022-04-30,592347.0286571445
812871,2022-05-31,609502.441321421
812871,2022-06-30,623959.0511482371
812871,2022-07-31,628129.4632465102
812871,2022-08-31,624087.3658281125
812871,2022-09-30,615102.4154644484
812871,2022-10-31,607712.8808118905
812871,2022-11-30,602527.4362874653
812871,2022-12-31,599446.5144529702
812871,2023-01-31,597238.6242458504
812871,2023-02-28,595918.6885146396
812871,2023-03-31,595256.3236850331
812871,2023-04-30,595939.9858449604
812871,2023-05-31,599379.7093466021
812871,2023-06-30,604385.7103876701
812871,2023-07-31,609103.5055117662
812871,2023-08-31,612314.9758389009
812871,2023-09-30,614422.561987867
812871,2023-10-31,615225.8047451284
812871,2023-11-30,615742.032134179
812871,2023-12-31,615534.5471107364
812871,2024-01-31,616268.4612112098
812871,2024-02-29,617459.111358584
812871,2024-03-31,620393.2878105021
812871,2024-04-30,623975.8534870603
812871,2024-05-31,626103.3503823822
812871,2024-06-30,625671.1450762135
812871,2024-07-31,623794.7652979948
812871,2024-08-31,621770.7351608486
812871,2024-09-30,620831.5772758261
812871,2024-10-31,620597.9606041564
812871,2024-11-30,621237.2131743403
812871,2024-12-31,621255.0632948861
812871,2025-01-31,620067.5234315392
812871,2025-02-28,617685.3440127725
812871,2025-03-31,614662.158628764
812871,2025-04-30,612022.0646464684
812871,2025-05-31,608659.4270342189
812871,2025-06-30,604714.1193125786
812871,2025-07-31,600787.7091527198
812871,2025-08-31,598736.8444581871
812871,2025-09-30,598391.6377626365
812871,2025-10-31,598041.1813346253
812871,2025-11-30,596808.1823715759
812871,2025-12-31,595226.4011598349
812871,2026-01-31,592825.9930513456
812871,2026-02-28,589982.41931728
812871,2026-03-31,585656.3829908312
812871,2026-04-30,581918.3895938365
812871,2026-05-31,578339.2639623604
812871,2026-06-30,576912.1266600614
812871,2026-07-31,577111.9726998069
812871,2026-08-31,578820.4450996775
812882,2016-09-30,301440.0348302718
812882,2016-10-31,302331.6877676777
812882,2016-11-30,303849.47730937315
812882,2016-12-31,305541.24856046494
812882,2017-01-31,307282.9625624441
812882,2017-02-28,308813.66448088567
812882,2017-03-31,310315.5827595265
812882,2017-04-30,311884.0981956567
812882,2017-05-31,313055.23569706804
812882,2017-06-30,314220.2654436592
812882,2017-07-31,314850.79016841087
812882,2017-08-31,315487.4983463423
812882,2017-09-30,315958.18041708827
812882,2017-10-31,316607.43596912856
812882,2017-11-30,317304.367666631
812882,2017-12-31,318059.6407240995
812882,2018-01-31,318685.0354131445
812882,2018-02-28,318997.6138403558
812882,2018-03-31,319155.6827817589
812882,2018-04-30,319210.75135304854
812882,2018-05-31,319298.4053934559
812882,2018-06-30,319067.4925311696
812882,2018-07-31,318881.9708985857
812882,2018-08-31,318616.15882764617
812882,2018-09-30,318570.40046567057
812882,2018-10-31,318117.87541139725
812882,2018-11-30,317671.6636213921
812882,2018-12-31,317329.6638309531
812882,2019-01-31,317298.06800287054
812882,2019-02-28,317571.64079366723
812882,2019-03-31,317795.50300820026
812882,2019-04-30,317834.58382834465
812882,2019-05-31,317499.1249771744
812882,2019-06-30,316925.48997038027
812882,2019-07-31,316228.5131593601
812882,2019-08-31,315654.0415099328
812882,2019-09-30,315344.1823215286
812882,2019-10-31,315493.2541123662
812882,2019-11-30,316082.5958492508
812882,2019-12-31,317005.92090390454
812882,2020-01-31,318378.7449671677
812882,2020-02-29,319678.5084711192
812882,2020-03-31,320825.3471869277
812882,2020-04-30,321283.3641119941
812882,2020-05-31,321106.53996258654
812882,2020-06-30,320848.193148432
812882,2020-07-31,321128.23205748765
812882,2020-08-31,322391.5711169641
812882,2020-09-30,324972.80497803795
812882,2020-10-31,328883.54179221165
812882,2020-11-30,333985.67668425123
812882,2020-12-31,339391.6934175081
812882,2021-01-31,344843.26055189833
812882,2021-02-28,350505.4970625262
812882,2021-03-31,357456.1905965449
812882,2021-04-30,366509.94793115306
812882,2021-05-31,377997.8443592309
812882,2021-06-30,390433.13892085897
812882,2021-07-31,401645.9929118504
812882,2021-08-31,410853.0213089495
812882,2021-09-30,418469.2927401292
812882,2021-10-31,426246.6228173328
812882,2021-11-30,434822.2753310059
812882,2021-12-31,444268.17475377023
812882,2022-01-31,457362.4074615355
812882,2022-02-28,473635.21206658566
812882,2022-03-31,491368.9930412104
812882,2022-04-30,509466.7463089819
812882,2022-05-31,525108.4187091155
812882,2022-06-30,537633.0031013074
812882,2022-07-31,540652.4944882857
812882,2022-08-31,536085.6886889752
812882,2022-09-30,527392.1432515624
812882,2022-10-31,519807.5177729794
812882,2022-11-30,514085.770797074
812882,2022-12-31,509773.0471680572
812882,2023-01-31,505937.56266342703
812882,2023-02-28,503343.192283439
812882,2023-03-31,501359.6079877776
812882,2023-04-30,500680.2169839353
812882,2023-05-31,501926.2461088165
812882,2023-06-30,504856.99944924336
812882,2023-07-31,508321.10353489016
812882,2023-08-31,511086.6033364887
812882,2023-09-30,513003.6143574347
812882,2023-10-31,513768.5989035906
812882,2023-11-30,514007.8737299579
812882,2023-12-31,513587.2620595725
812882,2024-01-31,514091.4884609265
812882,2024-02-29,515404.8202707223
812882,2024-03-31,518079.7795009091
812882,2024-04-30,520660.4574826098
812882,2024-05-31,521726.1126666682
812882,2024-06-30,520946.59601927217
812882,2024-07-31,519334.55268650735
812882,2024-08-31,518078.4447955673
812882,2024-09-30,518090.08235788817
812882,2024-10-31,518498.41436109616
812882,2024-11-30,518592.7805997147
812882,2024-12-31,517295.1407797137
812882,2025-01-31,514906.5247551631
812882,2025-02-28,511395.0739329082
812882,2025-03-31,507342.52858558856
812882,2025-04-30,503066.80365652783
812882,2025-05-31,498494.377770155
812882,2025-06-30,493485.4872161521
812882,2025-07-31,488793.4524854084
812882,2025-08-31,485073.70353095257
812882,2025-09-30,482204.48109854845
812882,2025-10-31,479110.8489888866
812882,2025-11-30,475417.3113649436
812882,2025-12-31,472232.6728482484
812882,2026-01-31,469046.6311044973
812882,2026-02-28,466538.81340141286
812882,2026-03-31,463242.142606026
812882,2026-04-30,459796.5227605216
812882,2026-05-31,455817.6114228169
812882,2026-06-30,452653.88672092574
812882,2026-07-31,450964.3485637174
812882,2026-08-31,450236.7291644812
818981,2016-09-30,515997.0346799588
818981,2016-10-31,517361.60130123206
818981,2016-11-30,519812.6810608629
818981,2016-12-31,523834.684069844
818981,2017-01-31,528393.8313094449
818981,2017-02-28,533368.4671237597
818981,2017-03-31,538135.003224148
818981,2017-04-30,542688.5010266069
818981,2017-05-31,546056.8832956762
818981,2017-06-30,549377.4498837504
818981,2017-07-31,551722.468081889
818981,2017-08-31,554022.4263314379
818981,2017-09-30,556855.8313711561
818981,2017-10-31,561002.0280079904
818981,2017-11-30,566253.6020286361
818981,2017-12-31,571976.0751230104
818981,2018-01-31,577937.3690831121
818981,2018-02-28,583700.1867517113
818981,2018-03-31,588107.0691762565
818981,2018-04-30,591338.629059492
818981,2018-05-31,594247.8583001265
818981,2018-06-30,596523.0091879905
818981,2018-07-31,597355.8346851728
818981,2018-08-31,597096.524920988
818981,2018-09-30,596127.8980070152
818981,2018-10-31,595488.8567083521
818981,2018-11-30,595068.383500454
818981,2018-12-31,594830.3208992424
818981,2019-01-31,594489.3963660414
818981,2019-02-28,594005.8010942686
818981,2019-03-31,594265.7699685497
818981,2019-04-30,595118.2225881665
818981,2019-05-31,595204.2911352755
818981,2019-06-30,595182.985211377
818981,2019-07-31,595423.3215907922
818981,2019-08-31,596431.3970620114
818981,2019-09-30,597810.3052774967
818981,2019-10-31,599351.9391286012
818981,2019-11-30,601914.3855232502
818981,2019-12-31,604543.5786156409
818981,2020-01-31,607821.3383187675
818981,2020-02-29,611658.0014643079
818981,2020-03-31,616760.6035593037
818981,2020-04-30,620974.509286307
818981,2020-05-31,621794.7479791082
818981,2020-06-30,620202.6799306948
818981,2020-07-31,619416.3916935304
818981,2020-08-31,623207.7097073632
818981,2020-09-30,631337.1402765787
818981,2020-10-31,642484.1893546977
818981,2020-11-30,655766.126995552
818981,2020-12-31,668950.0677877167
818981,2021-01-31,681253.9441356155
818981,2021-02-28,692475.960269369
818981,2021-03-31,704341.9975182768
818981,2021-04-30,718244.7203028699
818981,2021-05-31,734128.9037134112
818981,2021-06-30,749355.7849743711
818981,2021-07-31,760172.7800068944
818981,2021-08-31,763515.0671950281
818981,2021-09-30,761187.2366953586
818981,2021-10-31,757997.4235080942
818981,2021-11-30,758657.6594965825
818981,2021-12-31,762809.12940524
818981,2022-01-31,773221.2251240067
818981,2022-02-28,789846.6009832675
818981,2022-03-31,811022.0047638783
818981,2022-04-30,828345.1291000912
818981,2022-05-31,838239.2209852347
818981,2022-06-30,840398.6063911248
818981,2022-07-31,834416.1425977327
818981,2022-08-31,821644.3359543245
818981,2022-09-30,805786.192394768
818981,2022-10-31,792547.6239441378
818981,2022-11-30,782719.9862961808
818981,2022-12-31,774783.0468705022
818981,2023-01-31,765762.2628370561
818981,2023-02-28,757821.1595641337
818981,2023-03-31,753106.4389718211
818981,2023-04-30,754183.6311049658
818981,2023-05-31,759286.2178505856
818981,2023-06-30,765305.2548393388
818981,2023-07-31,771130.9496229604
818981,2023-08-31,776133.3467317271
818981,2023-09-30,780595.3915643186
818981,2023-10-31,784504.4791269143
818981,2023-11-30,785680.4586471681
818981,2023-12-31,785430.0183544294
818981,2024-01-31,783774.568790015
818981,2024-02-29,784216.3335904394
818981,2024-03-31,788147.747462153
818981,2024-04-30,794912.2681573689
818981,2024-05-31,800683.892080545
818981,2024-06-30,802328.2331796522
818981,2024-07-31,801158.802949409
818981,2024-08-31,798223.64584861
818981,2024-09-30,795249.1658844998
818981,2024-10-31,791823.3927232515
818981,2024-11-30,789661.504228806
818981,2024-12-31,787983.6012298564
818981,2025-01-31,785346.1612787902
818981,2025-02-28,780863.8982407582
818981,2025-03-31,775416.9720109879
818981,2025-04-30,770128.6526484905
818981,2025-05-31,765072.7455301974
818981,2025-06-30,759892.2245854604
818981,2025-07-31,756016.367222577
818981,2025-08-31,753664.8998475084
818981,2025-09-30,753004.393000618
818981,2025-10-31,753957.9591930691
818981,2025-11-30,755285.0653950768
818981,2025-12-31,758115.9057555835
818981,2026-01-31,758718.9969191152
818981,2026-02-28,758653.3627038868
818981,2026-03-31,757189.5540823388
818981,2026-04-30,754867.8234167484
818981,2026-05-31,752427.8577931601
818981,2026-06-30,750086.9583948021
818981,2026-07-31,750866.4427623361
818981,2026-08-31,753459.6769751487
828957,2023-10-31,771308.8706112955
828957,2023-11-30,771125.6679747992
828957,2023-12-31,770774.6537829436
828957,2024-01-31,769904.9798613727
828957,2024-02-29,769574.2298184546
828957,2024-03-31,771061.6017245003
828957,2024-04-30,774217.8646144853
828957,2024-05-31,777688.1636190038
828957,2024-06-30,778239.5285701639
828957,2024-07-31,778187.5026178531
828957,2024-08-31,777620.9944161181
828957,2024-09-30,779091.9008038858
828957,2024-10-31,780856.2753518736
828957,2024-11-30,782570.5669981817
828957,2024-12-31,783597.2315164983
828957,2025-01-31,784064.3198899524
828957,2025-02-28,784774.927595215
828957,2025-03-31,786614.9479461353
828957,2025-04-30,788769.0772165698
828957,2025-05-31,790322.2682691467
828957,2025-06-30,790386.0439447719
828957,2025-07-31,791557.0751410552
828957,2025-08-31,794337.1394640642
828957,2025-09-30,800173.1165994155
828957,2025-10-31,805553.3128393186
828957,2025-11-30,810160.3511734345
828957,2025-12-31,812521.2296211277
828957,2026-01-31,815047.3417772134
828957,2026-02-28,817768.13053852
828957,2026-03-31,821433.7121540895
828957,2026-04-30,823795.9720897883
828957,2026-05-31,825716.2926478739
828957,2026-06-30,828774.0994473156
828957,2026-07-31,833941.7482941066
828957,2026-08-31,840863.2889404492
